"id","shortCode","url","timestamp","year","owner","own_post","is_repost","media_type","product_type","language","n_words","ici_primary","ici_sub","ici_secondary","rule_applied","hits_A","hits_B","hits_C","terms_A","terms_B","terms_C","terms_D","ici_primary_v10","ici_primary_threshold1","ici_primary_threshold3","cluster_kmeans","cluster_hclust","dominant_hex","in_validation_sample","caption"
"2728756886818019756","CXefe5VMFms","https://www.instagram.com/p/CXefe5VMFms/","2021-12-14 20:19:51",2021,"inainvienna",TRUE,FALSE,"Image","feed","id",12,"D","D6","","R3-residual",0,0,0,"","","","","D","D","D",11,1,"#F2FCFD",FALSE,"Infografis angka tingkat infeksi Covid-19 di Austria dan Slovenia pada tgl 14 Desember 2021.

@safetravel.kemlu #Negaramelindungi #IndonesianWay #diesediplomatie"
"2729402109059434285","CXgyMHXsIct","https://www.instagram.com/p/CXgyMHXsIct/","2021-12-15 17:41:48",2021,"inainvienna",TRUE,FALSE,"Image","feed","id",21,"D","D3","","R3-residual",0,0,0,"","","","konsuler","D","D","D",6,2,"#FCFCFC",FALSE,"KBRI/PTRI Wina akan menyelenggarakan kegiatan Warung Konsuler di Graz, 17-18 Desember 2021, informasi lebih lanjut dan pendaftaran klik link online form berikut. https://forms.gle/NoV8NnFfNsN4iXeh9<U+2026>

#Inidiplomasi @kemlu_ri #dieseidiplomatie @info_wapena @ppiaustria#Negaramelindungi"
"2729404138448359339","CXgyppYsg-r","https://www.instagram.com/p/CXgyppYsg-r/","2021-12-15 17:45:49",2021,"inainvienna",TRUE,FALSE,"Image","feed","id",12,"D","D6","","R3-residual",0,0,0,"","","","","D","D","D",11,1,"#F2FDFD",FALSE,"Infografis angka tingkat infeksi Covid-19 di Austria dan Slovenia pada tgl 15 Desember 2021.

@safetravel.kemlu #Negaramelindungi #sahabatkemlu #IndonesianWay #diesediplomatie"
"2730094696535836218","CXjPqluMkY6","https://www.instagram.com/p/CXjPqluMkY6/","2021-12-16 16:37:50",2021,"inainvienna",TRUE,FALSE,"Sidecar","carousel_container","unknown",6,"A","A2","","max",2,0,0,"budaya; batik","","","","A","A","D",5,3,"#DDF8F7",FALSE,"Melestarikan kekayaan budaya Batik di Austria.

#inidiplomasi #IndonesianWay #Indonesiauntukdunia #WunderbaresIndonesien, #WundervollesIndonesien @diangewandte #indonesientextile @fabric.of.life#diesediplomatie #Melestarikankekayaanbudayabatikdiaustria"
"2730124155951432246","CXjWXR8MsI2","https://www.instagram.com/p/CXjWXR8MsI2/","2021-12-16 17:36:22",2021,"inainvienna",TRUE,FALSE,"Image","feed","id",12,"D","D6","","R3-residual",0,0,0,"","","","","D","D","D",11,1,"#F2FCFD",FALSE,"Infografis angka tingkat infeksi Covid-19 di Austria dan Slovenia pada tgl 16 Desember 2021.

@safetravel.kemlu #Negaramelindungi #diesediplomatie #sahabatkemlu"
"2730829734151751434","CXl2yy2MIcK","https://www.instagram.com/p/CXl2yy2MIcK/","2021-12-17 16:58:14",2021,"inainvienna",TRUE,FALSE,"Image","feed","id",12,"D","D6","","R3-residual",0,0,0,"","","","","D","D","D",11,1,"#F2FAFA",FALSE,"Infografis angka tingkat infeksi Covid-19 di Austria dan Slovenia pada tgl 17 Desember 2021.

@safetravel.kemlu #IndonesianWay #diesediplomatie #Negaramelindungi"
"2731349720926647947","CXntBmRMfaL","https://www.instagram.com/p/CXntBmRMfaL/","2021-12-18 10:11:21",2021,"inainvienna",TRUE,FALSE,"Sidecar","carousel_container","id",20,"D","D3","","R3-residual",0,0,0,"","","","WNI; lapor diri","D","D","D",5,2,"#FCFCFB",FALSE,"WNI di Austria dan Slovenia, ayo ikuti sayembara Lapor Diri pada @Portal Peduli WNI dan raih berbagai hadiah menarik sebelum 30 Desember 2021

#IniDiplomasi #IndonesianWay 
@safetravel.kemlu #diesediplomatie @ppi @info_wapena"
"2731583739719188464","CXoiPBQMf_w","https://www.instagram.com/p/CXoiPBQMf_w/","2021-12-18 17:56:18",2021,"inainvienna",TRUE,FALSE,"Image","feed","id",12,"D","D6","","R3-residual",0,0,0,"","","","","D","D","D",11,1,"#FCFBFB",FALSE,"Infografis angka tingkat infeksi Covid-19 di Austria dan Slovenia pada tgl 18 Desember 2021.

@safetravel.kemlu #Negaramelindungi #sahabatkemlu #diesediplomatie"
"2732358360097641357","CXrSXOssFON","https://www.instagram.com/p/CXrSXOssFON/","2021-12-19 19:35:20",2021,"inainvienna",TRUE,FALSE,"Image","feed","id",12,"D","D6","","R3-residual",0,0,0,"","","","","D","D","D",11,1,"#F2FAFA",FALSE,"Infografis angka tingkat infeksi Covid-19 di Austria dan Slovenia pada tgl 19 Desember 2021.

@safetravel.kemlu #Negaramelindungi #IndonesianWay #sahabatkemlu #diesediplomatie"
"2733716147444692055","CXwHFotMLRX","https://www.instagram.com/p/CXwHFotMLRX/","2021-12-21 16:33:01",2021,"inainvienna",TRUE,FALSE,"Image","feed","id",12,"D","D6","","R3-residual",0,0,0,"","","","","D","D","D",11,1,"#F2FCFD",FALSE,"Infografis angka tingkat infeksi Covid-19 di Austria dan Slovenia pada tgl 21 Desember 2021.

@safetravel.kemlu #Negaramelindungi #dieseidiplomatie"
"2734166368456990621","CXxtdNsst-d","https://www.instagram.com/p/CXxtdNsst-d/","2021-12-22 07:27:32",2021,"inainvienna",TRUE,FALSE,"Image","feed","id",11,"D","D5","","R3-residual",0,0,0,"","","","selamat","D","D","D",10,4,"#FD6766",FALSE,"KBRI/PTRI Wina mengucapkan Selamat hari Ibu.

"" Perempuan Berdaya, Indonesia Maju""

#Inidiplomasi #sahabatkemlu @ppiaustria @info_wapena"
"2734490588005202352","CXy3LOrsvmw","https://www.instagram.com/p/CXy3LOrsvmw/","2021-12-22 18:11:42",2021,"inainvienna",TRUE,FALSE,"Image","feed","id",12,"D","D6","","R3-residual",0,0,0,"","","","","D","D","D",11,1,"#F2FCFD",FALSE,"Infografis angka tingkat infeksi Covid-19 di Austria dan Slovenia pada tgl 22 Desember 2021.

@safetravel.kemlu #Negaramelindungi #diesediplomatie"
"2735154255939865800","CX1OE3nMYzI","https://www.instagram.com/p/CX1OE3nMYzI/","2021-12-23 16:10:17",2021,"inainvienna",TRUE,FALSE,"Image","feed","id",12,"D","D6","","R3-residual",0,0,0,"","","","","D","D","D",11,1,"#F1FCFD",FALSE,"Infografis angka tingkat infeksi Covid-19 di Austria dan Slovenia pada tgl 23 Desember 2021.

@safetravel.kemlu #IndonesianWay #Negaramelindungi #diesediplomatie"
"2735714848618023128","CX3NikOo4jY","https://www.instagram.com/p/CX3NikOo4jY/","2021-12-24 10:44:57",2021,"inainvienna",TRUE,FALSE,"Video","igtv","unknown",8,"D","D3","","R3-residual",0,0,0,"","","","konsuler","D","D","D",6,2,"#000000",FALSE,"KBRI/PTRI Wina menyelenggarakan Warung Konsuler di Grazz.

#Inidiplomasi @ditjen_imigrasi #IndonesianWay #sahabatkemlu @protkons_kemlu@judha.nugraha"
"2735882588650501789","CX3zrgTsHad","https://www.instagram.com/p/CX3zrgTsHad/","2021-12-24 16:17:21",2021,"inainvienna",TRUE,FALSE,"Image","feed","id",10,"D","D5","","R3-residual",0,0,0,"","","","natal; tahun baru; selamat","D","D","D",10,4,"#D01D15",FALSE,"KBRI/PTRI Wina mengucapkan Selamat Hari Natal 2021 dan Tahun Baru 2022.

#dieseidiplomatie #kemlu_ri #IndonesianWay @ppiaustria @info_wapena"
"2736473275753313557","CX55_IioDUV","https://www.instagram.com/p/CX55_IioDUV/","2021-12-25 11:51:56",2021,"inainvienna",TRUE,FALSE,"Video","igtv","id",12,"D","D5","","R3-residual",0,0,0,"","","","natal; selamat","D","D","D",10,4,"#000000",FALSE,"Guru serta murid-murid Bipa KBRI/PTRI Wina mengucapkan "" Selamat Hari Natal 2021""

@bipakemdikbud @ardhana_resvari #Inidiplomasi #IndonesianWay #sahabatkemlu #sahabatkemdikbud #diesediplomatie"
"2737451661284970145","CX9YchEsY6h","https://www.instagram.com/p/CX9YchEsY6h/","2021-12-26 20:14:49",2021,"inainvienna",TRUE,FALSE,"Image","feed","id",12,"D","D6","","R3-residual",0,0,0,"","","","","D","D","D",11,1,"#F2FEFE",FALSE,"Infografis angka tingkat infeksi Covid-19 di Austria dan Slovenia pada tgl 26 Desember 2021.

@safetravel.kemlu #Negaramelindungi #IndonesianWay #diesediplomatie"
"2737869181120764601","CX-3YOuMVq5","https://www.instagram.com/p/CX-3YOuMVq5/","2021-12-27 10:04:21",2021,"inainvienna",TRUE,FALSE,"Sidecar","carousel_container","en",17,"D","D6","","R3-residual",0,1,0,"","export","","","D","B","D",7,3,"#DAD3BF",FALSE,"Indonesia one of the largest producer of canned pineapple in the world, exporting to more than 60 countries.

#Inidiplomasi #IndonesianWay  #diesediplomatie #indonesischespezialit<U+00E4>ten #BanggaProdukIndonesia"
"2737901139149328483","CX--pR9IhBj","https://www.instagram.com/p/CX--pR9IhBj/","2021-12-27 11:10:44",2021,"inainvienna",TRUE,TRUE,"Video","feed","id",58,"A","A1","","max",6,0,0,"destinasi; danau; toba; budaya; UNESCO","","","","A","A","A",3,5,"#3B5B7B",FALSE,"Reposted from @kemenparekraf.ri Diajak keliling Danau Toba, siapa yang bisa nolak?<U+0001F648>

Danau vulkanik ini memiliki sejuta pesona yang langsung bikin #SobatParekraf jatuh cinta! <U+2764><U+FE0F>

Dari perbukitan hijau, air terjun yang megah, hingga budaya setempat yang masih terjaga dengan baik, membuat destinasi #DiIndonesiaAja ini ditetapkan UNESCO sebagai Geopark Dunia<U+0001F44F><U+0001F3FB>

Kalau dikasih kesempatan berkunjung, kira-kira butuh berapa hari buat #SobatParekraf bisa menjelajahi seluruh keindahan #DanauToba? <U+0001F60B>

#WonderfulIndonesia 
#BangkitBersamaKemenparekraf #indonesiangeopark
#IndonesianTourism#unescoglobalgeopark#diesediplomatie #indonesischreisen"
"2738099912812147342","CX_r10WsjKO","https://www.instagram.com/p/CX_r10WsjKO/","2021-12-27 17:42:47",2021,"inainvienna",TRUE,FALSE,"Image","feed","id",12,"D","D6","","R3-residual",0,0,0,"","","","","D","D","D",11,1,"#F2FCFD",FALSE,"Infografis angka tingkat infeksi Covid-19 di Austria dan Slovenia pada tgl 27 Desember 2021.

@safetravel.kemlu #Negaramelindungi #IndonesianWay #diesediplomatie"
"2738590247374943713","CYBbVIAIfXh","https://www.instagram.com/p/CYBbVIAIfXh/","2021-12-28 09:57:13",2021,"inainvienna",TRUE,TRUE,"Video","feed","id",41,"D","D1","","R3-residual",0,0,0,"","","","menerima kunjungan","D","D","D",5,2,"#1D1210",FALSE,"Reposted from @petrusgolose88 Jumat 24 Desember 2021, Saya menerima kunjungan  Duta Besar Negara Sahabat Austria Dr. (iur). Damos Dumoli Agusman, SH., M.A. di ruang kerja Kepala BNN RI. Saya berharap kunjungan ini dapat meningkatkan kerjasama antara BNN RI dengan KBRI Austria  dalam penanggulangan masalah narkotika. 

#Inidiplomasi #IndonesianWay @infobnn_ri #diesediplomatie #sahabatkemlu #@info_wapena @ppiaustria"
"2738633386002331397","CYBlI3-sbcF","https://www.instagram.com/p/CYBlI3-sbcF/","2021-12-28 11:22:42",2021,"inainvienna",TRUE,FALSE,"Sidecar","carousel_container","en",18,"D","D6","","R3-residual",0,1,0,"","export","","","D","B","D",7,3,"#2A313B",FALSE,"Captionnya: Indonesia one of the largest producer of canned pineapple in the world, exporting to more than 60 countries.

#Inidiplomasi #indonesiageopark #Indonesientourismus #unescoglobalgeopark #diesediplomatie"
"2738775023303148491","CYCFV9_skPL","https://www.instagram.com/p/CYCFV9_skPL/","2021-12-28 16:04:06",2021,"inainvienna",TRUE,FALSE,"Image","feed","id",12,"D","D6","","R3-residual",0,0,0,"","","","","D","D","D",11,1,"#F2FDFD",FALSE,"Infografis angka tingkat infeksi Covid-19 di Austria dan Slovenia pada tgl 28 Desember 2021.

@safetravel.kemlu #Negaramelindungi #IndonesianWay #diesediplomatie"
"2738795578781724916","CYCKBFxsfD0","https://www.instagram.com/p/CYCKBFxsfD0/","2021-12-28 16:44:56",2021,"inainvienna",TRUE,TRUE,"Image","feed","mixed",45,"A","A1","","max",2,0,0,"travel; visit","","","citizens","A","A","D",7,2,"#CBC5C5",FALSE,"Reposted from @ditjen_imigrasi Pemerintah Indonesia melarang masuk orang asing pelaku perjalanan internasional yang pernah singgah di 13 negara ini. 

Simak informasi selengkapnya di www.imigrasi.go.id

____________________________________________________

The Indonesian government prohibits non-Indonesian citizens as international travellers who have been in following 13 countries to enter Indonesia. 

For more details, please visit www.imigrasi.go.id 

@safetravel.kemlu #Negaramelindungi #diesediplomatie"
"2739275806632277445","CYD3NU0I3XF","https://www.instagram.com/p/CYD3NU0I3XF/","2021-12-29 08:39:25",2021,"inainvienna",TRUE,TRUE,"Video","feed","id",61,"A","A2","","max",9,0,0,"budaya; kuliner; warisan; UNESCO; keberagaman","","","","A","A","A",3,5,"#130F0C",FALSE,"Reposted from @kemenparekraf.ri Kuliner Indonesia memang selalu juara<U+0001F924><U+0001F44F><U+0001F3FB>

Bukan sekadar santapan perut biasa, kuliner Nusantara memiliki keberagaman cita rasa khas dan cara mengolah yang unik, mengikuti budaya dan tradisi setempat. Bahkan, beberapa di antaranya berhasil diakui UNESCO sebagai Warisan Budaya Dunia!<U+0001F44F><U+0001F3FB>

Kali ini, Mimin mau ngasih 5 kuliner Indonesia super lezat versi Mimin~

Mau tahu juga dong, apa sih kuliner super lezat versi #SobatParekraf?<U+0001F60B>

#WonderfulIndonesia
#BangkitBersamaKemenparekraf 
#diesediplomatie #IndonesienImbiss #IndonesienKulinarisch #WundervollesIndonesien #WunderbaresIndonesien @kemenparekraf.ri #IndonesianWay #sahabatkemlu"
"2739493850395510027","CYEoyR5MQUL","https://www.instagram.com/p/CYEoyR5MQUL/","2021-12-29 15:52:17",2021,"inainvienna",TRUE,FALSE,"Image","feed","id",12,"D","D6","","R3-residual",0,0,0,"","","","","D","D","D",11,1,"#F2FDFD",FALSE,"Infografis angka tingkat infeksi Covid-19 di Austria dan Slovenia pada tgl 29 Desember 2021.

@safetravel.kemlu #Negaramelindungi #IndonesianWay #diesediplomatie"
"2740090210866089168","CYGwYd3MszQ","https://www.instagram.com/p/CYGwYd3MszQ/","2021-12-30 11:37:09",2021,"inainvienna",TRUE,FALSE,"Sidecar","carousel_container","en",37,"A","A1","","max",3,0,0,"gunung; tourism","","","","A","A","A",7,3,"#9ACAE7",FALSE,"Nglanggeran Village won the Best Tourism Village 2021 award from the UNWTO (The World Tourism Organization). The village is located in the Kapanewon Patuk, Gunungkidul Regency has managed to beat famous villages from various countries in the world.
#iniDiplomasi 
@Kemlu_RI
#IndonesianWay #wonderfulindonesia#WundervollesIndonesien #WunderbaresIndonesien #IndonesianTourism  #diesediplomatie"
"2740203921786065097","CYHKPLaMNDJ","https://www.instagram.com/p/CYHKPLaMNDJ/","2021-12-30 15:23:04",2021,"inainvienna",TRUE,FALSE,"Sidecar","carousel_container","id",15,"D","D6","","R3-residual",0,0,0,"","","","","D","D","D",4,6,"#FBFAFA",FALSE,"Surat Edaran sehubungan dengan diumumkannya aturan keimigrasian dari pemerintah Indonesia terkait penanganan peyebaran virus Covid-19.

@safetravel.kemlu #Negaramelindungi #IndonesianWay #sahabatkemlu @ppiaustria @info_wapena #diesediplomatie"
"2740205278224164783","CYHKi6sM6ev","https://www.instagram.com/p/CYHKi6sM6ev/","2021-12-30 15:25:46",2021,"inainvienna",TRUE,FALSE,"Sidecar","carousel_container","en",22,"D","D6","","R3-residual",0,0,1,"","","regulation","","D","C","D",8,7,"#FBFBFB",FALSE,"Circular Note Referring to adoption of the latest immigration regulation issued by the Government of Indonesia related to situation of the Covid-19.

@safetravel.kemlu #Negaramelindungi #IndonesianWay #sahabatkemlu @ppiaustria @info_wapena #diesediplomatie"
"2740229431308230737","CYHQCZAMqBR","https://www.instagram.com/p/CYHQCZAMqBR/","2021-12-30 16:13:45",2021,"inainvienna",TRUE,FALSE,"Sidecar","carousel_container","en",17,"D","D6","","R3-residual",0,0,0,"","","","","D","D","D",7,3,"#7FA5C7",FALSE,"Indonesia<U+2019>s made syringes, have won the trust of UNICEF and various countries in carrying out vaccination programs.

 #iniDiplomasi 
@Kemlu_RI
#IndonesianWay  #IndonesianWay #diesediplomatie"
"2740261562646442615","CYHXV9pMrJ3","https://www.instagram.com/p/CYHXV9pMrJ3/","2021-12-30 17:17:35",2021,"inainvienna",TRUE,FALSE,"Image","feed","id",12,"D","D6","","R3-residual",0,0,0,"","","","","D","D","D",11,1,"#F2FAFA",FALSE,"Infografis angka tingkat infeksi Covid-19 di Austria dan Slovenia pada tgl 29 Desember 2021.

@safetravel.kemlu #IndonesianWay #Negaramelindungi @sahabatkemlu #diesediplomatie"
"2740866180258526441","CYJg0TrMPTp","https://www.instagram.com/p/CYJg0TrMPTp/","2021-12-31 13:18:51",2021,"inainvienna",TRUE,FALSE,"Image","feed","unknown",1,"U","U","","U",0,0,0,"","","","","U","U","U",7,3,"#B9DAFA",FALSE,"Announcement 

#Inidiplomasi #IndonesianWay #diesediplomatie"
"2740927510906730327","CYJuwySsPdX","https://www.instagram.com/p/CYJuwySsPdX/","2021-12-31 15:20:43",2021,"inainvienna",TRUE,FALSE,"Image","feed","id",12,"D","D6","","R3-residual",0,0,0,"","","","","D","D","D",11,1,"#F2FCFD",FALSE,"Infografis angka tingkat infeksi Covid-19 di Austria dan Slovenia pada tgl 31 Desember 2021.

@safetravel.kemlu #Negaramelindungi #sahabatkemlu #diesediplomatie"
"2741563966859879909","CYL_ecFsaXl","https://www.instagram.com/p/CYL_ecFsaXl/","2022-01-01 12:25:14",2022,"inainvienna",TRUE,FALSE,"Image","feed","id",88,"D","D3","","R6",0,0,0,"","","persyaratan","WNI; lapor diri; tahun baru; selamat","D","D","D",5,2,"#F2FEFE",FALSE,"Yth. Bapak dan Ibu di Austria dan Slovenia,

Menjelang perayaan malam Tahun Baru 2022, KBRI/PTRI Wina telah selesai mengundi nama-nama para peserta *Sayembara Lapor Diri @ Portal Peduli WNI* periode 18-30 Desember 2021 yang telah memenuhi persyaratan dan ketentuan yang telah ditetapkan. Berikut pengumuman dimaksud.

*Selamat kepada para pemenang!*, 

Semoga Bapak dan Ibu sekalian terus mengupdate informasi kontak keluarganya di Austria dan Slovenia melalui fasilitas Lapor Diri @ Portal Peduli WNI di masa-masa yang akan datang.

*Terima kasih atas partisipasinya dan tetap jaga protokol kesehatan pemerintah setempat.*

*SELAMAT TAHUN BARU 2022!*

<U+0001F64F><U+263A><U+FE0F><U+0001F1EE><U+0001F1E9><U+0001F1E6><U+0001F1F9><U+0001F1F8><U+0001F1EE>

@ppiaustria @info_wapena #diesediplomatie"
"2741780409278849592","CYMwsFzMOI4","https://www.instagram.com/p/CYMwsFzMOI4/","2022-01-01 19:35:16",2022,"inainvienna",TRUE,FALSE,"Image","feed","id",12,"D","D6","","R3-residual",0,0,0,"","","","","D","D","D",11,8,"#F2FCFD",FALSE,"Infografis angka tingkat infeksi Covid-19 di Austria dan Slovenia pada tgl 1 Januari 2022.

@safetravel.kemlu #Negaramelindungi #IndonesianWay #sahabatkemlu #diesediplomatie"
"2742294042369883677","CYOleb5IH4d","https://www.instagram.com/p/CYOleb5IH4d/","2022-01-02 12:36:04",2022,"inainvienna",TRUE,TRUE,"Video","feed","id",78,"A","A1","","max",3,0,0,"destinasi; pantai; pulau","","","","A","A","A",3,5,"#000000",FALSE,"Reposted from @pesonaid_travel Pulo Cinta, pulau romantis rasa Maldives<U+0001F970>

Sob, kalau mau merasakan pengalaman menginap di resor yang dikelilingi pantai dan ditemani suasana romantis, enggak perlu jauh-jauh ke Maldives, #DiIndonesiaAja, ada Pulo Cinta!<U+0001F499>

Dilihat dari atas, destinasi yang berlokasi di Teluk Tomni, Provinsi Gorontalo ini terdiri dari kumpulan resor yang berbentuk menyerupai bentuk hati. Selain bentuk resornya yang unik, suguhan pemandangannya juga ciamik, yaitu gradasi biru air laut. <U+0001F60D><U+0001F30A>

Kapan nih mau ajak yang tersayang menikmati momen romantis di sini?<U+0001F618>

<U+0001F4F8>: @balnyes 
#WundervollesIndonesien
#WunderbaresIndonesien #WonderfulIndonesia#IndonesianWay #IndonesianTourism #diesediplomatie #DiIndonesiaAja"
"2742934704958254889","CYQ3JTbIK8p","https://www.instagram.com/p/CYQ3JTbIK8p/","2022-01-03 09:52:15",2022,"inainvienna",TRUE,FALSE,"Video","feed","id",29,"D","D6","","R3-residual",0,0,0,"","","","","D","D","D",5,2,"#D7CDC5",FALSE,"Kepada seluruh masyarakat dan disapora Indonesia di Austria dan Slovenia, mari kita ikuti acaraPernyataan Pers Tahunan Menteri Luar Negeri 2022
 
Kamis, 6 Januari 2022 pkl 13.00 WIB/07.00 CET di kanal Youtube Mofa Indonesia

#iniDiplomasi
@Kemlu_RI #diesediplomatie @info_wapena @ppiaustria"
"2743124446556579289","CYRiSaDseXZ","https://www.instagram.com/p/CYRiSaDseXZ/","2022-01-03 16:05:38",2022,"inainvienna",TRUE,FALSE,"Image","feed","id",12,"D","D6","","R3-residual",0,0,0,"","","","","D","D","D",11,1,"#FDFDFD",FALSE,"Infografis angka tingkat infeksi Covid-19 di Austria dan Slovenia pada tgl 3 January 2022.

@safetravel.kemlu #Negaramelindungi #IndonesianWay #diesediplomatie"
"2743724084673142138","CYTqoSkoF16","https://www.instagram.com/p/CYTqoSkoF16/","2022-01-04 11:57:27",2022,"inainvienna",TRUE,TRUE,"Video","feed","id",93,"D","D6","","R3-residual",1,0,0,"pariwisata","","","","D","A","D",3,5,"#D0C969",FALSE,"Reposted from @kemenparekraf.ri Kalau ngomongin prestasi Indonesia rasanya nggak ada habisnya, ya, Sob. Setuju, nggak?<U+0001F64C><U+0001F64C><U+0001F64C>

Tahun 2021 kita boleh berbangga karena, walau terlihat diliputi kemustahilan, kita bisa bangkit dan bersinar lebih terang<U+0001F929>

Buktinya, selain penurunan kasus Covid-19, sektor ekonomi dan pariwisata Indonesia mulai mencetak berbagai prestasi di kancah nasional maupun internasional<U+0001F44F><U+0001F3FB>

Berbagai event mancanegara pun sukses kita selenggarakan dengan protokol ketat tanpa mengurangi kemeriahan dan esensi kegiatannya. Kudos buat semuanya! Yuk, kita lebih bersemangat lagi menyongsong 2022<U+2728>

Btw, Mimin yakin deh, prestasi yang disebutin di atas masih belum semuanya.

Coba dong, #SobatParekraf sebutin prestasi Indonesia lainnya yang #BikinBangga<U+0001F447><U+0001F447><U+0001F447>

#BangkitBersamaKemenparekraf
#WonderfulIndonesia
#DiIndonesiaAja  #diesediplomatie @info_wapena @ppiaustria"
"2743747956530269236","CYTwDq-MMw0","https://www.instagram.com/p/CYTwDq-MMw0/","2022-01-04 12:44:26",2022,"inainvienna",TRUE,FALSE,"Image","feed","unknown",7,"D","D6","","R3-residual",0,0,0,"","","","","D","D","D",14,2,"#FFFFFF",FALSE,"Undangan Pernyataan Pers  Tahunan Menteri Luar Negeri 2022 .

@ppiaustria @info_wapena #diesediplomatie #Inidiplomasi #IndonesianWay"
"2743849395210542794","CYUHHzGsd7K","https://www.instagram.com/p/CYUHHzGsd7K/","2022-01-04 16:05:58",2022,"inainvienna",TRUE,FALSE,"Image","feed","id",12,"D","D6","","R3-residual",0,0,0,"","","","","D","D","D",11,8,"#F2FCFC",FALSE,"Infografis angka tingkat infeksi Covid-19 di Austria dan Slovenia pada tgl 4Januari 2022.

@safetravel.kemlu #IndonesianWay #diesediplomatie #Negaramelindungi"
"2743982391916878303","CYUlXJ8Idnf","https://www.instagram.com/p/CYUlXJ8Idnf/","2022-01-04 20:30:26",2022,"inainvienna",TRUE,TRUE,"Video","feed","id",67,"D","D6","","R3-residual",0,0,0,"","","","","D","D","D",14,2,"#E0FBFE",FALSE,"Reposted from @kemlu_ri Setiap awal tahun, dalam Pernyataan Pers Tahunan Menteri Luar Negeri RI (PPTM), Menlu RI menyampaikan capaian-capaian tahun sebelumnya dan prioritas kebijakan diplomasi untuk tahun tersebut.

#SahabatKemlu, apa saja  capaian diplomasi Indonesia selama tahun 2021?

Apa yang akan menjadi fokus politik luar negeri Indonesia untuk tahun 2022?

Mari kita saksikan bersama Pernyataan Pers Tahunan Menteri Luar Negeri RI (PPTM) 2022

<U+0001F4C5> Kamis, 6 Januari 2022
<U+0001F550> 13.00 <U+2013> selesai WIB
<U+0001F4CD> Youtube Live (MoFA Indonesia) dan https://pptm.kemlu.go.id/

#PPTM2022
#IniDiplomasi  #IndonesianWay #diesediplomatie"
"2744086921362909485","CYU9IQkoakt","https://www.instagram.com/p/CYU9IQkoakt/","2022-01-04 23:57:54",2022,"inainvienna",TRUE,FALSE,"Sidecar","carousel_container","id",15,"D","D6","","R3-residual",0,0,0,"","","","","D","D","D",4,6,"#FBFBFB",FALSE,"Surat Edaran sehubungan dengan diumumkannya aturan keimigrasian dari pemerintah Indonesia terkait penanganan peyebaran virus Covid-19.

#Inidiplomasi #IndonesianWay @ppiaustria @info_wapena #diesediplomatie"
"2744091383162747512","CYU-JL8oDp4","https://www.instagram.com/p/CYU-JL8oDp4/","2022-01-05 00:06:45",2022,"inainvienna",TRUE,FALSE,"Sidecar","carousel_container","en",22,"D","D6","","R3-residual",0,0,1,"","","regulation","","D","C","D",8,7,"#FCFCFC",FALSE,"Circular Note Referring to adoption of the latest immigration regulation issued by the Government of Indonesia related to situation of the Covid-19.

@safetravel.kemlu #IndonesianWay #SahabatKemlu @info_wapena @ppiaustria #diesediplomatie"
"2744485185677430873","CYWXrxHoBBZ","https://www.instagram.com/p/CYWXrxHoBBZ/","2022-01-05 13:09:30",2022,"inainvienna",TRUE,TRUE,"Video","feed","id",56,"D","D6","","R3-residual",1,0,0,"destinasi","","","","D","A","D",3,5,"#DB985B",FALSE,"Reposted from @pesonaid_travel Anak senja mana suaranya? <U+0001F307><U+0001F64B><U+200D><U+2642><U+FE0F><U+0001F64B><U+200D><U+2640><U+FE0F>

Setelah seharian beraktivitas, menikmati panorama terbenamnya matahari memang jadi momen yang paling indah untuk menutup hari yang lelah <U+0001F486><U+200D><U+2640><U+FE0F>

Lebih istimewa lagi jika momen ini dihabiskan bersama mereka yang tersayang, pasti jadi kenangan yang sulit dilupakan <U+0001F970>

Menurutmu, destinasi #DiIndonesiaAja manakah nih yang punya suguhan sunset terbaik, Sob? Jawab di kolom komen, ya! <U+0001F607><U+0001F60A>

<U+0001F3A5>: @echasyahrir 

#DiIndonesiaAja
#WonderfulIndonesia #IndonesianWay #diesediplomatie"
"2744635781651900930","CYW57OjMCoC","https://www.instagram.com/p/CYW57OjMCoC/","2022-01-05 18:08:23",2022,"inainvienna",TRUE,FALSE,"Image","feed","id",12,"D","D6","","R3-residual",0,0,0,"","","","","D","D","D",11,8,"#F2FDFD",FALSE,"Infografis angka tingkat infeksi Covid-19 di Austria dan Slovenia pada tgl 5 Januari 2022.

@safetravel.kemlu #Negaramelindungi #IndonesianWay #diesediplomatie"
"2744712378719549949","CYXLV3IMjn9","https://www.instagram.com/p/CYXLV3IMjn9/","2022-01-05 20:40:34",2022,"inainvienna",TRUE,FALSE,"Sidecar","carousel_container","id",15,"D","D6","","R3-residual",0,0,0,"","","","","D","D","D",4,6,"#FAFAFA",FALSE,"Surat Edaran sehubungan dengan diumumkannya aturan keimigrasian dari pemerintah Indonesia terkait penanganan penyebaran virus Covid-19.

@safetravel.kemlu #Negaramelindungi #IndonesianWay @info_wapena @ppiaustria #diesediplomatie"
"2744731949794970435","CYXPyqHMctD","https://www.instagram.com/p/CYXPyqHMctD/","2022-01-05 21:19:27",2022,"inainvienna",TRUE,FALSE,"Sidecar","carousel_container","id",15,"D","D6","","R3-residual",0,0,0,"","","","","D","D","D",4,6,"#FDFDFD",FALSE,"Surat Edaran sehubungan dengan diumumkannya aturan keimigrasian dari pemerintah Indonesia terkait penanganan peyebaran virus Covid-19.

@safetravel.kemlu #Negaramelindungi #diesediplomatie @ppiaustria @info_wapena"
"2744743171277739206","CYXSV87sFTG","https://www.instagram.com/p/CYXSV87sFTG/","2022-01-05 21:41:45",2022,"inainvienna",TRUE,FALSE,"Sidecar","carousel_container","en",22,"D","D6","","R3-residual",0,0,1,"","","regulation","","D","C","D",8,7,"#FEFEFD",FALSE,"Circular Note Referring to adoption of the latest immigration regulation issued by the Government of Indonesia related to situation of the Covid-19.

@safetravel.kemlu #Negaramelindungi #IndonesianWay @info_wapena @ppiaustria"
"2745303953279487021","CYZR2Z3swwt","https://www.instagram.com/p/CYZR2Z3swwt/","2022-01-06 16:15:55",2022,"inainvienna",TRUE,FALSE,"Image","feed","id",12,"D","D6","","R3-residual",0,0,0,"","","","","D","D","D",11,8,"#F1FCFD",FALSE,"Infografis angka tingkat infeksi Covid-19 di Austria dan Slovenia pada tgl 6 Januari 2022.

@safetravel.kemlu #Negaramelindungi #IndonesianWay #diesediplomatie"
"2745879098111870876","CYbUn3PIMec","https://www.instagram.com/p/CYbUn3PIMec/","2022-01-07 11:26:05",2022,"inainvienna",TRUE,TRUE,"Video","feed","id",49,"A","A1","","max",2,0,0,"wisata; film","","","","A","A","D",3,5,"#A19D78",FALSE,"Reposted from @pesonaid_travel Sini, main ke rumah Ibu <U+0001F440><U+0001F47B>

Familier kan dengan tempat ini, Sob? <U+0001F630>

Inilah rumah yang menjadi lokasi syuting dari film Pengabdi Setan! Rumah yang berlokasi di area perkebunan di Pangalengan, Bandung, Jawa Barat ini menyuguhkan wisata yang tak biasa <U+0001F631>

Yuk, jelajahi dan rasakan sendiri suasana seramnya seperti apa! <U+2620><U+FE0F><U+0001F47B>

#DiIndonesiaAja
#WonderfulIndonesia  #diesediplomatie #WundervollesIndonesien #WunderbaresIndonesien"
"2746041119127190558","CYb5dlEMTwe","https://www.instagram.com/p/CYb5dlEMTwe/","2022-01-07 16:40:32",2022,"inainvienna",TRUE,FALSE,"Image","feed","id",12,"D","D6","","R3-residual",0,0,0,"","","","","D","D","D",11,8,"#F1FCFD",FALSE,"Infografis angka tingkat infeksi Covid-19 di Austria dan Slovenia pada tgl 7 Januari 2022.

@safetravel.kemlu #Negaramelindungi #IndonesianWay #diesediplomatie"
"2746217891894410474","CYchp9iMDzq","https://www.instagram.com/p/CYchp9iMDzq/","2022-01-07 22:31:45",2022,"inainvienna",TRUE,FALSE,"Sidecar","carousel_container","en",22,"D","D6","","R3-residual",0,0,1,"","","regulation","","D","C","D",8,7,"#F8F8F9",FALSE,"Circular Note Referring to adoption of the latest immigration regulation issued by the Government of Indonesia related to situation of the Covid-19.

@safetravel.kemlu #Negaramelindungi #IndonesianWay @ppiaustria @info_wapena #diesediplomatie"
"2746630701425294449","CYd_hIXovxx","https://www.instagram.com/p/CYd_hIXovxx/","2022-01-08 12:13:52",2022,"inainvienna",TRUE,TRUE,"Video","feed","id",97,"D","D6","","R3-residual",1,0,0,"gunung","","","","D","A","D",3,5,"#1E7EC5",FALSE,"Reposted from @pesonaid_travel Langit biru, awan putih ~<U+2601><U+FE0F>
Terbentang indah  lukisan Yang Kuasa ~<U+0001F5BC>
'Ku melayang di udara ~
Terbang dengan balon udaraku ~ <U+0001F388><U+0001F3B6>

Jangan sambil nyanyi gitu dong, Sob <U+0001F92D>

Wah, seru banget nih pasti, kalau ngerasain langsung sensasi terbang naik balon udara dan disuguhi pemandangan Gunung Bromo yang ciamik kayak gini ya, Sob<U+0001F60D>

Iya, melalui balon udara berjenis statik ini, Sobat Pesona nggak cuma bisa ngerasain sensasi terbang aja, tapi juga diajak melihat pemandangan matahari terbit dan megahnya lanskap padang pasir Bromo pada ketinggian 50 meter.<U+0001F929>

Sobat Pesona sudah pernah naik balon udara? Ceritain dong, serunya naik balon udara di kolom komentar!

<U+0001F3A5>: @bromocreative 

#WonderfulIndonesia #DiIndonesiaAja #WundervollesIndonesien #WunderbaresIndonesien #diesediplomatie"
"2746635784075373598","CYeArF9MGwe","https://www.instagram.com/p/CYeArF9MGwe/","2022-01-08 12:22:02",2022,"inainvienna",TRUE,TRUE,"Sidecar","carousel_container","id",184,"D","D2","","R3-residual",1,0,0,"festival","","","pelajar; mahasiswa; WNI","B","A","D",5,5,"#E4E5E9",FALSE,"Reposted from @lawancovid19_id Ada 10 lokasi karantina untuk pejalan dari luar negeri yang tiba di Indonesia. Kesepuluhnya disesuaikan dengan 9 Pintu Masuk ke Indonesia yang ditetapkan melalui Berdasarkan Surat Edaran Satgas Penanganan COVID-19 No. 2/2022.

Sepuluh lokasi karantina ini ada di:
DKI Jakarta (4 tempat)
Surabaya-Jawa Timur (19 tempat)
Manado-Sulawesi Utara (2 tempat)
Batam-Kepulauan Riau (5 tempat)
Tanjung Pinang-Kepulauan Riau (2 tempat)
Nunukan-Kalimantan Utara (1 tempat)
Entikong-Kalimantan Barat (3 tempat)
Aruk-Kalimantan Barat (4 tempat)
Motaain-NTT (1 tempat)
dan terakhir lokasi lain yang ditetapkan Kasatgas Penanganan COVID-19 Daerah berdasarkan rekomendasi satgas pusat

Lokasi karantina ini sudah berlaku sejak 1 Januari 2022 dan diperuntukkan bagi WNI Pelaku Perjalanan Luar Negeri yang memenuhi kriteria, seperti Pekerja Migran lndonesia (PMI) yang menetap min. 14 hari di lndonesia, Pelajar/Mahasiswa yang kembali ke lndonesia, Pegawai Pemerintah yang lakukan perjalanan dinas, dan Perwakilan Indonesia dalam ajang perlombaan atau festival tingkat internasional.

Khusus untuk pegawai pemerintah yang melakukan perjalanan dinas yang tidak berkenan di karantina di lokasi yang ditetapkan, maka wajib karantina di Hotel Karantina terpusat dengan biaya mandiri atau sumber pembiayaan lainnya yang sah.

Untuk informasi terkait COVID-19 kunjungi situs resmi Penanganan COVID-19 dan Pemulihan Ekonomi Nasional https://covid19.go.id/ dan https://s.id/infovaksin 

#IndonesiaBangkit #SEMUAWAJIBPAKAIMASKER 
#Negaramelindungi @safetravel.kemlu #IndonesianWay @ppiaustria @info_wapena #diesediplomatie"
"2746830012126683902","CYes1e7MWL-","https://www.instagram.com/p/CYes1e7MWL-/","2022-01-08 18:47:55",2022,"inainvienna",TRUE,FALSE,"Image","feed","id",12,"D","D6","","R3-residual",0,0,0,"","","","","D","D","D",11,8,"#F1FCFD",FALSE,"Infografis angka tingkat infeksi Covid-19 di Austria dan Slovenia pada tgl 8 Januari 2021.

@safetravel.kemlu #IndonesianWay #Negaramelindungi #diesediplomatie"
"2747346151129812796","CYgiMS1IQ88","https://www.instagram.com/p/CYgiMS1IQ88/","2022-01-09 11:54:00",2022,"inainvienna",TRUE,TRUE,"Video","feed","id",119,"A","A1","","max",2,0,0,"wisata; pariwisata","","","","B","A","D",3,5,"#85B872",FALSE,"Reposted from @kemenparekraf.ri E-BIKE UNTUK PARIWISATA BERKELANJUTAN YANG LEBIH BAIK

#SobatParekraf yang hobi gowes siapa, nih?<U+0001F64B><U+0001F3FB><U+200D><U+2640><U+FE0F><U+0001F64B><U+0001F3FB><U+200D><U+2642><U+FE0F>

Gowes emang aktivitas seru yang menyehatkan, tapi ada kalanya kaki ini tak mampu lagi mengayuh pedal lebih lama, apalagi kalau udah..(isi sendiri) <U+0001F972>

Eits, semua masalah ada solusinya, kok! Kenalan dulu sama E-Run, sepeda listrik inovasi karya anak bangsa!<U+0001F929>

Mengusung konsep ramah lingkungan, E-Run akan segera diproduksi massal pada pertengahan tahun 2022 oleh PT Eran Teknikatama, dan akan berkolaborasi dengan pelaku UKM di kawasan Sentra Industri Kecil Menengah (SIKIM), Cikasarung, Majalengka.

Ayo dukung inovasi dalam negeri! 

Semoga karya ini menginspirasi dan memberi semangat berkarya untuk seluruh anak bangsa, supaya ekonomi bangkit dan lapangan kerja terbuka luas! <U+0001F1EE><U+0001F1E9><U+0001F4AA><U+0001F3FB><U+0001F609>

Asik kali ya, Sob, keliling tempat wisata pakai sepeda elektrik?

#WonderfulIndonesia
#BangkitBersamaKemenparekraf 
#IndonesianWay #diesediplomatie #WundervollesIndonesien #WunderbaresIndonesien"
"2747613009193040986","CYhe3lxMXxa","https://www.instagram.com/p/CYhe3lxMXxa/","2022-01-09 20:43:36",2022,"inainvienna",TRUE,FALSE,"Image","feed","id",12,"D","D6","","R3-residual",0,0,0,"","","","","D","D","D",11,8,"#F1FAFB",FALSE,"Infografis angka tingkat infeksi Covid-19 di Austria dan Slovenia pada tgl 9 Januari 2022.

@safetravel.kemlu #Negaramelindungi #diesediplomatie"
"2748175781668692414","CYje1AesaG-","https://www.instagram.com/p/CYje1AesaG-/","2022-01-10 15:21:44",2022,"inainvienna",TRUE,FALSE,"Image","feed","id",12,"D","D6","","R3-residual",0,0,0,"","","","","D","D","D",11,8,"#F1FCFD",FALSE,"Infografis angka tingkat infeksi Covid-19 di Austria dan Slovenia pada tgl 10 Januari 2022.

@safetravel.kemlu #Negaramelindungi #IndonesianWay #sahabatkemlu #diesediplomatie"
"2748784568385664096","CYlpQBSs_Rg","https://www.instagram.com/p/CYlpQBSs_Rg/","2022-01-11 11:31:17",2022,"inainvienna",TRUE,FALSE,"Sidecar","carousel_container","unknown",6,"D","D6","","R3-residual",0,0,0,"","","","","D","D","D",7,3,"#C0D6D8",FALSE,"Ara Village, The Phinisi Shipbuilding Centre.

#Inidiplomasi #diesediplomatie #WunderbaresIndonesien #WundervollesIndonesien"
"2748900260644400615","CYmDjkGsC3n","https://www.instagram.com/p/CYmDjkGsC3n/","2022-01-11 15:21:08",2022,"inainvienna",TRUE,FALSE,"Image","feed","id",12,"D","D6","","R3-residual",0,0,0,"","","","","D","D","D",11,8,"#F1FDFE",FALSE,"Infografis angka tingkat infeksi Covid-19 di Austria dan Slovenia pada tgl 11 Januari 2022 

@safetravel.kemlu #Negaramelindungi #IndonesianWay #diesediplomatie"
"2749658698928594986","CYowASzM6Aq","https://www.instagram.com/p/CYowASzM6Aq/","2022-01-12 16:28:01",2022,"inainvienna",TRUE,FALSE,"Image","feed","id",12,"D","D6","","R3-residual",0,0,0,"","","","","D","D","D",11,8,"#FCFBFA",FALSE,"Infografis angka tingkat infeksi Covid-19 di Austria dan Slovenia pada tgl  12 Januari 2022.

@safetravel.kemlu #Negaramelindungi #diesediplomatie"
"2750384846708904129","CYrVHIns5DB","https://www.instagram.com/p/CYrVHIns5DB/","2022-01-13 16:30:45",2022,"inainvienna",TRUE,FALSE,"Image","feed","id",12,"D","D6","","R3-residual",0,0,0,"","","","","D","D","D",11,8,"#F1FCFD",FALSE,"Infografis angka tingkat infeksi Covid-19 di Austria dan Slovenia pada tgl  13 Januari 2022.

@safetravel.kemlu #Negaramelindungi #diesediplomatie"
"2750387325081043088","CYrVrMyMUCQ","https://www.instagram.com/p/CYrVrMyMUCQ/","2022-01-13 16:35:40",2022,"inainvienna",TRUE,FALSE,"Image","feed","en",50,"A","A2","","max",3,0,0,"bahasa indonesia; culture; cultural","","","citizens","A","A","A",7,3,"#FEFCFD",FALSE,"As an aspiring word-class university wishing to expand its global network, ITS has launched the Fun Bahasa Indonesia and Cultural Course Program (FBICC) in 2020. This program has become a flagship program of ITS Global Engagement, accommodating global citizens who have interest in learning Indonesian language and culture. For Further information https://bit.ly/fbiccprogram2022

#diesediplomatie"
"2750905535316543736","CYtLgJrMsj4","https://www.instagram.com/p/CYtLgJrMsj4/","2022-01-14 09:45:16",2022,"inainvienna",TRUE,FALSE,"Sidecar","carousel_container","id",17,"D","D6","","R3-residual",0,0,0,"","","","","D","D","D",4,6,"#FBFBFB",FALSE,"Surat Edaran no 18/PK/I/2022  sehubungan dengan diumumkannya aturan keimigrasian dari pemerintah Indonesia terkait penanganan peyebaran virus Covid-19.

@safetravel.kemlu #Negaramelindungi #IndonesianWay @ppiaustria @info_wapena #diesediplomatie"
"2750932036715886696","CYtRhzBsTho","https://www.instagram.com/p/CYtRhzBsTho/","2022-01-14 10:37:55",2022,"inainvienna",TRUE,FALSE,"Sidecar","carousel_container","en",24,"D","D6","","R3-residual",0,0,1,"","","regulation","","D","C","D",8,7,"#F9F9F9",FALSE,"Circular Note No. 17/PK/2022 Referring to adoption of the latest immigration regulation issued by the Government of Indonesia related to situation of the Covid-19.

@safetravel.kemlu #Negaramelindungi #IndonesianWay #diesediplomatie"
"2750939321081209873","CYtTLzHsyQR","https://www.instagram.com/p/CYtTLzHsyQR/","2022-01-14 10:52:23",2022,"inainvienna",TRUE,FALSE,"Sidecar","carousel_container","id",17,"D","D6","","R3-residual",0,0,0,"","","","","D","D","D",4,6,"#FAFAFA",FALSE,"Surat Edaran No. 17/PK/I/2022 sehubungan dengan diumumkannya aturan keimigrasian dari pemerintah Indonesia terkait penanganan peyebaran virus Covid-19.

@safetravel.kemlu #Negaramelindungi #diesediplomatie"
"2751084205855362977","CYt0IJlMk-h","https://www.instagram.com/p/CYt0IJlMk-h/","2022-01-14 15:40:15",2022,"inainvienna",TRUE,FALSE,"Sidecar","carousel_container","en",24,"D","D6","","R3-residual",0,0,1,"","","regulation","","D","C","D",8,7,"#FBFBFA",FALSE,"Circular Note No.18 /PK/I/2022 Referring to adoption of the latest immigration regulation issued by the Government of Indonesia related to situation of the Covid-19.

@safetravel.kemlu #Negaramelindungi #diesediplomatie"
"2751100080247415603","CYt3vJwsiMz","https://www.instagram.com/p/CYt3vJwsiMz/","2022-01-14 16:11:47",2022,"inainvienna",TRUE,FALSE,"Image","feed","id",12,"D","D6","","R3-residual",0,0,0,"","","","","D","D","D",11,8,"#F1FBFB",FALSE,"Infografis angka tingkat infeksi Covid-19 di Austria dan Slovenia pada tgl 14 Januari 2022.

@safetravel.kemlu #Negaramelindungi #IndonesianWay #diesediplomatie"
"2751863158136255854","CYwlPZbMjVu","https://www.instagram.com/p/CYwlPZbMjVu/","2022-01-15 17:27:53",2022,"inainvienna",TRUE,FALSE,"Image","feed","id",12,"D","D6","","R3-residual",0,0,0,"","","","","D","D","D",11,8,"#F2FAFA",FALSE,"Infografis angka tingkat infeksi Covid-19 di Austria dan Slovenia pada tgl 15 Januari 2022.

@safetravel.kemlu #Negaramelindungi #IndonesianWay #diesediplomatie"
"2752622580563364770","CYzR6crMsui","https://www.instagram.com/p/CYzR6crMsui/","2022-01-16 18:36:43",2022,"inainvienna",TRUE,FALSE,"Image","feed","id",12,"D","D6","","R3-residual",0,0,0,"","","","","D","D","D",11,8,"#F2FCFD",FALSE,"Infografis angka tingkat infeksi Covid-19 di Austria dan Slovenia pada tgl 16 Januari 2022.

@safetravel.kemlu #Negaramelindungi #diesediplomatie"
"2753002137543948689","CY0oNuqMrmR","https://www.instagram.com/p/CY0oNuqMrmR/","2022-01-17 07:10:50",2022,"inainvienna",TRUE,TRUE,"Image","feed","id",103,"A","A1","","max",7,0,0,"destinasi; pulau; gunung; bali","","","","A","A","A",3,5,"#282B32",FALSE,"Reposted from @pesonaid_travel Pura Lempuyang, ikon Pulau Dewata yang indahnya bikin kamu dimabuk kepayang!<U+0001F970>

Kalau ke Bali tidak lengkap rasanya jika tidak berwisata ke deretan pura-nya yang indah ya, Sob. Nah, salah satu destinasi yang tak boleh dilewatkan adalah Pura Lempuyang!<U+2728>

Pura ini berlokasi di bagian timur Bali, Kabupaten Karangasem, tepatnya di puncak Gunung Lempuyang atau Bukit Bisbis. 

Nah, untuk sampai ke Pura Lempuyang, Sobat Pesona perlu menaiki 1700 anak tangga. Eits, tapi semua lelahnya bakal terbayarkan seketika, setelah disuguhkan kecantikan pemandangan Gunung Agung dari Pura Lempuyang ini. <U+0001F929><U+0001F3DE><U+FE0F>

Sobat Pesona yang udah sering ke Bali, udah pernah belum berfoto di spot yang instagenic ini?<U+0001F4F8>

<U+0001F4F8>: @furstset
#WonderfulIndonesia #DiIndonesiaAja #ItstimeforBali 
#WunderbaresIndonesien #WundervollesIndonesien #Indonesientourismus #Indonesientempeln#diesediplomatie"
"2753240714898926005","CY1edfIsWm1","https://www.instagram.com/p/CY1edfIsWm1/","2022-01-17 15:04:51",2022,"inainvienna",TRUE,FALSE,"Image","feed","id",12,"D","D6","","R3-residual",0,0,0,"","","","","D","D","D",11,8,"#F1FCFD",FALSE,"Infografis angka tingkat infeksi Covid-19 di Austria dan Slovenia pada tgl 17 Januari 2022.

@safetravel.kemlu #Negaramelindungi #IndonesianWay #diesediplomatie"
"2754108084148424070","CY4jrXsss2G","https://www.instagram.com/p/CY4jrXsss2G/","2022-01-18 19:48:09",2022,"inainvienna",TRUE,FALSE,"Image","feed","id",12,"D","D6","","R3-residual",0,0,0,"","","","","D","D","D",11,8,"#F2FAFB",FALSE,"Infografis angka tingkat infeksi Covid-19 di Austria dan Slovenia pada tgl 18 Januari 2022.

@safetravel.kemlu #Negaramelindungi #diesediplomatie"
"2754478264618745110","CY532NIIn0W","https://www.instagram.com/p/CY532NIIn0W/","2022-01-19 08:03:57",2022,"inainvienna",TRUE,TRUE,"Video","feed","id",101,"A","A1","","max",2,0,0,"pulau; liburan","","","","A","A","D",3,5,"#0E2028",FALSE,"Reposted from @pesonaid_travel Kalau kamu liburan ke kawasan Taman Nasional Bromo Tengger Semeru, jangan lupa buat mampir ke Air Terjun Madakaripura, permata tersembunyi di Desa Sapih, Kabupaten Probolinggo, Jawa Timur!<U+0001F60D><U+2728>

Air Terjun Madakaripura adalah air terjun tertinggi di Pulau Jawa dan tertinggi kedua di Indonesia. Ketinggiannya sekitar 200 meter. Tak hanya tinggi, air terjun ini juga dijuluki sebagai <U+201C>Air Terjun Abadi<U+201D> karena debit airnya yang deras.<U+0001F4A6>

Untuk menuju air terjun ini, Sobat Pesona perlu menempuh jalan yang berkelok-kelok. Tapi, jangan khawatir, kamu akan disugukan dengan indahnya pepohonan disekitarnya yang asri dan sejuk banget! <U+0001F32C><U+FE0F><U+0001F343><U+0001F976>

Kapan nih, Sobat Pesona healing di air terjun ini?<U+0001F929>

<U+0001F3A5>: @andriu_fpv

#WonderfulIndonesia #DiIndonesiaAja  #WundervollesIndonesien #WunderbaresIndonesien #IndonesianTourism #IndonesianWay #diesediplomatie"
"2754688518771109124","CY6npzkMu0E","https://www.instagram.com/p/CY6npzkMu0E/","2022-01-19 15:01:22",2022,"inainvienna",TRUE,FALSE,"Image","feed","id",12,"D","D6","","R3-residual",0,0,0,"","","","","D","D","D",11,1,"#F2FBFA",FALSE,"Infografis angka tingkat infeksi Covid-19 di Austria dan Slovenia pada tgl 19 Desember 2022.

@safetravel.kemlu #Negaramelindungi #IndonesianWay #diesediplomatie"
"2755469922404551232","CY9ZUuaMkpA","https://www.instagram.com/p/CY9ZUuaMkpA/","2022-01-20 16:53:53",2022,"inainvienna",TRUE,FALSE,"Image","feed","id",12,"D","D6","","R3-residual",0,0,0,"","","","","D","D","D",11,8,"#F1FDFD",FALSE,"Infografis angka tingkat infeksi Covid-19 di Austria dan Slovenia pada tgl 20 Januari 2022.

@safetravel.kemlu #Negaramelindungi #diesediplomatie"
"2756228244632237573","CZAFvxBM_YF","https://www.instagram.com/p/CZAFvxBM_YF/","2022-01-21 18:00:32",2022,"inainvienna",TRUE,FALSE,"Image","feed","id",12,"D","D6","","R3-residual",0,0,0,"","","","","D","D","D",11,8,"#F1FCFD",FALSE,"Infografis angka tingkat infeksi Covid-19 di Austria dan Slovenia pada tgl 21 Januari 2022.

@safetravel.kemlu #Negaramelindungi #IndonesianWay"
"2756753040536039116","CZB9EjSoO7M","https://www.instagram.com/p/CZB9EjSoO7M/","2022-01-22 11:23:33",2022,"inainvienna",TRUE,TRUE,"Video","feed","id",75,"A","A1","","max",3,0,0,"pantai; liburan","","","","A","A","A",3,5,"#2A626D",FALSE,"Reposted from @pesonaid_travel Sobat Pesona lagi cari rute campervan buat liburan? Pacitan, Jawa Timur bisa jadi pilihan!<U+0001F690><U+0001F4AF>

Ada Pantai Srau, Sungai Maron, dan Pantai Bukit Karang Bolong yang siap jadi tujuan saat plesiran bareng teman atau gebetan <U+0001F60D> 

Perpaduan deburan ombak, tebing batu karang yang menjulang tinggi, dan juga suasana sungai yang sunyi, cocok banget jadi paket lengkap buat melepas penat!<U+0001F334><U+0001F30A><U+0001F6F6> 

Buat Sobat Pesona yang udah pernah coba campervan, kasih tahu dong pengalaman terserumu di kolom komentar!<U+0001F619>

<U+0001F3A5>: @arsalbahtiar @dsyudhist
#WonderfulIndonesia #DiIndonesiaAja  #WundervollesIndonesien #WunderbaresIndonesien #IndonesianTourism #diesediplomatie #IndonesianWay"
"2756932980079408628","CZCl_BDMTX0","https://www.instagram.com/p/CZCl_BDMTX0/","2022-01-22 17:20:43",2022,"inainvienna",TRUE,FALSE,"Image","feed","id",12,"D","D6","","R3-residual",0,0,0,"","","","","D","D","D",11,8,"#F1FCFD",FALSE,"Infografis angka tingkat infeksi Covid-19 di Austria dan Slovenia pada tgl 22 Januari 2022.

@safetravel.kemlu #Negaramelindungi #IndonesianWay #diesediplomatie"
"2757046806527423560","CZC_3aMMTRI","https://www.instagram.com/p/CZC_3aMMTRI/","2022-01-22 21:06:52",2022,"inainvienna",TRUE,FALSE,"Sidecar","carousel_container","unknown",0,"U","U","","U",0,0,0,"","","","","U","U","U",NA,NA,"#4ADEB6",FALSE,"#Inidiplomasi #IndonesianWay #sahabatkemlu @info_wapena @ppiaustria"
"2757631821623689026","CZFE4f9MX9C","https://www.instagram.com/p/CZFE4f9MX9C/","2022-01-23 16:29:12",2022,"inainvienna",TRUE,FALSE,"Image","feed","id",12,"D","D6","","R3-residual",0,0,0,"","","","","D","D","D",11,8,"#F1FCFD",FALSE,"Infografis angka tingkat infeksi Covid-19 di Austria dan Slovenia pada tgl 23 Januari 2022.

@safetravel.kemlu #Negaramelindungi #IndonesianWay #diesediplomatie"
"2759132384110789545","CZKaEjrM0Op","https://www.instagram.com/p/CZKaEjrM0Op/","2022-01-25 18:10:33",2022,"inainvienna",TRUE,FALSE,"Image","feed","id",12,"D","D6","","R3-residual",0,0,0,"","","","","D","D","D",11,8,"#F2FBFB",FALSE,"Infografis angka tingkat infeksi Covid-19 di Austria dan Slovenia pada tgl 25 Januari 2022

@safetravel.kemlu #Negaramelindungi #sahabatkemlu #diesediplomatie"
"2759614160406970283","CZMHnU0Mf-r","https://www.instagram.com/p/CZMHnU0Mf-r/","2022-01-26 10:07:45",2022,"inainvienna",TRUE,FALSE,"Sidecar","carousel_container","en",72,"A","A2","","max",9,0,0,"batik; UNESCO; cultural; heritage; workshop","","","students","A","A","A",7,3,"#E1E236",FALSE,"Mr. Alfiano Tamala Charge d'affaires of the Embassy of the Rep of Indonesia in Vienna, opening the Indigo Batik workshop with Angewandte Wien students. Batik is a traditional technique of dyeing textiles with traditional patterns using hot wax, or the cloth made using said technique. Batik is considered to be one of Indonesia<U+2019>s cultural icons. 

In October 2009, the UNESCO inscribed Indonesian batik on the representative list of the Intangible Cultural Heritage of Humanity. 
#IniDiplomasi #IndonesianWay #WonderfulIndonesia #WundervollesIndonesien #wunderbaresindonesien"
"2759781281736807077","CZMtnQrsdKl","https://www.instagram.com/p/CZMtnQrsdKl/","2022-01-26 15:39:47",2022,"inainvienna",TRUE,FALSE,"Sidecar","carousel_container","id",23,"D","D2","","R3-residual",0,0,0,"","","","diaspora","D","D","D",5,2,"#FEFEFE",FALSE,"Undangan kepada seluruh masyarakat dan diaspora Indonesia di Austria dan Slovenia pada acara virtual perpisahaan pejabat KBRI/PTRI Wina, Jum'at 28 Januari 2022, 17.30 CET
https://bit.ly/PerpisahanHSWina

#sahabatkemlu @ppiaustria @info_wapena #diesediplomatie"
"2759892510157528877","CZNG52OM18t","https://www.instagram.com/p/CZNG52OM18t/","2022-01-26 19:20:47",2022,"inainvienna",TRUE,FALSE,"Image","feed","id",12,"D","D6","","R3-residual",0,0,0,"","","","","D","D","D",11,8,"#F2FCFD",TRUE,"Infografis angka tingkat infeksi Covid-19 di Austria dan Slovenia pada tgl 26 Januari 2022.

@safetravel.kemlu #Negaramelindungi #sahabatkemlu #iniDiplomasi"
"2759985417329832632","CZNcB0xM_K4","https://www.instagram.com/p/CZNcB0xM_K4/","2022-01-26 22:25:22",2022,"inainvienna",TRUE,FALSE,"Sidecar","carousel_container","id",37,"D","D6","","R3-residual",0,0,0,"","","","","D","D","D",5,2,"#13AD81",FALSE,"KUAI KBRI/PTRI Wina, Bp. Alfiano Tamala melakukan serah terima jabatan kepada Dubes/Watap RI, Y.M. Damos Dumoli Agusman di gedung KBRI/PTRI Wina. 
Pada saat yang bersamaan dilakukan pula serah terima jabatan Kepala Kanselerai KBRI/PTRI Wina. (26/01)

#Inidiplomasi #IndonesianWay #diesediplomatie"
"2760272916877785617","CZOdZfloboR","https://www.instagram.com/p/CZOdZfloboR/","2022-01-27 08:00:07",2022,"inainvienna",TRUE,TRUE,"Video","feed","id",129,"A","A1","","max",17,0,0,"wisata; pariwisata; destinasi; liburan; lombok; raja ampat; budaya","","","","A","A","A",3,5,"#12205A",FALSE,"Reposted from @pesonaid_travel Kece banget <U+0001F60E><U+0001F44F><U+0001F483>

Sobat Pesona, kalau mau liburan yang berkesan, wajib banget datengin 5 destinasi wisata ini! <U+0001F447><U+0001F3FB>

<U+0001F4CD>Desa Wisata Wae Rebo, Manggarai, NTT
<U+0001F4CD>Desa Wisata Arborek, Raja Ampat, Papua
<U+0001F4CD>Desa Wisata Sanankerto, Malang, Jawa Timur
<U+0001F4CD>Desa Wisata Senaru, Lombok Utara, NTB
<U+0001F4CD>Desa Wisata Sungai Batang, Agam, Sumatera Barat

Selain menawarkan pemandangan alam yang luar biasa, pesona desa wisata ini juga bisa didapatkan lewat berbagai aktivitas seru dan menarik yang bisa dilakukan selama di sana, seperti menyelami keindahan bawah laut, hingga ikut terlibat dalam berbagai kegiatan budaya setempat! <U+2728><U+0001F4AF>

Pokoknya juara, deh!<U+0001F49A> <U+0001F970>

Enggak heran nih ke-5 desa wisata ini jadi pemenang Anugerah Desa Wisata Indonesia (ADWI) 2021 sebagai Desa Wisata Terbaik Kategori Daya Tarik Wisata <U+0001F3C6><U+0001F64C><U+0001F3FB>

Jangan lupa, sebelum pulang, beli dulu oleh-oleh buatan masyarakat setempat demi bantu ekonomi dan pariwisata lokal! <U+0001F609> 

#DiIndonesiaAja
#WonderfulIndonesia 
#WundervollesIndonesien #WunderbaresIndonesien #diesediplomatie"
"2760518504375489576","CZPVPQxMZQo","https://www.instagram.com/p/CZPVPQxMZQo/","2022-01-27 16:04:31",2022,"inainvienna",TRUE,FALSE,"Image","feed","id",12,"D","D6","","R3-residual",0,0,0,"","","","","D","D","D",11,1,"#F2FDFD",FALSE,"Infografis angka tingkat infeksi Covid-19 di Austria dan Slovenia pada tgl 27 Jamuari 2022.

@safetravel.kemlu #IndonesianWay #Negaramelindungi #diesediplomatie"
"2761042859249542215","CZRMdoTMqRH","https://www.instagram.com/p/CZRMdoTMqRH/","2022-01-28 09:26:19",2022,"inainvienna",TRUE,TRUE,"Image","feed","id",95,"B","B3","","max",0,9,0,"","kopi; kualitas","","","B","B","B",3,5,"#715645",FALSE,"Reposted from @kemenparekraf.ri #SobatParekraf pecinta kopi Indonesia mana suaranya? Sudah pernah sruput kopi di atas?

Berbagai kopi di atas dihasilkan oleh petani papua dengan metode alami yang dipertahankan hingga hari ini, lho!

Berkat barisan pegunungan gagah yang ditopang oleh kesuburan tanah dan nutrisi yang melimpah, kita jadi bisa menyeruput secangkir kopi dengan kualitas yang luaaar biasa<U+2728>

Maka nggak heran, kalau Indonesia punya kopi dari Papua yang digemari penikmat kopi mulai dari lokal hingga mancanegara. Bahkan secara umum, Indonesia tercatat sebagai pemasok biji kopi terbesar ketiga di dunia, setelah Vietnam dan Brasil. Wih, keren, ya!

Apa kopi favorit #SobatParekraf?

#DiIndonesiaAja
#WonderfulIndonesia
#BangkitBersamaKemenparekraf 
#diesediplomatie #WundervollesIndonesien #WunderbaresIndonesien"
"2761100723498490434","CZRZnqlM5pC","https://www.instagram.com/p/CZRZnqlM5pC/","2022-01-28 11:21:17",2022,"inainvienna",TRUE,FALSE,"Sidecar","carousel_container","unknown",8,"D","D6","","R3-residual",0,0,0,"","","","","D","D","D",7,5,"#404E23",FALSE,"Some Fascinating Tourist Attractions in Binjai, North Sumatera.

#Inidiplomasi #WundervollesIndonesien #WunderbaresIndonesien #diesediplomatie"
"2761316742972085598","CZSKvKZMJVe","https://www.instagram.com/p/CZSKvKZMJVe/","2022-01-28 18:30:28",2022,"inainvienna",TRUE,FALSE,"Image","feed","id",12,"D","D6","","R3-residual",0,0,0,"","","","","D","D","D",11,8,"#F2FDFD",FALSE,"Infografis angka tingkat infeksi Covid-19 di Austria dan Slovenia pada tgl 28 Januari 2022 .

@safetravel.kemlu #Negaramelindungi #diesediplomatie #SahabatKemlu"
"2762071862051842739","CZU2bl1s6qz","https://www.instagram.com/p/CZU2bl1s6qz/","2022-01-29 19:30:46",2022,"inainvienna",TRUE,FALSE,"Image","feed","id",12,"D","D6","","R3-residual",0,0,0,"","","","","D","D","D",11,8,"#F2FDFE",FALSE,"Infografis angka tingkat infeksi Covid-19 di Austria dan Slovenia pada tgl 29 Januari 2022.

@safetravel.kemlu #IndonesianWay #Negaramelindungi #diesediplomatie"
"2762794479461132123","CZXavDvsOdb","https://www.instagram.com/p/CZXavDvsOdb/","2022-01-30 19:26:28",2022,"inainvienna",TRUE,FALSE,"Image","feed","id",12,"D","D6","","R3-residual",0,0,0,"","","","","D","D","D",11,8,"#FDFCFC",FALSE,"Infografis angka tingkat infeksi Covid-19 di Austria dan Slovenia pada tgl 30 Januari 2022.

@safetravel.kemlu #Negaramelindungi #IndonesianWay #diesediplomatie"
"2763414247360876136","CZZnp3lMs5o","https://www.instagram.com/p/CZZnp3lMs5o/","2022-01-31 15:57:50",2022,"inainvienna",TRUE,FALSE,"Image","feed","id",13,"D","D5","","R3-residual",0,0,0,"","","","selamat hari raya; imlek; selamat","D","D","D",10,4,"#C9B25A",FALSE,"Dubes dan seluruh staff KBRI/PTRI Wina mengucapkan Selamat Hari Raya Imlek 2573 Kongzili.

#Inidiplomasi #IndonesianWay #SahabatKemlu #diesediplomatie"
"2763429665152467013","CZZrKOhMIBF","https://www.instagram.com/p/CZZrKOhMIBF/","2022-01-31 16:28:28",2022,"inainvienna",TRUE,FALSE,"Image","feed","id",12,"D","D6","","R3-residual",0,0,0,"","","","","D","D","D",11,8,"#FDFCFB",FALSE,"Infografis angka tingkat infeksi Covid-19 di Austria dan Slovenia pada tgl 31 Januari 2022.

@safetravel.kemlu #IndonesianWay #diesediplomatie #Negaramelindungi"
"2763858768422879655","CZbMugFMcGn","https://www.instagram.com/p/CZbMugFMcGn/","2022-02-01 06:41:01",2022,"inainvienna",TRUE,FALSE,"Image","feed","unknown",0,"U","U","","U",0,0,0,"","","","","U","U","U",NA,NA,"#ED2907",FALSE,"#diesediplomatie #IndonesianWay#sahabatkemlu"
"2764151342333294826","CZcPQAxMfjq","https://www.instagram.com/p/CZcPQAxMfjq/","2022-02-01 16:22:19",2022,"inainvienna",TRUE,FALSE,"Image","feed","id",12,"D","D6","","R3-residual",0,0,0,"","","","","D","D","D",11,9,"#F2FDFD",FALSE,"Infografis angka tingkat infeksi Covid-19 di Austria dan Slovenia pada tgl 1 Febuari 2022.

@safetravel.kemlu #IndonesianWay #SahabatKemlu #diesediplomatie"
"2764999984157961720","CZfQNYDsi34","https://www.instagram.com/p/CZfQNYDsi34/","2022-02-02 20:28:25",2022,"inainvienna",TRUE,FALSE,"Image","feed","id",12,"D","D6","","R3-residual",0,0,0,"","","","","D","D","D",11,1,"#F2FDFD",FALSE,"Infografis angka tingkat infeksi Covid-19 di Austria dan Slovenia pada tgl  2 Febuary 2022.

@safetravel.kemlu #IndonesianWay #Negaramelindungi #diesediplomatie"
"2765436936782945277","CZgzj35sRv9","https://www.instagram.com/p/CZgzj35sRv9/","2022-02-03 10:56:34",2022,"inainvienna",TRUE,TRUE,"Sidecar","carousel_container","id",93,"A","A1","","max",8,0,0,"wisata; destinasi; budaya; kuliner; toleransi","","","imlek","A","A","A",3,5,"#E83E20",FALSE,"Reposted from @kemenparekraf.ri Nuansa merah dalam Imlek bagi orang-orang Tionghoa melambangkan keberuntungan, kegembiraan, dan kebahagiaan. <U+0001F917><U+0001F970>

Mimin setuju banget sih, buktinya di sekitar Mimin banyak yang ikut senang di minggu ini. Selain jadi hari libur nasional (pastinya!<U+0001F604>), perayaan Imlek juga banyak mengajarkan toleransi melalui akulturasi.

Baik akulturasi dalam bidang kuliner, budaya, hingga arsitektur yang ada di berbagai lokasi wisata. <U+0001F35C><U+0001F3EE><U+26E9>

Mimin udah ulas nih, sejumlah destinasi wisata bernuansa pecinan yang bisa #SobatParekraf kunjungi #DiIndonesiaAja <U+0001F446><U+0001F3FB><U+263A><U+FE0F>

Tentunya masih ada banyak lagi destinasi pecinan lainnya dengan segudang budaya dan sejarah yang harus Mimin jajaki. Kasih tau dong rekomendasi lainnya, Sob! <U+0001F447><U+0001F3FB><U+0001F609>

#Imlek
#Wonderfulindonesia
#DiIndonesiaAja 
#IndonesianWay #diesediplomatie"
"2765536999765175261","CZhKT-0M-vd","https://www.instagram.com/p/CZhKT-0M-vd/","2022-02-03 14:15:22",2022,"inainvienna",TRUE,FALSE,"Sidecar","carousel_container","en",66,"D","D6","","R3-residual",0,0,0,"","","","","D","D","D",7,2,"#CEBA66",FALSE,"Ambassador Damos Dumoli Agusman handed over copy of the letter of credence from the President of the Republic of Indonesia to the Secretary General of the Federal Ministry for European and International Affairs Austria, Peter Launsky-Tieffenthal on Thursday,
3 Feb 2022.

On the same occasion, the Ambassador  gave  Indonesian Souvenirs to the Secretary General of the Austrian Federal Ministry for European and International Affairs, Peter Launsky-Tieffenthal.

#iniDiplomasi #IndonesianWay #sahabatkemlu #diesediplomatie"
"2766286667465682557","CZj0xFRMO59","https://www.instagram.com/p/CZj0xFRMO59/","2022-02-04 15:04:50",2022,"inainvienna",TRUE,FALSE,"Sidecar","carousel_container","id",15,"D","D6","","R3-residual",0,0,0,"","","","","D","D","D",5,2,"#C8E240",FALSE,"Dubes Damos Dumoli Agusman menyapa masyarakat, dengan Tim Pastoral Keluarga Kristen Indonesia di Austria (KKIA). (03/02) 
#IniDiplomasi #kemlu_ri #sahabatkemlu #diesediplomatie"
"2766393367573262854","CZkNBxfM3IG","https://www.instagram.com/p/CZkNBxfM3IG/","2022-02-04 18:36:49",2022,"inainvienna",TRUE,FALSE,"Image","feed","id",12,"D","D6","","R3-residual",0,0,0,"","","","","D","D","D",11,8,"#F1FEFE",FALSE,"Infografis angka tingkat infeksi Covid-19 di Austria dan Slovenia pada tgl 4 Januari 2022.

@safetravel.kemlu #Negaramelindungi #IndonesianWay #diesediplomatie"
"2766836910104021358","CZlx4KqMIlu","https://www.instagram.com/p/CZlx4KqMIlu/","2022-02-05 09:18:04",2022,"inainvienna",TRUE,TRUE,"Sidecar","carousel_container","id",51,"D","D6","","R3-residual",0,0,1,"","","visa","","D","C","D",5,2,"#ABA39F",FALSE,"Reposted from @ditjen_imigrasi *Koreksi: Vitas tidak dalam rangka bekerja, untuk melakukan penanaman modal asing dengan masa berlaku 1 tahun adalah jenis Visa C313

___

Pembatasan orang asing masih berlaku di tengah kondisi melonjaknya persebaran Covid-19 di Indonesia. 

Saat ini Pemerintah hanya mengizinkan masuknya orang asing dengan tujuan kegiatan yang sesuai aturan Satuan Tugas Penanganan Covid-19.

#visa #izintinggal #infoimigrasi #Covid19 #Inidiplomasi
#diesediplomatie
@ppiaustria @info_wapena"
"2766962562694266652","CZmOcpwMj8c","https://www.instagram.com/p/CZmOcpwMj8c/","2022-02-05 13:27:43",2022,"inainvienna",TRUE,TRUE,"Sidecar","carousel_container","id",17,"C","C3","","max",1,0,3,"wisata","","regulasi; persyaratan; visa","","C","C","C",3,3,"#4C6A7B",FALSE,"Reposted from @ditjen_imigrasi Regulasi terbaru terkait Persyaratan Visa Wisata ke Indonesia bisa disimak di sini ya, Sahabat Mido. 

#VisaWisataIndonesia #VisaIndonesia #imigrasiindonesia 
@info_wapena #diesediplomatie #IndonesianWay"
"2767145156115190989","CZm39vIMFTN","https://www.instagram.com/p/CZm39vIMFTN/","2022-02-05 19:30:29",2022,"inainvienna",TRUE,FALSE,"Image","feed","id",12,"D","D6","","R3-residual",0,0,0,"","","","","D","D","D",11,9,"#F1FCFC",FALSE,"Infografis angka tingkat infeksi Covid-19 di Austria dan Slovenia pada tgl  5 Febuari 2022 

@safetravel.kemlu #sahabatkemlu #Negaramelindungi #diesediplomatie"
"2767693682008353831","CZo0r1rM2wn","https://www.instagram.com/p/CZo0r1rM2wn/","2022-02-06 13:40:19",2022,"inainvienna",TRUE,TRUE,"Sidecar","carousel_container","id",85,"A","A1","","max",2,0,0,"wisata; kebudayaan","","","warga","A","A","D",3,5,"#1C1612",FALSE,"Reposted from @kemenparekraf.ri Kamu sudah punya tiket nonton MotoGP Mandalika? Yuk, ikut Mimin ke Desa Sade!<U+0001F3CD><U+0001F920>

Acara berskala internasional ini menjadi momentum terbaik untuk menunjukkan pesona Indonesia bagian timur kepada dunia dan Desa Sade siap menyambut wisatawan yang datang.<U+0001F603><U+0001F44D>

Sekitar 40 menit waktu yang ditempuh dari Mandalika, Desa Sade akan menyuguhkan keindahan alam dan hangatnya warga lokal yang akan menjamu kamu nih, Sob!<U+0001F917><U+0001F970>

Bukan cuma itu aja, #SobatParekraf juga bisa belajar kebudayaan di desa tradisional Suku Sasak ini.<U+0001F632><U+0001F913>

Jadi gimana, Sob? Tertarik buat rencana perjalanan ke Desa Sade?<U+0001F609><U+0001F929>

#DestinasiSuperPrioritas
#WonderfulIndonesia  #WundervollesIndonesien #wunderbaresindonesien #sahabatkemlu #IndonesianWay"
"2767802472841946182","CZpNa9CMSRG","https://www.instagram.com/p/CZpNa9CMSRG/","2022-02-06 17:16:28",2022,"inainvienna",TRUE,FALSE,"Image","feed","id",12,"D","D6","","R3-residual",0,0,0,"","","","","D","D","D",11,9,"#F1FEFE",FALSE,"Infografis angka tingkat infeksi Covid-19 di Austria dan Slovenia pada tgl 6 Febuari 2022.

@safetravel.kemlu #diesediplomatie #IndonesianWay #Negaramelindungi"
"2768279311502897603","CZq513pMXHD","https://www.instagram.com/p/CZq513pMXHD/","2022-02-07 09:03:51",2022,"inainvienna",TRUE,TRUE,"Sidecar","carousel_container","id",52,"D","D6","","R3-residual",1,0,1,"wisata","","visa","","A","C","D",5,3,"#4F6E7F",FALSE,"Reposted from @ditjen_imigrasi Karena banyak yang nanya terkait penjamin Visa Kunjungan Wisata bagi orang asing, hari ini Mido jawab di konten ini yaa. 

Untuk konsultasi lebih lanjut, silakan hubungi livechat di www.imigrasi.go.id pada hari dan jam kerja. 

#Visa #VisaWisata #Imigrasi #VisaServices#diesediplomatie
#Negaramelindungi
Note: Untuk pengaduan dan pelayanan informasi akan ditanggapi pada hari Senin-Jumat Pukul 09.00 - 15.00 WIB ya Sahabat Mido."
"2768364855977067842","CZrNStJMEVC","https://www.instagram.com/p/CZrNStJMEVC/","2022-02-07 11:53:49",2022,"inainvienna",TRUE,FALSE,"Sidecar","carousel_container","en",24,"D","D6","","R3-residual",0,0,1,"","","regulation","","D","C","D",8,7,"#8DF1F5",FALSE,"Circular Note No  038/PK/I/2022 Referring to adoption of the latest immigration regulation issued by the Government of Indonesia related to situation of the Covid-19.

@safetravel.kemlu #Negaramelindungi #IndonesianWay #diesediplomatie"
"2768366769611532565","CZrNujWsOkV","https://www.instagram.com/p/CZrNujWsOkV/","2022-02-07 11:57:37",2022,"inainvienna",TRUE,FALSE,"Sidecar","carousel_container","id",17,"D","D6","","R3-residual",0,0,0,"","","","","D","D","D",4,6,"#FDFDFD",FALSE,"Surat Edaran No 038/PK/I/2022 sehubungan dengan diumumkannya aturan keimigrasian dari pemerintah Indonesia terkait penanganan peyebaran virus Covid-19.

@safetravel.kemlu #Negaramelindungi #IndonesianWay #diesediplomatie"
"2768408575355332582","CZrXO5_Myfm","https://www.instagram.com/p/CZrXO5_Myfm/","2022-02-07 13:20:41",2022,"inainvienna",TRUE,FALSE,"Sidecar","carousel_container","en",25,"D","D6","","R3-residual",0,0,1,"","","regulation","","D","C","D",8,7,"#FDFCFC",FALSE,"Circular Note No.56/PK/II/2022 Referring to adoption of the latest immigration regulation issued by the Government of Indonesia related to situation of the Covid-19.

@safetravel.kemlu #Negaramelindungi #IndonesianWay #diesediplomatie"
"2768410051171332589","CZrXkYcsDHt","https://www.instagram.com/p/CZrXkYcsDHt/","2022-02-07 13:23:37",2022,"inainvienna",TRUE,FALSE,"Sidecar","carousel_container","id",18,"D","D6","","R3-residual",0,0,0,"","","","","D","D","D",4,6,"#FDFDFD",FALSE,"Surat Edaran No.56/PK/II/2022 sehubungan dengan diumumkannya aturan keimigrasian dari pemerintah Indonesia terkait penanganan peyebaran virus Covid-19.

@safetravel.kemlu #Negaramelindungi #IndonesianWay #diesediplomatie @info_wapena"
"2768429864484752488","CZrcEtCMkxo","https://www.instagram.com/p/CZrcEtCMkxo/","2022-02-07 14:02:59",2022,"inainvienna",TRUE,FALSE,"Sidecar","carousel_container","id",18,"D","D6","","R3-residual",0,0,0,"","","","","D","D","D",4,6,"#FAFAFB",FALSE,"Surat Edaran No.56/PK/II/2022 sehubungan dengan diumumkannya aturan keimigrasian dari pemerintah Indonesia terkait penanganan peyebaran virus Covid-19.

@safetravel.kemlu #Negaramelindungi #IndonesianWay #diesediplomatie @info_wapena"
"2768455501429623013","CZrh5xTMEjl","https://www.instagram.com/p/CZrh5xTMEjl/","2022-02-07 14:53:55",2022,"inainvienna",TRUE,FALSE,"Sidecar","carousel_container","en",25,"D","D6","","R3-residual",0,0,1,"","","regulation","","D","C","D",8,7,"#F0FBFC",FALSE,"Circular Note No.56/PK/II/2022 Referring to adoption of the latest immigration regulation issued by the Government of Indonesia related to situation of the Covid-19.

@safetravel.kemlu #Negaramelindungi #IndonesianWay #diesediplomatie"
"2768459204035569345","CZrivpns2bB","https://www.instagram.com/p/CZrivpns2bB/","2022-02-07 15:01:16",2022,"inainvienna",TRUE,FALSE,"Sidecar","carousel_container","en",25,"D","D6","","R3-residual",0,0,1,"","","regulation","","D","C","D",8,7,"#F0FBFC",FALSE,"Circular Note No.058/PK/II/2022 Referring to adoption of the latest immigration regulation issued by the Government of Indonesia related to situation of the Covid-19.

@safetravel.kemlu #Negaramelindungi #IndonesianWay #diesediplomatie"
"2768460546388833230","CZrjDLyMLPO","https://www.instagram.com/p/CZrjDLyMLPO/","2022-02-07 15:03:56",2022,"inainvienna",TRUE,FALSE,"Sidecar","carousel_container","id",18,"D","D6","","R3-residual",0,0,0,"","","","","D","D","D",4,6,"#EEF9FA",FALSE,"Surat Edaran No.058/PK/II/2022 sehubungan dengan diumumkannya aturan keimigrasian dari pemerintah Indonesia terkait penanganan peyebaran virus Covid-19.

@safetravel.kemlu #Negaramelindungi #IndonesianWay #diesediplomatie"
"2768586341082041981","CZr_pvOMY59","https://www.instagram.com/p/CZr_pvOMY59/","2022-02-07 19:13:52",2022,"inainvienna",TRUE,FALSE,"Image","feed","id",12,"D","D6","","R3-residual",0,0,0,"","","","","D","D","D",11,9,"#F1FDFD",FALSE,"Infografis angka tingkat infeksi Covid-19 di Austria dan Slovenia pada tgl 7 Febuari 2022.

@safetravel.kemlu #Negaramelindungi #IndonesianWay #diesediplomatie"
"2769044372207070361","CZtny98smyZ","https://www.instagram.com/p/CZtny98smyZ/","2022-02-08 10:23:54",2022,"inainvienna",TRUE,FALSE,"Sidecar","carousel_container","en",32,"D","D6","","R3-residual",1,0,0,"holiday","","","","D","A","D",7,3,"#473D2F",FALSE,"An escape from the hustle and bustle of your daily life. Warm-up vacation will be the best gateway for your unforgettable holiday.
Curious about this? Click the link to find out!
https://bit.ly/warm-upBali

#ItstimeforBali
#WonderfulIndonesia
#WundervollesIndonesien #wonderfulindonesia @tui_austria 
#diesediplomatie #IndonesianWay #Inidiplomasi @safetravel.kemlu@kemenparekraf.ri"
"2769228291179257032","CZuRnV1s5zI","https://www.instagram.com/p/CZuRnV1s5zI/","2022-02-08 16:29:18",2022,"inainvienna",TRUE,FALSE,"Image","feed","id",12,"D","D6","","R3-residual",0,0,0,"","","","","D","D","D",11,9,"#F1FDFD",FALSE,"Infografis angka tingkat infeksi Covid-19 di Austria dan Slovenia pada tgl  8 Febuari 2022.

@safetravel.kemlu #Negaramelindungi #IndonesianWay #diesediplomatie"
"2769742486531248060","CZwGh3lAI-8","https://www.instagram.com/p/CZwGh3lAI-8/","2022-02-09 09:38:58",2022,"inainvienna",TRUE,TRUE,"Video","feed","id",54,"A","A1","","max",2,0,0,"wisata; budaya","","","","A","A","D",3,5,"#000000",FALSE,"Reposted from @kemenparekraf.ri [<U+0001F4CD>INDONESIA KINI - YOGYAKARTA YANG ISTIMEWA]

Pesona Yogyakarta bagai magnet yang menarik kita untuk selalu mengunjunginya <U+2763><U+FE0F>

Alam, budaya, desa wisata, dan keramahan masyarakat sana tak pernah gagal membuat kita takjub dan jatuh cinta. <U+0001F970> 

Penasaran gimana Yogyakarta bisa sebegitu memesona? 

Yuk, cari tahu istimewanya Yogyakarta dalam Indonesia Kini yang bisa #SobatParekraf tonton di Youtube Kemenparekraf! <U+0001F917>

#Yogyakarta
#DiIndonesiaAja
#WonderfulIndonesia
#BangkitBersamaKemenparekraf #diesediplomatie #IndonesianWay"
"2769934261412823841","CZwyIj2sgMh","https://www.instagram.com/p/CZwyIj2sgMh/","2022-02-09 15:51:57",2022,"inainvienna",TRUE,FALSE,"Image","feed","id",12,"D","D6","","R3-residual",0,0,0,"","","","","D","D","D",11,9,"#F1FAFA",FALSE,"Infografis angka tingkat infeksi Covid-19 di Austria dan Slovenia pada tgl 9 Febuari 2022.

@safetravel.kemlu #Negaramelindungi #IndonesianWay #diesediplomatie"
"2770516372009137453","CZy2fYmAjUt","https://www.instagram.com/p/CZy2fYmAjUt/","2022-02-10 11:13:06",2022,"inainvienna",TRUE,TRUE,"Video","feed","id",182,"A","A2","","max",2,0,0,"budaya; tarian","","","","A","A","D",3,5,"#AF9B8E",FALSE,"Reposted from @kemenparekraf.ri Disajikan dalam bentuk nyanyian hingga tarian, di tanah Papua, Sajojo sering kali ditampilkan dalam acara budaya dan adat istiadat. Bahkan, Sajojo sering kali dinyanyikan dalam acara nasional sebagai lagu yang energik dan mudah diingat oleh #SobatParekraf di seluruh Indonesia. <U+0001F917><U+2728><U+2728>

Mimin yakin banget nih di antara kamu pasti sudah hafal dan cukup sering nyanyi lagu Sajojo dong ya? Namun, kamu tau gak nih Sob makna yang terkandung di dalam lagu Sajojo? <U+0001F914><U+0001F914>

Nyatanya, lagu Sajojo ini mengisahkan tentang seorang anak gadis cantik dari desa yang sangat disayangi oleh kedua orang tuanya. Selain ibu dan ayah yang mencintainya, banyak juga laki-laki desa yang mendambakannya. Ihiw <U+0001F970><U+0001F970>

Irama yang penuh dengan keceriaan menggambarkan betapa dirinya sangat dikagumi oleh banyak orang di sekitarnya.

Nah, menurut Mimin gadis cantik ini diibaratkan negara Indonesia dan orang-orang di sekitar yang menyayanginya adalah bangsa Indonesia. Sama seperti luasnya Indonesia yang memiliki keindahan alam selalu dicintai oleh bangsanya. <U+0001F60D>

Wah lagu Sajojo dari Tanah Papua ternyata memiliki makna yang mendalam ya, Sob! 

Coba dong kasih rekomen ke Mimin, lagu dari #Papua mana lagi yang wajib kita ulas, tulis di kolom komentar ya! <U+0001F447><U+0001F447><U+0001F609>

#SelasaPapua
#DiIndonesiaAja
#WonderfulIndonesia
#BangkitBersamaKemenparekraf 
#IndonesianWay #WunderbaresIndonesien #WundervollesIndonesien #diesediplomatie"
"2770727310464134767","CZzmc8VsC5v","https://www.instagram.com/p/CZzmc8VsC5v/","2022-02-10 18:07:35",2022,"inainvienna",TRUE,FALSE,"Sidecar","carousel_container","id",69,"D","D4","","R3-residual",0,0,0,"","","","surat kepercayaan; OPEC; multilateral","D","D","D",5,2,"#C7B15C",FALSE,"Dubes Dr.Iur.Damos Dumoli Agusman telah menyerahkan surat kepercayaan dari Menteri Luar Negeri RI kepada Direktur Jenderal OPEC Fund for International Development, Dr. Abdulhamid Alkhalifa pada tanggal 10 Februari 2022 di Wina, Austria.
OPEC Fund for International Development adalah lembaga pendanaan pembangunan multilateral dimana Indonesia merupakan salah satu dari 12 kontributornya. OPEC Fund berperan membantu negara-negara berkembang dan kurang berkembang dalam menstimulasi pembangunan ekonomi dan sosial.
#IniDiplomasi #IndonesianWay #RintisKemajuan Kementerian Luar Negeri RI #diesediplomatie @opecfund"
"2770864219844967109","CZ0FlPIsvrF","https://www.instagram.com/p/CZ0FlPIsvrF/","2022-02-10 22:39:36",2022,"inainvienna",TRUE,FALSE,"Image","feed","id",12,"D","D6","","R3-residual",0,0,0,"","","","","D","D","D",11,9,"#F1FDFD",FALSE,"Infografis angka tingkat infeksi Covid-19 di Austria dan Slovenia pada tgl 10 Febuari 2022.

@safetravel.kemlu #Negaramelindungi #IndonesianWay #diesediplomatie"
"2771238513468923438","CZ1ar7PMl4u","https://www.instagram.com/p/CZ1ar7PMl4u/","2022-02-11 11:03:16",2022,"inainvienna",TRUE,FALSE,"Sidecar","carousel_container","id",65,"D","D2","","R3-residual",0,0,0,"","","","masyarakat indonesia; warga; pengajian","D","D","D",5,2,"#87DF14",FALSE,"Wina, 10 Februari 2022, Dubes/Watap RI menyapa masyarakat Indonesia perwakilan Pengurus dan Dewan Penasehat ""Warga Pengajian Austria"" (Wapena), dengan tetap melaksanakan protokol kesehatan pemerintah setempat.

Wapena merupakan wadah kegiatan warga Indonesia muslim yang bermukim di Wina, Austria yang berdiri sejak tahun 1990-an.

Dalam perkembangannya, Wapena telah menjadi wadah resmi sesuai aturan Austria dengan terdaftar sebagai organisasi resmi yaitu ""Der Indonesische Islamische Verein"". 

#IniDiplomasi Kementerian Luar Negeri RI #IndonesianWay#diesediplomatie @info_wapena"
"2771390794738821664","CZ19T6OMeog","https://www.instagram.com/p/CZ19T6OMeog/","2022-02-11 16:05:49",2022,"inainvienna",TRUE,FALSE,"Image","feed","id",12,"D","D6","","R3-residual",0,0,0,"","","","","D","D","D",11,9,"#F1FDFD",FALSE,"Infografis angka tingkat infeksi Covid-19 di Austria dan Slovenia pada tgl  11 Febuari 2022.

@safetravel.kemlu #Negaramelindungi #IndonesianWay #diesediplomatie"
"2771926267907284411","CZ33EEeMB27","https://www.instagram.com/p/CZ33EEeMB27/","2022-02-12 09:49:42",2022,"inainvienna",TRUE,TRUE,"Sidecar","carousel_container","id",117,"A","A1","","max",3,0,0,"bali; labuan bajo","","","","A","A","A",1,3,"#132743",FALSE,"Reposted from @kemenparekraf.ri Indonesia ditunjuk menjadi tuan rumah Konferensi Tingkat Tinggi G20 2022!

#SobatParekraf sudah tahu belum nih fakta-fakta menarik seputar G20? Sini-sini merapat! <U+0001F609><U+0001F44B><U+0001F3FB>

Presidensi Indonesia dalam G20 akan menjadi momentum bagi kita semua di kancah dunia. 

Sesuai dengan tema yang diusung, ""Recover Together, Recover Stronger"", Mimin yakin forum diskusi dengan negara-negara maju dan berkembang ini jadi momentum baik untuk kita #PulihBersama bangkitkan ekonomi dan lapangan kerja!

Forum G20 yang berlangsung di Bali, akan berfokus dalam penanganan kesehatan yang inklusif, transformasi berbasis digital, dan transisi menuju energi berkelanjutan.

Psst, Mimin dapet bocoran nih dari Pak Menteri @sandiuno kalau Kemenparekraf turut aktif mendukung kesuksesan forum G20. Salah satunya dengan mempersiapkan Museum Pasifika Bali dan Labuan Bajo sebagai Venue Side Event G20 2022.

Makin ga sabar ya, Sob! <U+0001F603>

#G20Indonesia
#DiIndonesiaAja
#BangkitBersamaKemenparekraf 
#IndonesianWay #diesediplomatie"
"2772217093464073358","CZ45MI4MSSO","https://www.instagram.com/p/CZ45MI4MSSO/","2022-02-12 19:27:31",2022,"inainvienna",TRUE,FALSE,"Image","feed","id",12,"D","D6","","R3-residual",0,0,0,"","","","","D","D","D",11,9,"#F1FCFD",FALSE,"Infografis angka tingkat infeksi Covid-19 di Austria dan Slovenia pada tgl 12 Febuari 2022.

@safetravel.kemlu #Negaramelindungi #IndonesianWay #diesediplomatie"
"2772717650763060768","CZ6rANMMBYg","https://www.instagram.com/p/CZ6rANMMBYg/","2022-02-13 12:02:02",2022,"inainvienna",TRUE,TRUE,"Sidecar","carousel_container","id",41,"D","D1","","R3-residual",0,0,0,"","","","pertemuan; meeting","D","D","D",1,3,"#FFFFFF",FALSE,"Reposted from @kemlu_ri #SahabatKemlu, Indonesia telah melaksanakan Think-20 (T20) Inception Meeting (9/2), yang merupakan pertemuan pertama dari rangkaian kegiatan T20 di bawah Presidensi G20 Indonesia.

Presidensi G20 Indonesia memerlukan masukan dan ide dari  think tanks dan lembaga penelitian, agar kerja G20 membawa manfaat nyata bagi dunia, khususnya negara berkembang. 

#IniDiplomasi 
#indonesiauntukdunia 
#IndonesianWay @g20org #diesediplomatie"
"2772820603083777811","CZ7CaXAsWcT","https://www.instagram.com/p/CZ7CaXAsWcT/","2022-02-13 15:26:35",2022,"inainvienna",TRUE,FALSE,"Image","feed","id",12,"D","D6","","R3-residual",0,0,0,"","","","","D","D","D",11,9,"#F1FDFE",FALSE,"Infografis angka tingkat infeksi Covid-19 di Austria dan Slovenia pada tgl 13 Febuari 2022.

@safetravel.kemlu #Negaramelindungi #IndonesianWay #diesediplomatie"
"2773413366275815841","CZ9JMMwMLmh","https://www.instagram.com/p/CZ9JMMwMLmh/","2022-02-14 11:04:18",2022,"inainvienna",TRUE,TRUE,"Sidecar","carousel_container","id",34,"A","A1","","max",2,0,0,"gunung","","","","A","A","D",5,5,"#000000",FALSE,"Reposted from @kemlu_ri #SahabatKemlu, pastinya sudah sering melihat gambar ini baik di media sosial maupun di billboard terdekat kan?

Yuk swipe untuk mengetahui lebih lanjut terkait makna gambar Gunung Agung dan Gunung Abang dalam Presidensi G20 Indonesia!

#iniDiplomasi #IndonesiauntukDunia #PulihBersama #G20 #G20Indonesia #RecoverTogetherRecoverStronger"
"2773535449697983905","CZ9k8vzM52h","https://www.instagram.com/p/CZ9k8vzM52h/","2022-02-14 15:06:52",2022,"inainvienna",TRUE,FALSE,"Image","feed","id",12,"D","D6","","R3-residual",0,0,0,"","","","","D","D","D",11,9,"#F2FCFC",FALSE,"Infografis angka tingkat infeksi Covid-19 di Austria dan Slovenia pada tgl  14 Febuari 2022.

@safetravel.kemlu #IndonesianWay #Negaramelindungi #diesediplomatie"
"2774281338624299590","CaAOi2_slJG","https://www.instagram.com/p/CaAOi2_slJG/","2022-02-15 15:48:49",2022,"inainvienna",TRUE,FALSE,"Sidecar","carousel_container","id",19,"D","D1","","R3-residual",0,0,0,"","","","pertemuan","D","D","D",9,10,"#FDFDFD",FALSE,"Surat Edaran Satugan Tugas Penanganan Covid-19 No.6 tahun 2022, tentang Protokol Kesehatan Sistem Bubble pada Rangkaian Kegiatan Pertemuan G20 di Indonesia.

@safetravel.kemlu #Negaramelindungi #IndonesianWay @g20org #diesediplomatie"
"2774370979213963548","CaAi7TTM3Ec","https://www.instagram.com/p/CaAi7TTM3Ec/","2022-02-15 18:46:55",2022,"inainvienna",TRUE,FALSE,"Image","feed","id",12,"D","D6","","R3-residual",0,0,0,"","","","","D","D","D",11,9,"#F1FDFD",TRUE,"Infografis angka tingkat infeksi Covid-19 di Austria dan Slovenia pada tgl 15 Febuari 2022.

@safetravel.kemlu #Negaramelindungi #IndonesianWay #diesediplomatie"
"2774768262665436372","CaB9QiWM3zU","https://www.instagram.com/p/CaB9QiWM3zU/","2022-02-16 07:56:14",2022,"inainvienna",TRUE,FALSE,"Sidecar","carousel_container","en",28,"D","D1","","R3-residual",0,0,0,"","","","meeting","D","D","D",12,11,"#FDFDFD",FALSE,"Circular Letter of the Covid-19 Handling Task Force Number 6 of 2022 concerning Bubbles System Health Protocol for the Series of G20 Meeting Activities in Indonesia during the Corona Virus Disease 2019

@safetravel.kemlu #Negaramelindungi #diesediplomatie #sahabatkemlu"
"2774788093600018584","CaCBxHWAzCY","https://www.instagram.com/p/CaCBxHWAzCY/","2022-02-16 08:39:57",2022,"inainvienna",TRUE,TRUE,"Video","feed","en",17,"D","D6","","R3-residual",0,0,0,"","","","","D","D","D",7,3,"#BBC0CD",FALSE,"Reposted from @motogp Back in Indonesia after 25 years! <U+0001F1EE><U+0001F1E9> A new challenge awaits as the same passion we know returns <U+2764><U+FE0F> #MotoGP #MandalikaTest #Motorcycle #Racing #Motorsport #IndonesianWay #diesediplomatie"
"2775091884441326576","CaDG12nMdPw","https://www.instagram.com/p/CaDG12nMdPw/","2022-02-16 18:39:13",2022,"inainvienna",TRUE,FALSE,"Image","feed","id",12,"D","D6","","R3-residual",0,0,0,"","","","","D","D","D",11,9,"#F1FDFD",FALSE,"Infografis angka tingkat infeksi Covid-19 di Austria dan Slovenia pada tgl 16 Febuari 2022.

@safetravel.kemlu #Negaramelindungi #IndonesianWay #diesediplomatie"
"2775530220876289847","CaEqgfOsVc3","https://www.instagram.com/p/CaEqgfOsVc3/","2022-02-17 09:10:07",2022,"inainvienna",TRUE,FALSE,"Sidecar","carousel_container","id",17,"D","D6","","R3-residual",0,0,0,"","","","","D","D","D",9,10,"#FBFBFB",FALSE,"Surat Edaran Satugan Tugas Penanganan Covid-19 No.7 tahun 2022, tentang Protokol Kesehatan Perjalanan Luar Negeri pada masa pandemi.

@safetravel.kemlu #Negaramelindungi #IndonesianWay #diesediplomatie"
"2775536481864943687","CaEr7mOsohH","https://www.instagram.com/p/CaEr7mOsohH/","2022-02-17 09:22:33",2022,"inainvienna",TRUE,FALSE,"Sidecar","carousel_container","en",21,"D","D6","","R3-residual",1,0,0,"travel","","","","D","A","D",12,11,"#FAFAF8",FALSE,"Circular Letter of the Covid-19 Handling Task Force Number 7 of 2022 concerning Health Protocol for Overseas Travel during the Corona Virus Diseases 2019.

@safetravel.kemlu #Negaramelindungi #IndonesianWay #diesediplomatie"
"2775678633815297898","CaFMQLjM89q","https://www.instagram.com/p/CaFMQLjM89q/","2022-02-17 14:04:59",2022,"inainvienna",TRUE,FALSE,"Image","feed","en",27,"D","D6","","R3-residual",0,0,0,"","","","","D","D","D",7,3,"#4DC2F7",FALSE,"Come join the Indonesian language online course for Austrian and Slovenian 

its free and fun, 
Registration online 
https://bit.ly/2022BipaSummer

Information: pensosbud.wina@kemlu.go.id

Summer Semester will start on
1st March 2022"
"2775862635708637229","CaF2FwqsWAt","https://www.instagram.com/p/CaF2FwqsWAt/","2022-02-17 20:10:34",2022,"inainvienna",TRUE,FALSE,"Image","feed","id",12,"D","D6","","R3-residual",0,0,0,"","","","","D","D","D",11,9,"#F1FCFC",FALSE,"Infografis angka tingkat infeksi Covid-19 di Austria dan Slovenia pada tgl 17 Febuari 2022.

@safetravel.kemlu #Negaramelindungi #IndonesianWay #diesediplomatie"
"2776242128211258819","CaHMYGmga3D","https://www.instagram.com/p/CaHMYGmga3D/","2022-02-18 08:47:38",2022,"inainvienna",TRUE,FALSE,"Video","clips","id",48,"A","A2","","max",2,0,0,"masakan","","","","A","A","D",5,5,"#F3CCB5",FALSE,"Masakan Indonesia sudah dikenal dengan hidangan masakan yang
bervariasi di seluruh pelosok negerinya, termasuk dengan olahan Mienya. Seperti Mie
Kocok Bandung, Mie Aceh dan Mie Celor Palembang. Nah, simak sama-sama yuk
tentang macam-macam olahan mie dari berbagai daerah ini, dan sebutkan yang mana
paling kalian suka.

#Inidiplomasi #WundervollesIndonesien #WundervollesIndonesien #IndonesienKulinarisch #diesediplomatie #IndonesianWay"
"2776525800922525399","CaIM4FZsa7X","https://www.instagram.com/p/CaIM4FZsa7X/","2022-02-18 18:08:09",2022,"inainvienna",TRUE,FALSE,"Image","feed","id",12,"D","D6","","R3-residual",0,0,0,"","","","","D","D","D",11,9,"#F2FEFE",FALSE,"Infografis angka tingkat infeksi Covid-19 di Austria dan Slovenia pada tgl 18 Febuari 2022.

@safetravel.kemlu #Negaramelindungi #IndonesianWay #diesediplomatie"
"2776987024631008307","CaJ1vxdAAwz","https://www.instagram.com/p/CaJ1vxdAAwz/","2022-02-19 09:25:45",2022,"inainvienna",TRUE,TRUE,"Video","feed","id",102,"A","A1","","max",5,0,0,"destinasi; raja ampat","","","","A","A","A",3,5,"#000000",FALSE,"Reposted from @pesonaid_travel Raja Ampat memang tak pernah mengecewakan hati para pengunjungnya.<U+0001F970>

Sobat Pesona, sudah tahu belum kalau berkunjung ke Raja Ampat waktu terbaiknya adalah pada bulan Oktober - Mei?<U+2728>

Iya, karena pada bulan-bulan tersebut laut mulai tenang dan cuaca juga sangat bersahabat, sehingga tidak terlalu terik dan kamu bisa melihat pemandangan Raja Ampat lebih jelas. <U+0001F60D><U+0001F3DE><U+FE0F>

Tips lagi nih, kalau kamu ingin menyaksikan panorama Raja Ampat dari perspektif yang lebih luas, kamu bisa trekking ke Bukit Pianemo!<U+0001F929>

Setelah mendaki ratusan anak tangga, kamu akan disuguhkan dengan panorama surgawi destinasi berjulukan <U+201C>The Last Paradise on Earth<U+201D> #DiIndonesiaAja ini!<U+263A><U+FE0F><U+2764><U+FE0F>

Hayooo, wishlistnya siapa nih dateng ke sini?<U+0001F4DD>

<U+0001F3A5>: @qb.pixels
#WonderfulIndonesia #DiIndonesiaAja  @tui_austria #IndonesianTourism #WunderbaresIndonesien #WundervollesIndonesien #diesediplomatie"
"2777272745048806119","CaK2tjVAhLn","https://www.instagram.com/p/CaK2tjVAhLn/","2022-02-19 18:54:06",2022,"inainvienna",TRUE,FALSE,"Video","clips","id",64,"D","D2","","R3-residual",0,0,0,"","","","masyarakat indonesia; PPI; pelajar; mahasiswa; WNI","D","D","D",5,2,"#EEF17A",FALSE,"Wina, 18 Februari 2022, Dubes/Watap RI menyapa elemen masyarakat Indonesia perwakilan Perhimpunan Pelajar Indonesia di Austria (PPI Austria) dan mitra Austria-Indonesia Society (AIS)/TU Wien.

PPI Austria merupakan mitra KBRI/PTRI Wina dalam membina, melindungi dan melayani segenap WNI, terutama para mahasiswa Indonesia di Austria.

AIS/TU Wien adalah mitra kerja sama KBRI Wina yang penting bagi penguatan hubungan P2P dan U2U antara Indonesia dan Austria.

#IniDiplomasi #IndonesianWay @kemlu_ri #diesediplomatie #sahabatkemlu @ppiaustria"
"2777314807872813983","CaLARpYsPuf","https://www.instagram.com/p/CaLARpYsPuf/","2022-02-19 20:15:46",2022,"inainvienna",TRUE,FALSE,"Image","feed","id",12,"D","D6","","R3-residual",0,0,0,"","","","","D","D","D",11,9,"#F1FDFD",FALSE,"Infografis angka tingkat infeksi Covid-19 di Austria dan Slovenia pada tgl 19 Febuari 2022.

@safetravel.kemlu #Negaramelindungi #IndonesianWay #diesediplomatie"
"2778004564546210329","CaNdG7WMMoZ","https://www.instagram.com/p/CaNdG7WMMoZ/","2022-02-20 19:06:12",2022,"inainvienna",TRUE,FALSE,"Image","feed","id",12,"D","D6","","R3-residual",0,0,0,"","","","","D","D","D",11,9,"#F1FDFD",FALSE,"Infografis angka tingkat infeksi Covid-19 di Austria dan Slovenia pada tgl 20 Febuari 2022.

@safetravel.kemlu #Negaramelindungi #IndonesianWay #diesediplomatie"
"2778440313981733860","CaPAL6ogYvk","https://www.instagram.com/p/CaPAL6ogYvk/","2022-02-21 09:37:51",2022,"inainvienna",TRUE,TRUE,"Video","feed","id",82,"A","A1","","max",5,0,0,"wisata; pariwisata; bali","","","","A","A","A",3,5,"#636D29",FALSE,"Reposted from @pesonaid_travel Sobat Pesona, ada info terbaru, nih! <U+0001F4E2>

Sejak pembukaan penerbangan internasional ke Bali, Singapore Airlines menjadi maskapai internasional pertama yang mendarat ke Bali pada 16 Februari 2022 kemarin.

Di penerbangan pertamanya kemarin, ada sekitar 109 wisatawan mancanegara yang datang dan langsung mengikuti paket 'Warm Up Vacation' yang berlaku melalui sistem bubble.

Yuk, kita sama-sama dukung dan berdoa semoga kebijakan ini jadi momentum kebangkitan ekonomi Tanah Air, pulihnya sektor pariwisata dan  ekonomi kreatif di Bali, dan penciptaan lapangan kerja yang makin terbuka seluas-luasnya <U+0001F64F><U+0001F1EE><U+0001F1E9>

#WonderfulIndonesia #DiIndonesiaAja 
#diesediplomatie @tui_austria #WundervollesIndonesien #WunderbaresIndonesien"
"2778509109160484841","CaPP1BIsp_p","https://www.instagram.com/p/CaPP1BIsp_p/","2022-02-21 11:48:38",2022,"inainvienna",TRUE,FALSE,"Sidecar","carousel_container","id",47,"D","D2","","R3-residual",0,0,0,"","","","diaspora; masyarakat indonesia","D","D","D",5,2,"#F7FCF6",TRUE,"KBRI/PTRI Wina mengundang seluruh masyarakat Indonesia dan diaspora untuk hadir diacara perkenalan Dutabesar Republik Indonesia untuk Austria dan Slovenia serta Organisasi Internasional di Wina.

Sekaligus juga perkenalan pejabat yg baru tiba di Wina.

Acara perkenalan ini diselenggarakan secara Virtual dan dapat diakses melalui tautan berikut ini https://bit.ly/SambutDubes-HSWina

#Inidiplomasi #IndonesianWay #diesediplomatie @ppiaustria @info_wapena"
"2778729362297525345","CaQB6H2sRRh","https://www.instagram.com/p/CaQB6H2sRRh/","2022-02-21 19:06:14",2022,"inainvienna",TRUE,FALSE,"Image","feed","id",12,"D","D6","","R3-residual",0,0,0,"","","","","D","D","D",11,9,"#F1FCFC",FALSE,"Infografis angka tingkat infeksi Covid-19 di Austria dan Slovenia pada tgl 21 Febuari 2022.

@safetravel.kemlu #Negaramelindungi #IndonesianWay #diesediplomatie"
"2778798704205925554","CaQRrLigoyy","https://www.instagram.com/p/CaQRrLigoyy/","2022-02-21 21:27:40",2022,"inainvienna",TRUE,FALSE,"Video","clips","id",52,"D","D4","","R3-residual",0,0,0,"","","keamanan; aman; keselamatan","surat kepercayaan; IAEA","C","D","D",5,2,"#835D7E",FALSE,"Wina, 21 Februari 2022, Duta Besar Dr.iur Damos Dumoli Agusman telah menyerahkan surat kepercayaan dari Menteri Luar Negeri Republik Indonesia kepada Direktur Jenderal Badan Tenaga Atom Internasional (IAEA), Rafael Mariano Grossi.

Indonesia terus mendukung peran IAEA dalam pelaksanaan tugas monitoring keamanan, keselamatan, dan garda aman pelaksanaan hak penggunaan teknologi nuklir untuk tujuan damai.

#iniDiplomasi @kemlu_ri #IndonesianWay#diesediplomatie @iaeaorg"
"2779461158555580676","CaSoTKOs3kE","https://www.instagram.com/p/CaSoTKOs3kE/","2022-02-22 19:20:11",2022,"inainvienna",TRUE,FALSE,"Image","feed","id",12,"D","D6","","R3-residual",0,0,0,"","","","","D","D","D",11,9,"#F1FDFD",FALSE,"Infografis angka tingkat infeksi Covid-19 di Austria dan Slovenia pada tgl 22 Febuari 2022.

@safetravel.kemlu #Negaramelindungi #diesediplomatie"
"2779482734421260603","CaStNIUgrk7","https://www.instagram.com/p/CaStNIUgrk7/","2022-02-22 20:06:01",2022,"inainvienna",TRUE,FALSE,"Video","clips","id",63,"D","D4","","R3-residual",0,0,0,"","","","surat kepercayaan; UNODC","D","D","D",5,2,"#450202",FALSE,"Duta Besar Dr.iur. Damos Dumoli Agusman menyerahkan surat kepercayaannya kepada Ibu Ghada Fathi Waly, Direktur Jenderal United Nation Office in Vienna (UNOV) dan Direktur Eksekutif Unted Nation Office on Drugs and Crime (UNODC)  hari ini di Vienna International Center (22/02). Indonesia akan melanjutkan kerjasama yang sangat baik dengan UNOV dan UNODC dan memperkuat perannya dalam mempromosikan kerjasama internasional dalam memerangi kejahatan transnasional terorganisir.

#Inidiplomasi @kemlu_ri #IndonesianWay #diesediplomatie @unitednations @cnd__unodc"
"2780204026584641137","CaVRNT_sC5x","https://www.instagram.com/p/CaVRNT_sC5x/","2022-02-23 19:56:08",2022,"inainvienna",TRUE,FALSE,"Image","feed","id",12,"D","D6","","R3-residual",0,0,0,"","","","","D","D","D",11,9,"#F1FDFD",FALSE,"Infografis angka tingkat infeksi Covid-19 di Austria dan Slovenia pada tanggal 23 Febuari 2022.

@safetravel.kemlu #IndonesianWay #Negaramelindungi #diesediplomatie"
"2780979979250380105","CaYBo6OsS1J","https://www.instagram.com/p/CaYBo6OsS1J/","2022-02-24 21:37:49",2022,"inainvienna",TRUE,FALSE,"Image","feed","id",12,"D","D6","","R3-residual",0,0,0,"","","","","D","D","D",11,9,"#F1FDFE",FALSE,"Infografis angka tingkat infeksi Covid-19 di Austria dan Slovenia pada tgl 24 Febuari 2022.

@safetravel.kemlu #Negaramelindungi #IndonesianWay #diesediplomatie"
"2781714121533657194","CaaokFgs5Bq","https://www.instagram.com/p/CaaokFgs5Bq/","2022-02-25 21:56:25",2022,"inainvienna",TRUE,FALSE,"Image","feed","id",12,"D","D6","","R3-residual",0,0,0,"","","","","D","D","D",11,9,"#F1FCFC",FALSE,"Infografis angka tingkat infeksi Covid-19 di Austria dan Slovenia pada tgl 25 Febuari 2022.

@safetravel.kemlu #Negaramelindungi #sahabatkemlu #diesediplomatie"
"2781742811134995958","CaavFkyMq32","https://www.instagram.com/p/CaavFkyMq32/","2022-02-25 22:53:25",2022,"inainvienna",TRUE,FALSE,"Image","feed","en",22,"D","D6","","R3-residual",0,0,0,"","","","","D","D","D",7,3,"#C6B05A",TRUE,"Announcement 

Embassy will be closed on 28th of February 2022 on the Occasion of Isra Mi'raj and will  resume on 1st March 2022.

#IndonesianWay #isramiraj1443h #diesediplomatie #sahabatkemlu"
"2782241763220312322","CacgiSIANEC","https://www.instagram.com/p/CacgiSIANEC/","2022-02-26 15:26:57",2022,"inainvienna",TRUE,FALSE,"Video","clips","id",105,"D","D2","","R3-residual",0,0,0,"","","","diaspora; konsuler","D","D","D",5,2,"#A6D3FD",FALSE,"Pada tanggal 25 Februari 2022 telah terlaksana acara hybrid Perkenalan Dubes RI untuk Austria, Slovenia dan Organisasi Internasional di Wina Bapak Dr. iur. Damos Dumoli Agusman beserta Ibu Ermita Agusman dan staf baru.
 Pelaksana Fungsi Protokol dan Konsuler Sdri. Fritska Pasaribu dan suami Sdr. Yuri Noberson di Ruang Nusantara KBRI/PTRI Wina dan melalui platform Zoom.

Hadir perwakilan kelompok masyarakat dan diaspora Indonesia di Austria dan Slovenia, baik secara fisik maupun secara virtual, untuk meramaikan acara yang diselenggarakan sesuai protokol kesehatan pemerintah setempat. Acara dimeriahkan oleh persembahan hiburan lagu oleh staff baru dan Dubes RI, khususnya reka ulang pertunjukan grup tarik suara pada tahun 2003 di Wina, Austria.

#Inidiplomasi #kemlu_ri #IndonesianWay #diesediplomatie"
"2782327777585718814","Cac0F9PsuYe","https://www.instagram.com/p/Cac0F9PsuYe/","2022-02-26 18:15:39",2022,"inainvienna",TRUE,FALSE,"Image","feed","id",12,"D","D6","","R3-residual",0,0,0,"","","","","D","D","D",11,9,"#F1FCFC",FALSE,"Infografis angka tingkat infeksi Covid-19 di Austria dan Slovenia pada tgl 26 Febuari 2022.

@safetravel.kemlu #Negaramelindungi #IndonesianWay #diesediplomatie"
"2782784129395068728","Caeb2v_MA84","https://www.instagram.com/p/Caeb2v_MA84/","2022-02-27 09:22:20",2022,"inainvienna",TRUE,FALSE,"Image","feed","unknown",17,"D","D5","","R3-residual",0,0,0,"","","","selamat","D","D","D",10,4,"#120B07",FALSE,"Duta Besar beserta seluruh staff KBRI/PTRI Wina mengucapkan Selamat Memperingati 

Isra Mi'raj Nabi Muhammad SAW 1443 H/ 2022

#Inidiplomasi
#sahabatkemlu #IndonesianWay @info_wapena #diesediplomatie"
"2783173423838279344","Caf0XusMDaw","https://www.instagram.com/p/Caf0XusMDaw/","2022-02-27 22:15:48",2022,"inainvienna",TRUE,FALSE,"Image","feed","id",12,"D","D6","","R3-residual",0,0,0,"","","","","D","D","D",11,9,"#F1FEFE",FALSE,"Infografis angka tingkat infeksi Covid-19 di Austria dan Slovenia pada tgl 27 Febuari 2022.

@safetravel.kemlu #Negaramelindungi #IndonesianWay #diesediplomatie"
"2783740872510029259","Cah1ZMcsj3L","https://www.instagram.com/p/Cah1ZMcsj3L/","2022-02-28 17:03:13",2022,"inainvienna",TRUE,FALSE,"Image","feed","id",12,"D","D6","","R3-residual",0,0,0,"","","","","D","D","D",11,9,"#F1FDFD",FALSE,"Infografis angka tingkat infeksi Covid-19 di Austria dan Slovenia pada tgl  28 Febuari 2022.

@safetravel.kemlu #Negaramelindungi #diesediplomatie"
"2784608046439125437","Cak6kPGstG9","https://www.instagram.com/p/Cak6kPGstG9/","2022-03-01 21:46:08",2022,"inainvienna",TRUE,FALSE,"Image","feed","id",12,"D","D6","","R3-residual",0,0,0,"","","","","D","D","D",11,12,"#FBFBFB",FALSE,"Infografis angka tingkat infeksi Covid-19 di Austria dan Slovenia pada tgl 1 Maret 2022.

@safetravel.kemlu #Negaramelindungi #NegaraHadir #diesediplomatie"
"2785039159482454035","CamclwagRAT","https://www.instagram.com/p/CamclwagRAT/","2022-03-02 12:03:26",2022,"inainvienna",TRUE,TRUE,"Video","feed","id",65,"A","A1","","max",3,0,0,"wisata; liburan","","","","A","A","A",3,5,"#230D09",FALSE,"Reposted from @pesonaid_travel Wah, masyarakat mancanegara udah bisa liburan #DiIndonesiaAja, kamu kapan, Sob?<U+0001F606>

#DiIndonesiaAja punya atraksi wisata kelas dunia yang wajib banget buat dicoba!<U+0001F60D>

<U+2705>Main kayak
<U+2705>Main jetovator yang memacu adrenalin
<U+2705>Serunya seluncuran di Slip & Slide, dan
<U+2705>Healing di resor super kece di #Bintan!

Tunggu apa lagi, yuk rencanakan kunjunganmu ke #Bintan dan buat memori liburan tak terlupakan!<U+0001F929><U+0001F9F3><U+2708><U+FE0F>

Jangan lupa juga untuk sudah vaksin dan jaga protokol kesehatan ya, Sob!<U+0001F601>

#WonderfulIndonesia
#DiIndonesiaAja
#ItsTimeForBintan 
#wunderbaresindonesien#wundervollesindonesien #diesediplomatie"
"2785274649497402651","CanSIllMX0b","https://www.instagram.com/p/CanSIllMX0b/","2022-03-02 19:50:33",2022,"inainvienna",TRUE,FALSE,"Image","feed","id",16,"D","D5","","R3-residual",0,0,0,"","","","selamat hari raya; nyepi; tahun baru; selamat","D","D","D",10,4,"#DEF2F9",FALSE,"Duta Besar beserta seluruh Staf KBRI/PTRI Wina mengucapkan Selamat Hari Raya Nyepi. Tahun Baru Saka 1944.

#Inidiplomasi #kemlu_ri#wunderbaresIndonesien #WundervollesIndonesien #diesediplomatie"
"2785312930456991290","Cana1pgMPY6","https://www.instagram.com/p/Cana1pgMPY6/","2022-03-02 21:06:37",2022,"inainvienna",TRUE,FALSE,"Image","feed","id",12,"D","D6","","R3-residual",0,0,0,"","","","","D","D","D",11,12,"#F1FDFD",FALSE,"Infografis angka tingkat infeksi Covid-19 di Austria dan Slovenia pada tgl 3 Maret 2022.

@safetravel.kemlu #Negaramelindungi #IndonesianWay #negarahadir #diesediplomatie"
"2785612527813520459","Caoe9XSM-xL","https://www.instagram.com/p/Caoe9XSM-xL/","2022-03-03 07:01:52",2022,"inainvienna",TRUE,FALSE,"Image","feed","unknown",1,"U","U","","U",0,0,0,"","","","","U","U","U",7,3,"#8BC6FE",FALSE,"Announcement 

#diesediplomatie"
"2788742173954559978","CazmjtYtk_q","https://www.instagram.com/p/CazmjtYtk_q/","2022-03-07 14:39:55",2022,"inainvienna",TRUE,FALSE,"Sidecar","carousel_container","en",27,"D","D6","","R3-residual",0,0,0,"","","","","D","D","D",1,3,"#101A2C",FALSE,"Startups in Indonesia are starting to mushroom as the digital era develops in various sectors such as consumer, digital health, logistics and education companies. For further info: https://amvesindo.org
 
#IniDiplomasi #IndonesianWay #RintisKemajuan"
"2788744388798783360","CaznD8Htx-A","https://www.instagram.com/p/CaznD8Htx-A/","2022-03-07 14:44:19",2022,"inainvienna",TRUE,FALSE,"Sidecar","carousel_container","en",25,"D","D6","","R3-residual",0,0,0,"","","","","D","D","D",7,3,"#447BA1",FALSE,"Papua, like other provinces in Indonesia, is home to many tribes with its various characteristics and forms of traditional houses. Let's get to know it..
#IniDiplomasi #WonderfulIndonesia #IndonesianWay"
"2788748921423722581","CazoF5dNvhV","https://www.instagram.com/p/CazoF5dNvhV/","2022-03-07 14:53:19",2022,"inainvienna",TRUE,FALSE,"Image","feed","en",38,"A","A1","C","max",3,0,2,"travel; visit","","safe; requirements","","A","A","A",7,3,"#13B8A6",FALSE,"Indonesia has introduced an additional travel health document for international visitors <U+2014> the Indonesia Health Alert Card (eHAC).

It forms part of the special entry requirements and restrictions specifically for coronavirus. 

How to register & create -HAC

#inidiplomasi #IndonesianWay #NegaraMelindungi Safe Travel Kemlu #wonderfulindonesia #visitindonesia"
"2789571522140183482","Ca2jIUEthu6","https://www.instagram.com/p/Ca2jIUEthu6/","2022-03-08 18:07:41",2022,"inainvienna",TRUE,FALSE,"Image","feed","id",11,"D","D6","","R3-residual",0,0,0,"","","","","D","D","D",5,2,"#FAFBFC",FALSE,"Berikut perkembangan COVID-19 di Austria dan Slovenia per 8 Maret 2022 pukul 15.00 CET. 
#IniDiplomasi #IndonesianWay
@safetravelkemlu
#NegaraMelindungi #NegaraHadir"
"2789691198215971657","Ca2-V1GsmNJ","https://www.instagram.com/p/Ca2-V1GsmNJ/","2022-03-08 22:05:27",2022,"inainvienna",TRUE,FALSE,"Image","feed","id",12,"D","D6","","R3-residual",0,0,0,"","","","","D","D","D",11,12,"#F1FDFD",FALSE,"Infografis angka tingkat infeksi Covid-19 di Austria dan Slovenia pada tgl 8 Maret 2022.

#negarahadir @safetravel.kemlu #Negaramelindungi #diesediplomatie"
"2790316853517476465","Ca5MmUAseJx","https://www.instagram.com/p/Ca5MmUAseJx/","2022-03-09 18:48:31",2022,"inainvienna",TRUE,FALSE,"Image","feed","id",12,"D","D6","","R3-residual",0,0,0,"","","","","D","D","D",11,12,"#F1FDFD",FALSE,"Infografis angka tingkat infeksi Covid-19 di Austria dan Slovenia pada tgl 09 Maret 2022.

@safetravel.kemlu #negarahadir #NegaraMelindungi #diesediplomatie"
"2790322854979381106","Ca5N9pTsydy","https://www.instagram.com/p/Ca5N9pTsydy/","2022-03-09 19:00:26",2022,"inainvienna",TRUE,TRUE,"Sidecar","carousel_container","mixed",48,"C","C3","A","R5.3",4,0,4,"wisata; bali; visit","","visa on arrival; visa","","C","C","C",7,3,"#496473",FALSE,"Reposted from @ditjen_imigrasi Informasi terbaru tentang aturan pembukaan Visa on Arrival (VOA) khusus wisatawan asing yang akan berkunjung ke Bali. 

Aturan ini mulai berlaku pada 7 Maret 2022.

Simak informasi selengkapnya di www.imigrasi.go.id

--------

Updates on Reopening Visa on Arrival facility for international tourists to Bali from 7 March 2022.

For more information, please visit www.imigrasi.go.id 
#dieseidiplomatie @tui_austria"
"2790690680933129271","Ca6hmN7Axw3","https://www.instagram.com/p/Ca6hmN7Axw3/","2022-03-10 07:16:53",2022,"inainvienna",TRUE,TRUE,"Video","feed","id",40,"D","D6","","R3-residual",1,0,0,"gunung","","","","D","A","D",3,5,"#394549",FALSE,"Reposted from @pesona.indonesia Di Dusun Butuh, Magelang, Jawa Tengah, ada desa yang suasananya mirip seperti pedesaan lereng gunung di Nepal, lho! Enggak percaya? Buktinya, liat aja video dari @dwphotography86 ini! Gimana Sob, indah banget, kan? Setuju, mimim juga jadi pengen ke sana!<U+0001F601>

<U+0001F3A5>: @dwphotography86 
#WonderfulIndonesia #DiIndonesiaAja#diesediplomatie #WundervollesIndonesien #WunderbaresIndonesien"
"2790872980344902242","Ca7LDBesZJi","https://www.instagram.com/p/Ca7LDBesZJi/","2022-03-10 13:13:26",2022,"inainvienna",TRUE,FALSE,"Sidecar","carousel_container","id",21,"D","D6","","R3-residual",0,0,0,"","","","","D","D","D",9,10,"#FBFBFA",FALSE,"Surat Edaran Satugan Tugas Penanganan Covid-19 No. 14 tahun 2022, tentang Protokol Kesehatan Sistem Bubble pada Rangkaian Kegiatan MotoGp 2022 di Mandalika di Indonesia.

@safetravel.kemlu #NegaraMelindungi #negarahadir #diesediplomatie"
"2790880493039716300","Ca7MwWOMwfM","https://www.instagram.com/p/Ca7MwWOMwfM/","2022-03-10 13:28:22",2022,"inainvienna",TRUE,FALSE,"Sidecar","carousel_container","en",29,"D","D6","","R3-residual",0,0,0,"","","","","D","D","D",12,11,"#FDFDFC",FALSE,"Circular Letter of the Covid-19 Handling Task Force Number 14 of 2022 concerning Bubbles System Health Protocol for the Series of MotoGp 2022 Event in Mandalika during the Corona Virus Disease 2019 Pandemic.

@safetravel.kemlu #diesediplomatie @tui_austria"
"2790963841007537474","Ca7ftOENs1C","https://www.instagram.com/p/Ca7ftOENs1C/","2022-03-10 16:13:58",2022,"inainvienna",TRUE,FALSE,"Sidecar","carousel_container","id",55,"D","D4","","R3-residual",0,0,0,"","","","credentials; surat kepercayaan; UNIDO; United Nations","D","D","D",5,2,"#6F6B66",FALSE,"Duta Besar RI/Watappri, Dr. iur. Damos Dumoli Agusman, menyerahkan surat kepercayaan (credentials), kepada Dr. Gerd M<U+00FC>ller, Direktur Jenderal United Nations Industrial Development Organization (UNIDO) di Vienna International Center (VIC) pada hari ini (10/03). 

Indonesia akan melanjutkan<U+00A0> dan memperkuat kerja sama yang baik dengan UNIDO, khususnya guna mempromosikan dan mempercepat pembangunan industri yang inklusif dan berkelanjutan. 

#inidiplomasi #diesediplomatie #IndonesianWay @kemlu_ri @unido_indonesia"
"2791087803720756833","Ca775HVs25h","https://www.instagram.com/p/Ca775HVs25h/","2022-03-10 20:20:15",2022,"inainvienna",TRUE,FALSE,"Image","feed","id",12,"D","D6","","R3-residual",0,0,0,"","","","","D","D","D",11,12,"#F1FDFD",FALSE,"Infografis angka tingkat infeksi Covid-19 di Austria dan Slovenia pada tgl 10 Maret 2022.

@safetravel.kemlu #Negaramelindungi #negarahadir #diesediplomatie"
"2791695394280964961","Ca-GCuJNgNh","https://www.instagram.com/p/Ca-GCuJNgNh/","2022-03-11 16:27:26",2022,"inainvienna",TRUE,FALSE,"Sidecar","carousel_container","id",30,"D","D3","","R3-residual",0,0,0,"","","","WNI; PBB","D","D","D",5,2,"#271E1B",FALSE,"Dubes Damos Dumoli Agusman menyapa WNI yg bekerja dan berkarier pada kantor PBB di Wina dan Organisasi Internasional lainnya (10/03).

Mendorong lebih banyak WNI utk berkarya di Organisasi Internasional di Wina.

#iniDiplomasi @Kemlu_RI"
"2791829460988499851","Ca-khpfsJeL","https://www.instagram.com/p/Ca-khpfsJeL/","2022-03-11 20:53:48",2022,"inainvienna",TRUE,FALSE,"Image","feed","id",12,"D","D6","","R3-residual",0,0,0,"","","","","D","D","D",11,12,"#F1FDFD",FALSE,"Infografis angka tingkat infeksi Covid-19 di Austria dan Slovenia pada tgl 11 Maret 2022.

@safetravel.kemlu #IndonesianWay #negarahadir #Negaramelindungi #diesediplomatie"
"2792993696758416020","CbCtPgjMMKU","https://www.instagram.com/p/CbCtPgjMMKU/","2022-03-13 11:26:56",2022,"inainvienna",TRUE,FALSE,"Image","feed","id",41,"D","D6","","R3-residual",0,0,0,"","","","","D","D","D",5,2,"#657078",FALSE,"Inna lillahi wa inna ilaihi raji'un
Duta Besar RI dan seluruh staf KBRI Wina turut berduka cita atas meninggalnya Christian Bradach, Konsul Kehormatan RI di Klagenfurt, Austria, pada 13 Maret 2022.

Semoga keluarga yang ditinggal diberikan ketabahan dan kekuatan iman lahir batin.

#negarahadir #diesediplomatie @chrisconsul @babymargaretha1"
"2793120313115691372","CbDKCBOMEls","https://www.instagram.com/p/CbDKCBOMEls/","2022-03-13 15:38:29",2022,"inainvienna",TRUE,FALSE,"Image","feed","id",12,"D","D6","","R3-residual",0,0,0,"","","","","D","D","D",11,12,"#F1FBFB",FALSE,"Infografis angka tingkat infeksi Covid-19 di Austria dan Slovenia pada tgl 13 Maret 2022.

@safetravel.kemlu #Negaramelindungi #negarahadir #diesediplomatie"
"2793592682969105416","CbE1b57gQQI","https://www.instagram.com/p/CbE1b57gQQI/","2022-03-14 07:19:19",2022,"inainvienna",TRUE,TRUE,"Video","feed","id",47,"D","D6","","R3-residual",0,0,0,"","","","","D","D","D",3,5,"#0F0E15",FALSE,"Reposted from @pesona.indonesia TINGGAL 5 HARI MENUJU MANDALIKA MOTOGP 2022 <U+0001F3C1>

Siapa aja nih yang udah punya tiketnyaaa? <U+0001F64B><U+200D><U+2642><U+0001F60E>

Ayo, gass kita sama-sama meriahkan perhelatan akbar kelas dunia #DiIndonesiaAja ini, Sobat Pesona! <U+2728>

Kita bantu kebangkitan ekonomi dan penciptaan lapangan kerja dengan dukung eventnya dan beli tiketnya di https://themandalikagp.com/ 

Sampai jumpa di Mandalika, Sob!<U+0001F64B><U+0001F3FB><U+200D><U+2640><U+FE0F>

#DiIndonesiaAja
#WonderfulIndonesia
#bangkitbersamakemenparekraf 
#wunderbaresindonesien #WundervollesIndonesien#diesediplomatie @pesona.indonesia"
"2793973089651880741","CbGL7jQs3Ml","https://www.instagram.com/p/CbGL7jQs3Ml/","2022-03-14 19:52:48",2022,"inainvienna",TRUE,FALSE,"Image","feed","id",12,"D","D6","","R3-residual",0,0,0,"","","","","D","D","D",11,12,"#F1FCFD",FALSE,"Infografis angka tingkat infeksi Covid-19 di Austria dan Slovenia pada tgl 14 Maret 2022.

@safetravel.kemlu #negarahadir #Negaramelindungi #IndonesianWay #diesediplomatie"
"2794478989048212629","CbH-9WyguyV","https://www.instagram.com/p/CbH-9WyguyV/","2022-03-15 12:38:13",2022,"inainvienna",TRUE,TRUE,"Video","feed","id",76,"A","A1","","max",2,0,0,"wisata","","","","A","A","D",3,5,"#000000",FALSE,"Reposted from @pesona.indonesia Wisata alam Sumba memang selalu memikat, salah satunya pemandangan hamparan rumput hijau di Bukit Tenau ini, Sob!<U+0001F60D>

Bukit Tenau yang berlokasi di Mauliru, Kambera, Sumba Timur ini menyuguhkan panorama perbukitan sabana layaknya bukit Teletubbies. Letaknya pun tak jauh dari pusat kota Sob, hanya sekitar 20-30 menit berkendara dari Kota Waingapu. 

Nah, bagi Sobat Pesona yang mendambakan ketenangan dan keheningan, Bukit Tenau dapat menjadi alternatif wisata alam di Sumba, ya!<U+0001F9D8><U+0001F3FB><U+200D><U+2640><U+FE0F>

Kapan mau ke Bukit Tenau, Sob?<U+263A><U+FE0F>

<U+0001F3A5>: @aslimlim_
#DiIndonesiaAja
#WonderfulIndonesia 
#WundervollesIndonesien #Wundersch<U+00F6>neIndonesien #Wunderbaresindonesien#diesediplomatie"
"2794653488522470361","CbImoqFsCPZ","https://www.instagram.com/p/CbImoqFsCPZ/","2022-03-15 18:24:38",2022,"inainvienna",TRUE,FALSE,"Image","feed","id",12,"D","D6","","R3-residual",0,0,0,"","","","","D","D","D",11,12,"#F1FDFD",FALSE,"Infografis angka tingkat infeksi Covid-19 di Austria dan Slovenia pada tgl 15 Maret 2021.

@safetravel.kemlu #negarahadir #Negaramelindungi #diesediplomatie"
"2794657394191735472","CbInhfht5qw","https://www.instagram.com/p/CbInhfht5qw/","2022-03-15 18:32:24",2022,"inainvienna",TRUE,FALSE,"Sidecar","carousel_container","mixed",55,"D","D1","","R3-residual",0,0,0,"","","","surat kepercayaan; selamat","D","D","D",5,2,"#D1B3A1",FALSE,"Selamat untuk Dubes Damos Dumoli Agusman yg telah menyerahkan Surat Kepercayaan dari Presiden RI kepada Presiden Austria A. Van der Bellen di Istana Presiden Hofburg (15/03).

Mempererat hubungan bilateral Indonesia - Austria

Ambassador Damos Dumoli Agusman presenting letter of credence from the President of Indonesia to the President of Austria, A. Van der Bellen.
#IniDiplomasi #IndonesianWay #diesediplomatie #diplomatie @kemlu_ri

Photos: Heeresbild- und Filmstelle, Fotoreferat"
"2795321627660978962","CbK-jXJswsS","https://www.instagram.com/p/CbK-jXJswsS/","2022-03-16 16:32:07",2022,"inainvienna",TRUE,FALSE,"Image","feed","id",12,"D","D6","","R3-residual",0,0,0,"","","","","D","D","D",11,12,"#F1FBFB",FALSE,"Infografis angka tingkat infeksi Covid-19 di Austria dan Slovenia pada tgl 16 Maret 2022.
@safetravel.kemlu #negarahadir #Negaramelindungi #diesediplomatie"
"2795865504511934897","CbM6Nz8M8Gx","https://www.instagram.com/p/CbM6Nz8M8Gx/","2022-03-17 10:32:42",2022,"inainvienna",TRUE,FALSE,"Sidecar","carousel_container","unknown",7,"A","A1","","max",3,0,0,"tourism; destination; visit","","","","A","A","A",7,3,"#8EDFCC",FALSE,"A must visited Marine Tourism Destination in Lampung.

#Inidiplomasi #WundervollesIndonesien #Wundersch<U+00F6>neIndonesien #WunderbaresIndonesien #diesediplomatie @tui_austria"
"2795970637154316905","CbNSHsWAXJp","https://www.instagram.com/p/CbNSHsWAXJp/","2022-03-17 14:02:02",2022,"inainvienna",TRUE,TRUE,"Video","feed","id",46,"D","D6","","R3-residual",0,0,0,"","","","","D","D","D",3,5,"#7B7983",FALSE,"Reposted from @pesona.indonesia BESOK BANGET, SOB!!!

MotoGP Mandalika 2022 resmi dimulai!<U+0001F525>

Mau absen nih yang nonton secara langsung dari Mandalika, mana suaranya?<U+0001F64B><U+200D><U+2640><U+FE0F><U+0001F64B><U+200D><U+2642><U+FE0F>

Ayo Sobat Pesona, dukung dan ramaikan perhelatan kelas dunia #DiIndonesiaAja! Semoga gelaran event ini sukses kian meningkatkan citra Indonesia di mata dunia! <U+2728>

Kamu dukung siapa nih, Sob?

#DiIndonesiaAja
#WonderfulIndonesia
#bangkitbersamakemenparekraf 
#diesediplomatie"
"2796152599794114796","CbN7fmQg2Ds","https://www.instagram.com/p/CbN7fmQg2Ds/","2022-03-17 21:31:24",2022,"inainvienna",TRUE,FALSE,"Video","igtv","id",27,"D","D1","","R3-residual",0,0,0,"","","","surat kepercayaan; selamat","D","D","D",5,2,"#000000",FALSE,"Selamat untuk Dubes Damos Dumoli Agusman yg telah menyerahkan Surat Kepercayaan dari Presiden RI kepada Presiden Austria A. Van der Bellen di Istana Presiden Hofburg (15/03).

Mempererat hubungan bilateral <U+0001F1EE><U+0001F1E9> <U+0001F1E6><U+0001F1F9>

#IniDiplomasi #IndonesianWay #diesediplomatie #kemlu_ri"
"2796945068122153764","CbQvrh5s6Mk","https://www.instagram.com/p/CbQvrh5s6Mk/","2022-03-18 22:17:36",2022,"inainvienna",TRUE,FALSE,"Image","feed","id",12,"D","D6","","R3-residual",0,0,0,"","","","","D","D","D",11,12,"#F1FDFD",FALSE,"Infografis angka tingkat infeksi Covid-19 di Austria dan Slovenia pada tgl 18 Maret 2022.

@safetravel.kemlu #Negaramelindungi #NegaraHadir #diesediplomatie"
"2797374614542556337","CbSRWQLgRyx","https://www.instagram.com/p/CbSRWQLgRyx/","2022-03-19 12:33:19",2022,"inainvienna",TRUE,TRUE,"Video","feed","id",25,"C","C3","A","R5.3",2,0,2,"wisata; bali","","visa on arrival; visa","","C","C","D",7,3,"#1D1C1C",TRUE,"Reposted from @ditjen_imigrasi Pemerintah menerapkan pemberlakuan Visa On Arrival khusus wisatawan yang mendarat di Bandara Internasional Ngurah Rai Bali. 

Seperti apa liputannya? Simak video berikut ini. 

@safetravel.kemlu #WundervollesIndonesien #Wundersch<U+00F6>neIndonesien #Wundersch<U+00F6>neIndonesien #warmupvacation #bali @tui_austria#islandofgods"
"2797458216268620730","CbSkW0WsGO6","https://www.instagram.com/p/CbSkW0WsGO6/","2022-03-19 15:17:08",2022,"inainvienna",TRUE,TRUE,"Sidecar","carousel_container","id",25,"D","D6","","R3-residual",0,0,1,"","","visa","","D","C","D",3,3,"#DCD5D6",FALSE,"Reposted from @ditjen_imigrasi Biar Sahabat Mido nggak bingung lagi tentang perbedaan VOA dan Visa Kunjungan, nih Mido kasih tahu  di infografis berikut yaa.. Simak yuk!

#VOA #visakunjungan #visaonarrivalindonesia #visaindonesia #imigrasiindonesia 
#diesediplomatie #IndonesianWay ndonesi @info_wapena @safetravel.kemlu"
"2797550937395226534","CbS5cFogOem","https://www.instagram.com/p/CbS5cFogOem/","2022-03-19 18:21:21",2022,"inainvienna",TRUE,FALSE,"Image","feed","id",12,"D","D6","","R3-residual",0,0,0,"","","","","D","D","D",11,12,"#F1FDFD",FALSE,"Infografis angka tingkat infeksi Covid-19 di Austria dan Slovenia pada tgl 19 Maret 2022.

@safetravel.kemlu #IndonesianWay #NegaraHadir #Negaramelindungi #diesediplomatie"
"2798022228242000577","CbUkmRcAurB","https://www.instagram.com/p/CbUkmRcAurB/","2022-03-20 09:58:00",2022,"inainvienna",TRUE,TRUE,"Video","feed","id",96,"A","A1","","max",6,0,0,"pantai; bali; beach","","","","A","A","A",3,5,"#000000",FALSE,"Reposted from @pesona.indonesia Siapa yang tidak tahu pantai ikonik di Nusa Penida, Bali satu ini?
Yap, ini dia Broken Beach atau Pasih Uug!<U+0001F60D>

Pasih Uug memiliki makna pantai yang rusak, karena tebing karang setinggi 200 meter terkena abrasi air laut selama berabad-abad, sehingga bentuknya menyerupai gua raksasa di bagian tengahnya.

Wow, enggak kebayang betapa kuatnya deburan ombak di lautan ini ya, Sob!<U+0001F30A>

Tak hanya menikmati keindahan alamnya saja, Sobat Pesona juga bisa menjadikan Broken Beach sebagai lokasi trekking yang cukup menantang karena medannnya lumayan terjal dan berbatu.

Tertarik untuk memasukkan Broken Beach ke dalam daftar perjalananmu, Sob?<U+2705>

<U+0001F3A5>: @ikmargiyasa_ 
#WonderfulIndonesia #DiIndonesiaAja 
#WundervollesIndonesien #WunderbaresIndonesien @tui_austria #diesediplomatie 
#IndonesianWay"
"2798407665790862615","CbV8PIIMcUX","https://www.instagram.com/p/CbV8PIIMcUX/","2022-03-20 22:43:31",2022,"inainvienna",TRUE,FALSE,"Image","feed","id",12,"D","D6","","R3-residual",0,0,0,"","","","","D","D","D",11,12,"#F2FDFD",FALSE,"Infografis angka tingkat infeksi Covid-19 di Austria dan Slovenia pada tgl 20 Maret 2022.

@safetravel.kemlu #Negaramelindungi #NegaraHadir #diesediplomatie #IndonesianWay"
"2798891977264030984","CbXqWyVg2UI","https://www.instagram.com/p/CbXqWyVg2UI/","2022-03-21 14:46:18",2022,"inainvienna",TRUE,FALSE,"Video","feed","id",49,"D","D6","","R3-residual",1,0,0,"destinasi","","","","D","A","D",3,5,"#6D5C50",FALSE,"Panorama senja #DiIndonesiaAja memang terlalu eksotis buat dilewatkan, Sob! Tak terkecuali para pembalap MotoGP yang terpesona dan mengabadikan momen senja mereka saat di Mandalika<U+0001F60D><U+0001F305>

Destinasi senja paling favorit kamu ada di mana nih, Sob?<U+2728>

<U+0001F3B6> @tulusm - Hati-hati di Jalan

Reposted from @pesona.indonesia Pembalap MotoGP jadi anak motor<U+274C>
Pembalap MotoGP jadi anak senja<U+2705>

#WonderfulIndonesia #DiIndonesiaAja #ItsTimeForMandalika 
#diesediplomatie #IndonesianWay"
"2799063256184003721","CbYRTOQshyJ","https://www.instagram.com/p/CbYRTOQshyJ/","2022-03-21 20:26:03",2022,"inainvienna",TRUE,FALSE,"Image","feed","id",12,"D","D6","","R3-residual",0,0,0,"","","","","D","D","D",11,12,NA,FALSE,"Infografis angka tingkat infeksi Covid-19 di Austria dan Slovenia pada tgl 21 Maret 2022.
@safetravel.kemlu #NegaraHadir#Negaramelindungi #IndonesianWay #diesediplomatie"
"2799393956465548108","CbZcfi5gRtM","https://www.instagram.com/p/CbZcfi5gRtM/","2022-03-22 07:31:45",2022,"inainvienna",TRUE,TRUE,"Video","feed","id",95,"A","A1","","max",8,0,0,"pantai; lombok; travel","","","","A","A","A",3,5,"#43381D",FALSE,"Reposted from @pesona.indonesia Mau menantang adrenalin di Lombok? Sobat Pesona wajib mampir ke Pantai Penyisok! <U+0001F61C>

Saat menuju ke pantai yang terletak di Desa Sekaroh, Lombok Timur ini, Sobat Pesona akan memulai perjalanan dengan jalur yang terjal dan cukup ekstrim.

Tapi, begitu sampai siap-siap terpesona dengan keindahan Pantai Penyisok yang dikelilingi tebing, hamparan rumput hijau, serta berhadapan langsung dengan Samudera Hindia.<U+0001F30A><U+0001F3DD><U+FE0F>

Saking indahnya, traveler yang udah pernah ke sini kerap menyebut keindahan Pantai Penyisok tak kalah dengan Cliffs of Moher yang ada di Irlandia!<U+0001F929><U+0001F49A>

Cuss, coba tag siapa yang mau Sobat Pesona ajak ke Pantai Penyisok!<U+0001F609>

<U+0001F3A5>: @tengakarta
#WonderfulIndonesia
#DiIndonesiaAja
#ItsTimeForMandalika 
#IndonesianWay #WundervollesIndonesien #WunderbaresIndonesien #diesediplomatie"
"2799812988862962818","Cba7xROs5yC","https://www.instagram.com/p/Cba7xROs5yC/","2022-03-22 21:15:38",2022,"inainvienna",TRUE,FALSE,"Image","feed","id",12,"D","D6","","R3-residual",0,0,0,"","","","","D","D","D",11,12,"#F1FEFE",FALSE,"Infografis angka tingkat infeksi Covid-19 di Austria dan Slovenia pada tgl 22 Maret 2022.
@safetravel.kemlu #NegaraHadir #Negaramelindungi #IndonesianWay #diesediplomatie"
"2800135344110112474","CbcFEJ8sw7a","https://www.instagram.com/p/CbcFEJ8sw7a/","2022-03-23 07:56:06",2022,"inainvienna",TRUE,TRUE,"Sidecar","carousel_container","en",29,"A","A1","","max",4,0,0,"bali; tourism; visit; island","","visa","citizens","A","A","A",7,3,"#F5F7F8",FALSE,"Reposted from @ditjen_imigrasi The Indonesian Government added countries whose citizens can enter Bali and Riau Islands with VOA and Free Visa facility for tourism purpose.
For more detail,  please visit www.imigrasi.go.id 

@safetravel.kemlu #Negaramelindungi #IndonesianWay #diesediplomatie @tui_austria"
"2800413153471526950","CbdEO0FAHgm","https://www.instagram.com/p/CbdEO0FAHgm/","2022-03-23 17:10:15",2022,"inainvienna",TRUE,FALSE,"Video","igtv","id",34,"A","A2","","max",4,0,0,"BIPA; bahasa indonesia","","","mahasiswa","A","A","A",5,2,"#E6F4F9",FALSE,"Pembelajan BIPA di Universitas Wina pada semester musim dingin 2021-2022 dilaksanakan secara daring. Hal tersebut tidak menyurutkan semangat mahasiswa BIPA untuk belajar bahasa Indonesia. Berikut adalah kompilasi aktivitas pembelajaran BIPA Universitas Wina semester musim dingin 2021-2022

#Inidiplomasi #diesediplomatie @bipakemdikbud @ardhana_resvari #IndonesianWay #DiplomasiBudaya"
"2800568892252087900","CbdnpHHseZc","https://www.instagram.com/p/CbdnpHHseZc/","2022-03-23 22:17:29",2022,"inainvienna",TRUE,FALSE,"Image","feed","id",12,"D","D6","","R3-residual",0,0,0,"","","","","D","D","D",11,12,"#F2FBFB",FALSE,"Infografis angka tingkat infeksi Covid-19 di Austria dan Slovenia pada tgl 23 Maret 2022.

@safetravel.kemlu #NegaraHadir #Negaramelindungi #IndonesianWay #diesediplomatie"
"2801074457768192386","CbfamDssWmC","https://www.instagram.com/p/CbfamDssWmC/","2022-03-24 15:01:57",2022,"inainvienna",TRUE,FALSE,"Sidecar","carousel_container","id",107,"A","A2","","max",7,1,0,"wisata; pulau; lombok; kuliner; sate","rempah","","","A","A","A",3,5,"#33271B",FALSE,"Tak cuma pesona alamnya yang menawan, wisatawan juga bisa menjajal ragam kuliner yang menggugah selera khas Mandalika saat menyaksikan MotoGP
2022. 

Sayur Ares terbuat dari ares atau bagian dalam pelepah pisang muda yang berwarna putih kehijauan yang dicampur dengan potongan daging ayam sebagai pelengkap.

 Ayam Taliwang berupa ayam bakar dengan lumuran bumbu khas Pulau
Lombok dengan cita rasa pedas gurih dan bumbu rempah yang kuat, yang dipanggang menggunakan arang kayu.

Sementara Sate Bulayak cukup berbeda dari kebanyakan sate lainnya, karena bumbunya terbuat dari kacang tanah sangrai yang dimasak bersama santan, sehingga cita rasanya menyerupai bumbu kari. Uniknya lagi, lontong yang disajikan bersama sate tersebut dibungkus menggunakan daun aren.

#IniDiplomasi #IndonesianWay #Indonesiacuisine #IndonesienK<U+00FC>che #IndonesienKulinarisch #WundervollesIndonesien#WunderbaresIndonesien#diesediplomatie"
"2801222522042935401","Cbf8QrTMWhp","https://www.instagram.com/p/Cbf8QrTMWhp/","2022-03-24 19:56:08",2022,"inainvienna",TRUE,FALSE,"Image","feed","id",12,"D","D6","","R3-residual",0,0,0,"","","","","D","D","D",11,12,"#F1FDFD",FALSE,"Infografis angka tingkat infeksi Covid-19 di Austria dan Slovenia pada tgl 24 Maret 2022.

@safetravel.kemlu #diesediplomatie #NegaraHadir #Negaramelindungi #IndonesianWay"
"2801596620170504837","CbhRUhVMqqF","https://www.instagram.com/p/CbhRUhVMqqF/","2022-03-25 08:19:24",2022,"inainvienna",TRUE,FALSE,"Sidecar","carousel_container","id",18,"D","D6","","R3-residual",0,0,0,"","","","","D","D","D",9,10,"#EFFBFA",FALSE,"Surat Edaran Satugan Tugas Penanganan Covid-19 No.15 Tahun 2022, tentang Protokol Kesehatan Perjalanan Luar Negeri pada masa pandemi Covid-19.

@safetravel.kemlu #NegaraHadir #Negaramelindungi #IndonesianWay #diesediplomatie"
"2801608383515445559","CbhT_szMck3","https://www.instagram.com/p/CbhT_szMck3/","2022-03-25 08:42:46",2022,"inainvienna",TRUE,FALSE,"Sidecar","carousel_container","en",21,"D","D6","","R3-residual",1,0,0,"travel","","","","D","A","D",12,11,"#EFFBFA",FALSE,"Circular Letter of the Covid-19 Handling Task Force Number 15 of 2022 concerning Health Protocol for Overseas Travel during the Corona Virus Diseases 2019.

@safetravel.kemlu #IndonesianWay #diesediplomatie #NegaraHadir #Negaramelindungi"
"2802741807508861477","CblVtMJs7Il","https://www.instagram.com/p/CblVtMJs7Il/","2022-03-26 22:14:41",2022,"inainvienna",TRUE,FALSE,"Image","feed","id",12,"D","D6","","R3-residual",0,0,0,"","","","","D","D","D",11,12,"#F1FDFE",FALSE,"Infografis angka tingkat infeksi Covid-19 di Austria dan Slovenia pada tgl 26 Maret 2022.

@safetravel.kemlu #NegaraHadir #Negaramelindungi #IndonesianWay #diesediplomatie"
"2803375984013912815","Cbnl5rDAqrv","https://www.instagram.com/p/Cbnl5rDAqrv/","2022-03-27 19:17:50",2022,"inainvienna",TRUE,FALSE,"Video","clips","id",20,"D","D2","","R3-residual",0,0,0,"","","","masyarakat indonesia","D","D","D",5,2,"#FCF4A6",FALSE,"Dubes Damos Dumoli Agusman menghadiri acara Pembukaan dan Open House Masjid Baru As-Salam Wapena bersama masyarakat Indonesia di Austria (26/03).

#Inidiplomasi #IndonesianWay #diesediplomatie @info_wapena"
"2803412501129186378","CbnuNEQscxK","https://www.instagram.com/p/CbnuNEQscxK/","2022-03-27 20:27:14",2022,"inainvienna",TRUE,FALSE,"Image","feed","id",12,"D","D6","","R3-residual",0,0,0,"","","","","D","D","D",11,12,"#F1FCFC",FALSE,"Infografis angka tingkat infeksi Covid-19 di Austria dan Slovenia pada tgl 26 Maret 2022.

@safetravel.kemlu #NegaraHadir #NegaraMelindungi #diesediplomatie"
"2804145378527676350","CbqU11hsge-","https://www.instagram.com/p/CbqU11hsge-/","2022-03-28 20:43:20",2022,"inainvienna",TRUE,FALSE,"Image","feed","id",12,"D","D6","","R3-residual",0,0,0,"","","","","D","D","D",11,12,"#F0FCFD",FALSE,"Infografis angka tingkat infeksi Covid-19 di Austria dan Slovenia pada tgl 28 Maret 2022.

@safetravel.kemlu #IndonesianWay #NegaraHadir #Negaramelindungi"
"2804465625328546768","CbrdqCmgHPQ","https://www.instagram.com/p/CbrdqCmgHPQ/","2022-03-29 07:21:36",2022,"inainvienna",TRUE,TRUE,"Video","feed","id",57,"A","A1","","max",12,0,0,"wisata; destinasi; pulau; liburan; lombok","","","","A","A","A",3,5,"#80AEDB",FALSE,"Reposted from @pesona.indonesia Buat Sobat Pesona yang punya rencana liburan ke Lombok, destinasi wisata ini wajib masuk bucket list kalian. Di sini kamu bisa eksplore segudang destinasi wisata unggulan.

Wisata jelajah pulau <U+2705>
Wisata adrenaline<U+2705>
Wisata trekking <U+2705>

Asyiiiikk ini sih udah spot instagramable, biar foto liburan makin memorable. Kerja kelompok bareng si Dina, Mimin tunggu di Lombok, Sobat Pesona! 

#DiIndonesiaAja
#WonderfulIndonesia 
#diesediplomatie #WundervollesIndonesien #WundervollesIndonesien 
#IndonesianWay"
"2804861977932899441","Cbs3xuusKRx","https://www.instagram.com/p/Cbs3xuusKRx/","2022-03-29 20:27:05",2022,"inainvienna",TRUE,FALSE,"Image","feed","id",12,"D","D6","","R3-residual",0,0,0,"","","","","D","D","D",11,12,"#F1FDFD",FALSE,"Infografis angka tingkat infeksi Covid-19 di Austria dan Slovenia pada tgl 29 Maret 2022.

@safetravel.kemlu #NegaraHadir #Negaramelindungi #diesediplomatie #IndonesianWay"
"2805210788565018389","CbuHFl8gucV","https://www.instagram.com/p/CbuHFl8gucV/","2022-03-30 08:02:04",2022,"inainvienna",TRUE,FALSE,"Video","clips","id",40,"D","D1","","R3-residual",0,0,0,"","","","credentials; surat kepercayaan","D","D","D",5,2,"#D2B18F",FALSE,"Dubes Damos Dumoli Agusman menyerahkan surat kepercayaan (credentials) kepada Mr. Thomas Stelzer, Dean and Executive Secretary IACA di Wina, Austria (29/3) dan berkesempatan melihat fasilitas pendidikan IACA.

Pendidikan dan pelatihan anti korupsi merupakan elemen penting dalam upaya mencegah dan memberantas korupsi.

#Inidiplomasi #IndonesianWay #diesediplomatie @iaca.indonesia @iaca_academy"
"2806307435326902299","CbyAb51MpAb","https://www.instagram.com/p/CbyAb51MpAb/","2022-03-31 20:18:57",2022,"inainvienna",TRUE,FALSE,"Image","feed","id",12,"D","D6","","R3-residual",0,0,0,"","","","","D","D","D",11,12,"#F1FDFE",FALSE,"Infografis angka tingkat infeksi Covid-19 di Austria dan Slovenia pada tgl 31 Maret 2022.

@safetravel.kemlu #IndonesianWay #NegaraHadir #Negaramelindungi #diesediplomatie"
"2807374968906712645","Cb1zKj9AgZF","https://www.instagram.com/p/Cb1zKj9AgZF/","2022-04-02 07:42:19",2022,"inainvienna",TRUE,FALSE,"Video","clips","unknown",13,"D","D5","","R3-residual",0,0,0,"","","","selamat","D","D","D",10,4,"#12240E",FALSE,"Duta Besar serta seluruh staff KBRI/PTRI Wina mengucapkan Selamat Menunaikan ibadah puasa 2022.

#Inidiplomasi #IndonesianWay #diesediplomatie"
"2808290036452237173","Cb5DOjBAR91","https://www.instagram.com/p/Cb5DOjBAR91/","2022-04-03 13:58:37",2022,"inainvienna",TRUE,FALSE,"Video","clips","id",66,"D","D2","","R3-residual",0,0,0,"","","","masyarakat indonesia","D","D","D",5,2,"#E2CDA7",FALSE,"Bapak Dubes/Watapri Dr.iur Damos Dumoli Agusman dan Ibu Ermita Damos menghadiri Kebaktian pra-Paskah KKIA yang merupakan ibadah rutin umat Kristen di Austria dan sekitarnya. Bertepatan dengan kegiatan ini, diperingati ulang tahun ke-50 Romo Petrus Paskalis.

Sebagian umat Kristen juga saat ini melaksanakan puasa pra-Paskah. Bersamaan juga sebagian masyarakat Indonesia di Austria dan Indonesia sudah memulai ibadah puasa Ramadhan.

Indahnya kebersamaan, indahnya kerukunan.

#Inidiplomasi #IndonesianWay #diesediplomatie #sahabatkemlu"
"2808474592416432775","Cb5tMMJsQKH","https://www.instagram.com/p/Cb5tMMJsQKH/","2022-04-03 20:04:42",2022,"inainvienna",TRUE,FALSE,"Image","feed","id",12,"D","D6","","R3-residual",0,0,0,"","","","","D","D","D",11,1,"#F1FDFD",FALSE,"Infografis angka tingkat infeksi Covid-19 di Austria dan Slovenia pada tgl 3 April 2022.

@safetravel.kemlu #Negaramelindungi #NegaraHadir #IndonesianWay #diesediplomatie"
"2808780044145693223","Cb6ypGPgpIn","https://www.instagram.com/p/Cb6ypGPgpIn/","2022-04-04 06:20:14",2022,"inainvienna",TRUE,TRUE,"Video","feed","id",62,"A","A1","","max",3,0,0,"wisata; gunung; lombok","","","","A","A","A",3,5,"#BBC4D0",FALSE,"Reposted from @pesona.indonesia Keindahan alam Lombok selalu layak diacungi jempol. Di sini kamu akan disuguhi pesona alam yang terbentang luas, Gunung Rinjani yang menakjubkan, dan pemandangan bawah laut yang spektakuler. Duhh Sob, bener-bener mempesona banget yaaa<U+0001F929>

Yuk, tunjukkin juga pesona wisata tersembunyi di sekitarmu dengan ikutan Sayembara AKAMSI dan menangkan hadiah menarik senilai total jutaan rupiah! Mimin tunggu segera ya, Sobat Pesona<U+2728>

<U+0001F3A5>: @zilmizola 

#DiIndonesiaAja
#WonderfullIndonesia
#AmbassadorKampungSini 
#wunderbaresindonesien #WundervollesIndonesien #diesediplomatie 
#IndonesianWay"
"2808896969810063605","Cb7NOlwMzD1","https://www.instagram.com/p/Cb7NOlwMzD1/","2022-04-04 10:03:53",2022,"inainvienna",TRUE,FALSE,"Sidecar","carousel_container","id",20,"D","D6","","R3-residual",0,0,0,"","","","","D","D","D",9,10,"#FEFEFE",FALSE,"Surat Edaran Satugan Tugas Penanganan Covid-19 No.16 tahun 2022, tentang ketentuan perjalanan orang dalam Negeri pada masa Pandemi Covid-19 di Indonesia.

@safetravel.kemlu #IndonesianWay #diesediplomatie #NegaraHadir #Negaramelindungi"
"2808897975469780895","Cb7NdOWMK-f","https://www.instagram.com/p/Cb7NdOWMK-f/","2022-04-04 10:05:53",2022,"inainvienna",TRUE,FALSE,"Sidecar","carousel_container","en",21,"D","D6","","R3-residual",1,0,0,"travel","","","","D","A","D",12,11,"#FCFCFC",TRUE,"Circular Letter of the Covid-19 Handling Task Force Number 16 of 2022 concerning Health Protocol for Overseas Travel during the Corona Virus Diseases 2019.

@safetravel.kemlu #NegaraHadir #Negaramelindungi #diesediplomatie #IndonesianWay"
"2808961967454400709","Cb7cAbhs7DF","https://www.instagram.com/p/Cb7cAbhs7DF/","2022-04-04 12:13:02",2022,"inainvienna",TRUE,TRUE,"Sidecar","carousel_container","mixed",145,"B","B2","","max",0,10,1,"","investasi; perdagangan; investment; trade; opportunity","policy","","B","B","B",1,3,"#362067",FALSE,"Reposted from @g20org The Sustainable Development Goals (SDGs) are an integral foundation of the policy change agenda process for trade, investment, and industry in achieving sustainable, equitable, and just sustainable development, in both developed and developing countries. 

TIIWG has the opportunity to mainstream the agendas of the three sectors in the context of achieving inclusive SDGs. The TIIWG during the Indonesian G20 Presidency takes this opportunity to raise the theme ""Collective Economic Recovery: Aligning Trade, Investment and Industry Agenda with SDGs"".
 ** 
Tujuan Sustainable Development Goals(SDGs) merupakan landasan integral dari proses agenda perubahan kebijakan perdagangan, investasi, dan industri dalam mencapai pembangunan berkelanjutan, merata, dan berkeadilan, baik di negara maju maupun berkembang. 

TIIWG berpeluang untuk mengarusutamakan agenda dari ketiga sektor tersebut dalam rangka pencapaian SDGs yang inklusif. TIIWG selama Presidensi G20 Indonesia mengambil kesempatan ini untuk mengangkat tema ""Pemulihan Ekonomi Kolektif: Menyelaraskan Agenda Perdagangan, Investasi, dan Industri dengan SDGs"".
 #G20Indonesia #RecoverTogetherRecoverStronger 
#IndonesianWay #diesediplomatie"
"2809491245845448734","Cb9UWccMAge","https://www.instagram.com/p/Cb9UWccMAge/","2022-04-05 05:44:37",2022,"inainvienna",TRUE,FALSE,"Image","feed","id",12,"D","D6","","R3-residual",0,0,0,"","","","","D","D","D",11,1,"#F0FDFD",FALSE,"Infografis angka tingkat infeksi Covid-19 di Austria dan Slovenia pada tgl 4 April 2022.

@safetravel.kemlu #IndonesianWay #Negaramelindungi #NegaraHadir #diesediplomatie"
"2809643674704628664","Cb93Ak4MUu4","https://www.instagram.com/p/Cb93Ak4MUu4/","2022-04-05 10:47:28",2022,"inainvienna",TRUE,FALSE,"Image","feed","id",32,"D","D6","","R3-residual",0,0,0,"","","","","D","D","D",5,2,"#496D54",FALSE,"Pengumuman:
Kedutaan Besar Republik Indonesia buka selama ramadhan dari hari Senin hingga Kamis pukul 10 pagi hingga 17:00 sore, waktu istrirahat pukul: 13:00 hingga 14:00. hari Jumat dari pukul 10 pagi hingga 17:30 sore, waktu istirahat pukul: 12:30 hingga 14:00.

#IndonesianWay #diesediplomatie @info_wapena"
"2809685520369717648","Cb-AhgsMhGQ","https://www.instagram.com/p/Cb-AhgsMhGQ/","2022-04-05 12:10:36",2022,"inainvienna",TRUE,FALSE,"Sidecar","carousel_container","unknown",6,"D","D6","","R3-residual",0,0,0,"","","","","D","D","D",7,3,"#997F4C",FALSE,"Indonesia Tea..
Rich in natural antioxidant.
#Inidiplomasi #IndonesianWay 
#WundervollesIndonesien #WunderbaresIndonesien #diesediplomatie"
"2809843812244922474","Cb-kg9fMCBq","https://www.instagram.com/p/Cb-kg9fMCBq/","2022-04-05 17:25:06",2022,"inainvienna",TRUE,FALSE,"Image","feed","id",12,"D","D6","","R3-residual",0,0,0,"","","","","D","D","D",11,1,"#F1FCFC",FALSE,"Infografis angka tingkat infeksi Covid-19 di Austria dan Slovenia pada tgl 5 April 2022.

@safetravel.kemlu #NegaraHadir #Negaramelindungi #IndonesianWay #diesediplomatie"
"2810331034903838266","CcATS-8sv46","https://www.instagram.com/p/CcATS-8sv46/","2022-04-06 09:33:07",2022,"inainvienna",TRUE,FALSE,"Sidecar","carousel_container","id",38,"A","A2","","max",5,0,0,"tari; workshop","","","","A","A","A",14,13,"#C5C7C6",FALSE,"KBRI/PTRI Wina bekerja sama dengan Friends of Welt Museum mengadakan Workshop Tari Tradisional dari Indonesia Timur yaitu Tari Poco Poco dan Tari Maumere. Acara Workshop ini di selenggarakan di dalam Weltmuseum, Wina Austria.Pada tanggal 5 April 2022 jam 17.30.

#Inidiplomasi #IndonesianWay #IndonesischerLinieTanz #diesediplomatie #IndonesischerKultur #IndonesischerTraditionellerTanz"
"2810507647759083142","CcA7dCfMuaG","https://www.instagram.com/p/CcA7dCfMuaG/","2022-04-06 15:24:01",2022,"inainvienna",TRUE,FALSE,"Sidecar","carousel_container","id",18,"D","D6","","R3-residual",0,0,0,"","","","","D","D","D",9,10,"#FEFEFE",FALSE,"Surat Edaran Satugan Tugas Penanganan Covid-19 No.17 tahun 2022, tentang Protokol Kesehatan Perjalanan Luar Negeri pada masa Pandemi Covid-19.

@safetravel.kemlu #IndonesianWay #Negaramelindungi #NegaraHadir #diesediplomatie"
"2810520654253756270","CcA-aTusY9u","https://www.instagram.com/p/CcA-aTusY9u/","2022-04-06 15:49:52",2022,"inainvienna",TRUE,FALSE,"Sidecar","carousel_container","en",21,"D","D6","","R3-residual",1,0,0,"travel","","","","D","A","D",12,11,"#FEFEFE",FALSE,"Circular Letter of the Covid-19 Handling Task Force Number 17 of 2022 concerning Health Protocol for Overseas Travel during the Corona Virus Diseases 2019.

@safetravel.kemlu #Negaramelindungi #NegaraHadir #IndonesianWay #diesediplomatie"
"2810620829550931237","CcBVMDPsm0l","https://www.instagram.com/p/CcBVMDPsm0l/","2022-04-06 19:08:54",2022,"inainvienna",TRUE,FALSE,"Image","feed","id",12,"D","D6","","R3-residual",0,0,0,"","","","","D","D","D",11,1,"#F1FDFD",FALSE,"Infografis angka tingkat infeksi Covid-19 di Austria dan Slovenia pada tgl 6 April 2022.

@safetravel.kemlu #IndonesianWay #NegaraHadir #negaramelindungi #diesediplomatie"
"2811301043829875806","CcDv2eKKiRe","https://www.instagram.com/p/CcDv2eKKiRe/","2022-04-07 17:40:21",2022,"inainvienna",TRUE,TRUE,"Sidecar","carousel_container","mixed",187,"B","B3","","max",0,3,1,"","produk; product; produkt","policy","","B","B","B",1,3,"#4E1F54",FALSE,"Reposted from @g20org Employment Working Group (EWG) has the main role to discuss the economy and social aspects related to employment. EWG aimed to ensure that no group was left behind in various development programs to obtain employment opportunities and decent work so that productivity continues to increase. 

To achieve this goal, EWG promotes shared responsibility between stakeholders and develops policy principles and methodologies aimed at ensuring the effective implementation of policies and programs. The Group draws upon technical studies by ILO and the OECD and involves the B20 (employers), L20 (workers), W20 (women), and Y20 (young people) in its activities.

*****

Employment Working Group (EWG) memiliki peran utama untuk membahas aspek ekonomi dan sosial pada kebijakan terkait ketenagakerjaan. EWG bertujuan untuk memastikan tidak satu pun kelompok yang tertinggal dalam berbagai program pembangunan untuk memperoleh kesempatan kerja dan pekerjaan yang layak sehingga produktivitas terus meningkat. 

Untuk mencapai tujuan ini, EWG mendukung berbagi tanggung jawab di antara pemangku kepentingan dan mengembangkan prinsip dan metodologi kebijakan yang ditujukan untuk memastikan implementasi kebijakan dan program yang efektif. EWG memanfaatkan studi teknis dari ILO dan OECD dan melibatkan B20 (pemberi kerja), L20 (pekerja), W20 (perempuan) dan Y20 (kaum muda) dalam kegiatannya.
#G20Indonesia #RecoverTogetherRecoverStronger 
#diesediplomatie #IndonesianWay"
"2811988748549607911","CcGMN5FsdHn","https://www.instagram.com/p/CcGMN5FsdHn/","2022-04-08 16:26:42",2022,"inainvienna",TRUE,FALSE,"Sidecar","carousel_container","unknown",5,"D","D6","","R3-residual",1,0,0,"visit","","","","D","A","D",7,3,"#ADD6E6",FALSE,"MUST VISIT ! 
Indonesia Mangrove Forest.

#Inidiplomasi #IndonesianWay #IndonesienMangrove #umweltschutz #WundervollesIndonesien #Wundersch<U+00F6>neIndonesien #wunderbaresindonesien #diesediplomatie"
"2812077396322313490","CcGgX4wsmUS","https://www.instagram.com/p/CcGgX4wsmUS/","2022-04-08 19:22:50",2022,"inainvienna",TRUE,FALSE,"Image","feed","id",12,"D","D6","","R3-residual",0,0,0,"","","","","D","D","D",11,1,"#F1FDFD",FALSE,"Infografis angka tingkat infeksi Covid-19 di Austria dan Slovenia pada tgl 8 April 2022.

@safetravel.kemlu #Negaramelindungi #NegaraHadir #diesediplomatie"
"2813237594182298751","CcKoK_OAqx_","https://www.instagram.com/p/CcKoK_OAqx_/","2022-04-10 09:57:01",2022,"inainvienna",TRUE,TRUE,"Video","feed","mixed",197,"A","A1","","max",19,0,0,"pantai; labuan bajo; komodo; visit; beach; budaya; kebudayaan; culture; cultural","","","","A","A","A",7,3,"#4D492C",FALSE,"Reposted from @g20org Rich with natural wonders, Labuan Bajo is the gateway to the beautiful pink beach, the underwater realm, and the komodo's den. In Labuan Bajo, three prominent ethnic groups, the Manggarai, Bima, and Bugis live alongside the people from other parts of Flores, making the city a cultural hub of East Nusa Tenggara. With such an impressive landscape, a prehistoric komodo dragon, and the intricate culture of the Flores people, Labuan Bajo promises a remarkable, one-of-a-kind visit. 

Entrusted to be one of the host cities of the Indonesian G20 Presidency, Labuan Bajo welcomes the delegates with the warm smiles of the Flores people. 

*****

Kaya dengan keajaiban alam, Labuan Bajo adalah gerbang menuju pantai merah muda yang indah, dunia bawah laut, dan habitat komodo. Di Labuan Bajo, tiga kelompok etnis mayoritas, Manggarai, Bima, dan Bugis, hidup bersama orang-orang yang datang dari bagian lain Flores, menjadikan kota ini pusat kebudayaan di NTT. Dengan bentangalamnya yang mengagumkan, komodo yang berasal dari era prasejarah, dan kehangatan serta budaya yang indah dari rakyat Flores, Labuan Bajo menjanjikan kunjungan menakjubkan yang tiada duanya.

Dipercaya untuk menjadi salah satu kota tuan rumah Presidensi G20 Indonesia, Labuan Bajo menyambut para delegasi dengan senyuman hangat masyarakat Flores. 
#G20Indonesia #RecoverTogetherRecoverStronger #sahabatkemlu #diesediplomatie"
"2813599485260825827","CcL6dMjMYTj","https://www.instagram.com/p/CcL6dMjMYTj/","2022-04-10 21:46:57",2022,"inainvienna",TRUE,FALSE,"Image","feed","id",12,"D","D6","","R3-residual",0,0,0,"","","","","D","D","D",11,1,"#F1FDFD",FALSE,"Infografis angka tingkat infeksi Covid-19 di Austria dan Slovenia pada tgl 10 April 2022.

@safetravel.kemlu #IndonesianWay #NegaraHadir #Negaramelindungi"
"2813893015178882648","CcM9MnlsK5Y","https://www.instagram.com/p/CcM9MnlsK5Y/","2022-04-11 07:30:08",2022,"inainvienna",TRUE,FALSE,"Sidecar","carousel_container","unknown",18,"C","C3","","max",0,0,3,"","","peraturan; visa on arrival; visa","","C","C","C",7,3,"#486978",FALSE,"Penggembangan peraturan baru Keimigrasian mengenai Visa on Arrival untuk memasuki wilayah Indonesia terhitung sejak tgl 6 April.
Re-post @ditjen_imigrasi 

@safetravel.kemlu #Negaramelindungi #IndonesianWay #NegaraHadir #diesediplomatie @tui_austria"
"2814188429681802077","CcOAXdyMrtd","https://www.instagram.com/p/CcOAXdyMrtd/","2022-04-11 17:17:05",2022,"inainvienna",TRUE,FALSE,"Sidecar","carousel_container","id",40,"D","D3","","R6",0,0,0,"","","persyaratan","konsuler","D","D","D",6,2,"#F5F5F5",FALSE,"KBRI/PTRI Wina akan kembali mengadakan ""Warung Konsuler"" yang diselenggarakan di Hotel Urban, Ljubljana Slovenia, Selasa-Kamis 19-21 April 2022.

Berikut flyer acara dan persyaratan dokumen yg dibutuhkan.

Silakan mendaftar di https://bit.ly/WarkonApril2022 
Dan mengunduh formulir yg dibutuhkan di https://bit.ly/DOCSWARKON

Terima kasih dan salam sehat<U+0001F64F><U+0001F3FB>

#Negaramelindungi #NegaraHadir #diesediplomatie #IndonesianWay"
"2814674761923353464","CcPu8h-stt4","https://www.instagram.com/p/CcPu8h-stt4/","2022-04-12 09:23:20",2022,"inainvienna",TRUE,TRUE,"Sidecar","carousel_container","mixed",159,"C","C3","","max",1,0,3,"travel","","aman; persyaratan; requirements","","C","C","C",1,3,"#2E1E63",FALSE,"Reposted from @g20org The COVID-19 pandemic made the world realize the need to improve the world's health system, including harmonizing global health protocols. To achieve this priority issue, G20 Indonesia initiates the use of digital technology to facilitate people's mobility to cross borders. This includes the ease of requirements and test results, vaccination certificates, interoperability, and recognition of digital applications in other countries. With this standardization of health protocols, it is hoped that travelers can move safely to help the world's economy to recover stronger.

**************************************

Pandemi COVID-19 telah menyadarkan dunia akan kebutuhan untuk meningkatkan sistem kesehatan dunia, termasuk dalam harmonisasi protokol kesehatan global. Untuk mencapai isu prioritas ini, G20 Indonesia menginisiasi pemakaian teknologi digital untuk memfasilitasi pergerakan masyarakat untuk melintasi perbatasan. Ini termasuk kemudahan persyaratan dan hasil pengujian, sertifikat vaksinasi, interoperabilitas, dan pengakuan atas aplikasi digital di negara lain. Dengan adanya standardiasi protokol kesehatan ini diharapkan pelaku perjalanan bisa melakukan mobilitas dengan aman untuk membantu perekonomian dunia untuk pulih dengan lebih baik.
#G20Indonesia #RecoverTogetherRecoverStronger 
#diesediplomatie #IndonesianWay"
"2814801992267858468","CcQL3-eMAIk","https://www.instagram.com/p/CcQL3-eMAIk/","2022-04-12 13:36:07",2022,"inainvienna",TRUE,FALSE,"Image","feed","id",12,"D","D6","","R3-residual",0,0,0,"","","","","D","D","D",11,1,"#F1FCFC",FALSE,"Infografis angka tingkat infeksi Covid-19 di Austria dan Slovenia pada tgl 12 April 2022.

@safetravel.kemlu #IndonesianWay #NegaraHadir #NegaraMelindungi #diesediplomatie"
"2815327642846393920","CcSDZMuMnZA","https://www.instagram.com/p/CcSDZMuMnZA/","2022-04-13 07:00:29",2022,"inainvienna",TRUE,TRUE,"Sidecar","carousel_container","mixed",113,"D","D1","","R3-residual",0,0,0,"","","","meeting; gathering","D","D","D",1,3,"#2F1B60",FALSE,"Reposted from @g20org Join the Research and Innovation Initiative Gathering (RIIG) held by the National Research and Innovation Agency (BRIN) on:

Date: Wednesday, 13 April 2022 
Time: 07.30 PM (GMT +7)
Zoom Link: https://bit.ly/G20RIIG1st
Meeting ID: 940 2619 0093
Passcode: 733202

RIIG is one of series of activities to support the event of Indonesia<U+2019>s G-20 Presidency. The 1st RIIG will specifically discuss Biodiversity Utilization to Support Green and Blue Economy. 

******************************************

Bergabunglah dalam Research and Innovation Initiative Gathering (RIIG) yang diadakan oleh Badan Riset dan Inovasi Nasional (BRIN) pada:
Tanggal: Rabu, 13 April 2022 
Waktu: 19.30 WIB
Link Zoom: https://bit.ly/G20RIIG1st
Meeting ID: 940 2619 0093
Passcode: 733202

RIIG merupakan salah satu rangkaian kegiatan untuk mendukung acara Presidensi G20 Indonesia. RIIG Pertama secara spesifik akan membahas tentang Biodiversity Utilization to Support Green and Blue Economy.
#G20Indonesia #RecoverTogetherRecoverStronger 
#IndonesianWay #diesediplomatie @ppiaustria"
"2815406941915021027","CcSVbJvA37j","https://www.instagram.com/p/CcSVbJvA37j/","2022-04-13 09:38:22",2022,"inainvienna",TRUE,TRUE,"Video","feed","id",53,"D","D6","","R3-residual",0,0,0,"","","","","D","D","D",1,3,"#54899C",FALSE,"Reposted from @kemenkeuri Indonesia merupakan negara yang rentan terhadap dampak perubahan iklim.

Pajak karbon yang akan segera diberlakukan jadi salah satu solusi untuk mengatasinya.

Sejak kapan? Cek video berikut yuk!

Pajak karbon akan mendorong para pelaku usaha untuk beralih ke aktivitas ekonomi hijau rendah karbon. 

Yuk, dukung kebijakannya untuk Indonesia Net Zero Emission pada 2060! 

#IndonesianWay #dieseidiplomatie #Umweltschutz"
"2815590973951708960","CcS_RK7MA8g","https://www.instagram.com/p/CcS_RK7MA8g/","2022-04-13 15:43:41",2022,"inainvienna",TRUE,FALSE,"Image","feed","unknown",1,"U","U","","U",0,0,0,"","","","","U","U","U",5,2,"#6C098A",FALSE,"Pengumuman.

@info_wapena @ppiaustria"
"2815750732239647440","CcTjl9bMLLQ","https://www.instagram.com/p/CcTjl9bMLLQ/","2022-04-13 21:01:06",2022,"inainvienna",TRUE,FALSE,"Image","feed","id",12,"D","D6","","R3-residual",0,0,0,"","","","","D","D","D",11,1,"#F1FDFD",FALSE,"Infografis angka tingkat infeksi Covid-19 di Austria dan Slovenia pada tgl 13 April 2022.

@safetravel.kemlu #NegaraHadir #Negaramelindungi #diesediplomatie #IndonesianWay"
"2816076690382489607","CcUttRmgYgH","https://www.instagram.com/p/CcUttRmgYgH/","2022-04-14 07:49:07",2022,"inainvienna",TRUE,TRUE,"Video","feed","mixed",75,"A","A2","","max",3,0,0,"visit; budaya; culture","","","","A","A","A",7,5,"#FEFDFD",FALSE,"Reposted from @g20org Enjoy the virtual tour of the Indonesian Gallery to better understand the G20 and the Indonesian Presidency. Visit the booths of some of the Indonesian host cities and learn interactively about the cultures and the beauty of these locations.

G20 Virtual Gallery: https://g20virtualgallery.id

********************************

Nikmatilah tur virtual galeri Indonesia untuk lebih memahami G20 dan Presidensi #G20Indonesia. Kunjungilah area dari beberapa kota tuan rumah di Indonesia dan secara interaktif mempelajari tentang budaya dan keindahan dari lokasi-lokasi ini.

G20 Virtual Gallery: https://g20virtualgallery.id

#G20Indonesia #RecoverTogetherRecoverStronger #diesediplomatie @ppiaustria #IndonesianWay"
"2816228814738307428","CcVQS-csjlk","https://www.instagram.com/p/CcVQS-csjlk/","2022-04-14 12:50:57",2022,"inainvienna",TRUE,FALSE,"Sidecar","carousel_container","de",148,"A","A2","","max",13,0,0,"bali; kultur; kunst","","","","A","A","A",2,2,"#456633",FALSE,"Das indonesische Kunst- und Kulturstipendium ist eines der herausragenden Programme des indonesischen Au<U+00DF>enministeriums, um die indonesische Kunst und Kultur in der Weltgemeinschaft bekannt zu machen. Das Programm l<U+00E4>uft seit 2003. Bis heute hat die BSBI 962 Alumni aus 77 L<U+00E4>ndern.

Als Innovation zur Anpassung an die Pandemie wurde BSBI 2021 zum ersten Mal virtuell abgehalten. Laut dem BSBI-Leistungsbericht 2021 haben 38 Teilnehmer (88 %) das Schulungsprogramm erfolgreich abgeschlossen.

Die Ausbildung f<U+00FC>r virtuelle BSBI-Teilnehmer wird virtuell in Zusammenarbeit mit Kunststudios in 6 (sechs) Provinzen durchgef<U+00FC>hrt: Ost-Java, Bali, West-Sumatra, S<U+00FC>d-Sulawesi, Ost-Kalimantan und Yogyakarta. Der Lehrplan umfasst indonesische Kunst und Kultur, insbesondere die Kunst und Kultur der jeweiligen Region.

Das Thema des virtuellen Kunst- und Kulturstipendiums 2022 in Indonesien (BSBI) lautet ""Ich vermisse Indonesien"".
Dieses Thema verdeutlicht, dass das Erlernen der indonesischen Kultur im Rahmen des BSBI Virtual 2021 die Sehnsucht nach Indonesien und dem Kontakt mit den Menschen dort stillen kann.

Anmeldeformular https://bit.ly/RegistrasiBSBIV2022
Informationen pensosbud.wina@kemlu.go.id

#Inidiplomasi @dieangewandte @weaving.angewandte@kunstunigrazkug @mdwwien @kunstunilinz #diesediplomatie @ma_kuwi @iacs_kemlu"
"2816335983072558347","CcVoqevML0L","https://www.instagram.com/p/CcVoqevML0L/","2022-04-14 16:23:53",2022,"inainvienna",TRUE,FALSE,"Image","feed","en",107,"A","A2","B","max",5,2,0,"travel; visit; bahasa indonesia; culture; cultural","business","","citizens","A","A","A",7,3,"#F8F9E9",FALSE,"*ITS (Institut Teknologi Sepuluh Nopember, an ASEA-UNINET partner)* has launched the *Fun Bahasa Indonesia and Cultural Course Program (FBICC)* in 2020. Now in its *2nd Batch (May-July 2022)*, FBICC has become a flagship program of ITS Global Engagement with over 1600 participants from more than 60 countries., accommodating global citizens who have interest in learning Indonesian language and culture.

The current *FREE online program* offers applicants a choice from the following theme:

1.	FBICC for General Purposes: *Let<U+2019>s Get to Know Indonesia* 
2.	FBICC for Traveling: *Exploring the Exotic Indonesia* 
3.	FBICC for Business: *A Business Trip to A Land of Opportunities*
4.	FBICC for University Life: *Experiencing Student Life in Indonesia*

For more information, please visit https://bit.ly/fbiccprogram2022

#diesediplomatie @its_campus"
"2816388443321485125","CcV0l4JsUdF","https://www.instagram.com/p/CcV0l4JsUdF/","2022-04-14 18:08:07",2022,"inainvienna",TRUE,FALSE,"Image","feed","id",12,"D","D6","","R3-residual",0,0,0,"","","","","D","D","D",11,1,"#F1FBFB",FALSE,"Infografis angka tingkat infeksi Covid-19 di Austria dan Slovenia pada tgl 14 April 2022.

@safetravel.kemlu #Negaramelindungi #NegaraHadir #diesediplomatie"
"2816920644656164357","CcXtmbRMe4F","https://www.instagram.com/p/CcXtmbRMe4F/","2022-04-15 11:45:30",2022,"inainvienna",TRUE,TRUE,"Sidecar","carousel_container","en",93,"D","D6","","R3-residual",0,1,0,"","impor","","","D","B","D",7,3,"#B9B8BB",FALSE,"Reposted from @g20org Palembang is the capital of South Sumatra Province which was once the celebrated seat of the rich and powerful Sriwijaya empire that for three centuries (9th-11th century) reigned supreme over the Sumatran seas and up north to the strategic Straits of Malacca. Palembang is located along the Musi River. Its many tributaries and streams cut through Palembang, giving this city its nickname, 'The Venice of the East'. 

Already has the experience to host an important international event such as Asian Games in 2018, Palembang is now ready to welcome the G20 delegates. 
#G20Indonesia #RecoverTogetherRecoverStronger 
@indonesia.g20"
"2817080093870951560","CcYR2t7AIyI","https://www.instagram.com/p/CcYR2t7AIyI/","2022-04-15 17:02:59",2022,"inainvienna",TRUE,TRUE,"Video","feed","en",31,"C","C3","","max",1,0,2,"tourism","","visa on arrival; visa","","C","C","D",7,3,"#BEBFC2",FALSE,"Reposted from @ditjen_imigrasi Things you need to know about Visa On Arrival for tourism purpose

For your information that VOA is paid in cash at bank counters available in International Arrival area. 

@info_wapena @ppiaustria #tui_austria @tui_austria #IndonesianWay#diesediplomatie"
"2817188646697861316","CcYqiXnsIDE","https://www.instagram.com/p/CcYqiXnsIDE/","2022-04-15 20:37:58",2022,"inainvienna",TRUE,FALSE,"Image","feed","id",12,"D","D6","","R3-residual",0,0,0,"","","","","D","D","D",11,1,"#F0FDFE",FALSE,"Infografis angka tingkat infeksi Covid-19 di Austria dan Slovenia pada tgl 15 April 2022.

@safetravel.kemlu #Negaramelindungi #NegaraHadir #diesediplomatie"
"2817597243177204141","CcaHcOvsnmt","https://www.instagram.com/p/CcaHcOvsnmt/","2022-04-16 10:09:47",2022,"inainvienna",TRUE,TRUE,"Sidecar","carousel_container","mixed",154,"D","D6","","R3-residual",1,0,0,"visit","","","","D","A","D",1,3,"#7B3358",FALSE,"Reposted from @g20org Join the annual event of CSIS Global Dialogue 2022, <U+201C>G20 Indonesia: Windows for Recovering Together and Stronger<U+201D>, on:
Date: 27-29 April 2022
Time: 02:00 PM (UTC+7, Jakarta time)
Registration: event.csis.or.id/GD2022

CSIS organized this event in support of Think20 Indonesia 2022 and in cooperation with the Asian Development Bank (ADB) and the Economic Research Institute for ASEAN and East Asia (ERIA). 

Please visit the official webpage to find the complete program: https://global-dialogue.csis.or.id/
For more inquiries, don't hesitate to get in touch with us through  global.dialogue@csis.or.id

******************************************************

Bergabunglah dalam acara tahunan CSIS Global Dialogue 2022, <U+201C>G20 Indonesia: Windows for Recovering Together and Stronger<U+201D>, pada:
Tanggal: 27-29 April 2022
Time: 14:00 WIB
Registrasi: event.csis.or.id/GD2022

CSIS menyelenggarakan acara ini untuk mendukung Think20 Indonesia 2022 dan dengan bekerja sama dengan Asian Development Bank (ADB) dan the Economic Research Institute for ASEAN and East Asia (ERIA). 

Kunjungilah situs resmi CSIS untuk mendapatkan rangkaian acara selengkapnya: https://global-dialogue.csis.or.id/
Untuk pertanyaan lebih lanjut, hubungi melalui global.dialogue@csis.or.id
#G20Indonesia #RecoverTogetherRecoverStronger 
@g20org @ppiaustria @info_wapena 
#diesediplomatie"
"2817969845439761612","CcbcKTpMwzM","https://www.instagram.com/p/CcbcKTpMwzM/","2022-04-16 22:30:04",2022,"inainvienna",TRUE,FALSE,"Image","feed","id",12,"D","D6","","R3-residual",0,0,0,"","","","","D","D","D",11,1,"#F0FCFE",FALSE,"Infografis angka tingkat infeksi Covid-19 di Austria dan Slovenia pada tgl 17 April 2022.

@safetravel.kemlu #NegaraHadir #Negaramelindungi #diesediplomatie"
"2818183707547500443","CccMyaQKX-b","https://www.instagram.com/p/CccMyaQKX-b/","2022-04-17 05:34:59",2022,"inainvienna",TRUE,FALSE,"Image","feed","id",14,"D","D5","","R3-residual",0,0,0,"","","","selamat","D","D","D",10,4,"#F0FCE5",FALSE,"Duta Besar dan seluruh staff KBRI/PTRI Wina mengucapkan Selamat Merayakan Hari Raya Paskah 2022.

#Inidiplomasi #paskah2022 #SahabatKemlu #diesediplomatie"
"2818542291389636018","CcdeUfesd2y","https://www.instagram.com/p/CcdeUfesd2y/","2022-04-17 17:27:25",2022,"inainvienna",TRUE,TRUE,"Sidecar","carousel_container","id",29,"C","C3","","max",0,0,3,"","","visa on arrival; visa","","C","C","C",7,3,"#AD8F7E",FALSE,"Reposted from @ditjen_imigrasi Halo Sahabat Mido, berikut ini Tarif terbaru visa dan izin tinggal serta izin masuk kembali. Untuk Visa on Arrival tidak ada perubahan tarif ya. 

Informasi selengkapnya di www.imigrasi.go.id 

@ditjen_imigrasi #Inidiplomasi #diesediplomatie #IndonesianWay @tui_austria"
"2818654300043010969","Ccd3ybqsOOZ","https://www.instagram.com/p/Ccd3ybqsOOZ/","2022-04-17 21:09:58",2022,"inainvienna",TRUE,FALSE,"Image","feed","id",12,"D","D6","","R3-residual",0,0,0,"","","","","D","D","D",11,1,"#F0FCFE",FALSE,"Infografis angka tingkat infeksi Covid-19 di Austria dan Slovenia pada tgl 17 April 2022.

@safetravel.kemlu #IndonesianWay #NegaraHadir #Negaramelindungi #diesediplomatie"
"2819054673955361679","CcfS0o7g5OP","https://www.instagram.com/p/CcfS0o7g5OP/","2022-04-18 10:26:48",2022,"inainvienna",TRUE,TRUE,"Video","feed","id",78,"D","D5","","R3-residual",0,0,0,"","","","selamat","D","D","D",3,5,"#C7D7E0",FALSE,"Reposted from @pesona.indonesia Selamat Paskah!
Semoga berkat selalu menyertai Sobat Pesona yang memperingatinya<U+0001F64F><U+0001F3FB>

Mari kita saksikan kemegahan Patung Yesus Memberkati yang terletak di Buntu Burake, Tana Toraja, Sulawesi Selatan.<U+271D><U+FE0F>

Sobat Pesona perlu tahu nih, kalau patung yang dibangun pada tahun 2013 ini merupakan patung Yesus tertinggi di dunia lho Sob, karena berdiri di atas bukit setinggi 1700 meter.

Wah, menakjubkan banget ya, Sob!

Kapan nih, Sobat Pesona mau melihat langsung kemegahannya? Mention juga yuk, orang yang mau kamu ajak ke sana!

<U+0001F3A5> @giovannigivan 
#WonderfulIndonesia 
#IndonesianWay #WundervollesIndonesien #wunderbaresindonesien #diesediplomatie"
"2819345530284447579","CcgU9J_sJdb","https://www.instagram.com/p/CcgU9J_sJdb/","2022-04-18 20:03:19",2022,"inainvienna",TRUE,FALSE,"Image","feed","id",12,"D","D6","","R3-residual",0,0,0,"","","","","D","D","D",11,1,"#F0FCFE",FALSE,"Infografis angka tingkat infeksi Covid-19 di Austria dan Slovenia pada tgl 18 April 2022.

@safetravel.kemlu #NegaraHadir #Negaramelindungi #diesediplomatie"
"2819660753570807472","CchcoQjsr6w","https://www.instagram.com/p/CchcoQjsr6w/","2022-04-19 06:29:36",2022,"inainvienna",TRUE,TRUE,"Sidecar","carousel_container","mixed",61,"B","B2","","max",0,3,0,"","pertumbuhan ekonomi; bisnis; business","","komunitas","B","B","B",1,3,"#471E51",FALSE,"Reposted from @indonesia.g20 B20 Indonesia (@theb20summit), Indonesia Stock Exchange (IDX) (@indonesiastockexchange), dan Indonesia Business Coalition for Women Empowerment (IBCWE) (@ibcwe_id) akan mengadakan Side Event yang bertajuk <U+201C>Rising to the Top: Women Leadership in Executive Position in IDX200<U+201D>.

Kegiatan ini bertujuan untuk memajukan transparansi dan pelaporan kepemimpinan perempuan dalam komunitas bisnis Indonesia, memberikan kesempatan untuk memajukan kepemimpinan perempuan, dan mendukung pertumbuhan ekonomi yang inklusif.

Daftarkan dirimu segera!
https://bit.ly/WebinarRisingtoTheTop2022

#G20Indonesia #PulihBersama 
@indonesia.g20 #diesediplomatie #IndonesianWay @ppiaustria"
"2819721852421857541","CchqhXTAuEF","https://www.instagram.com/p/CchqhXTAuEF/","2022-04-19 08:31:28",2022,"inainvienna",TRUE,FALSE,"Video","feed","en",71,"A","A2","","max",4,0,0,"culture; art; dance; music","","","","A","A","A",7,3,"#040807",FALSE,"""Since 2003, the Government of Indonesia has been granting Indonesian Arts and Culture Scholarship (IACS) to 920 youths from 77 countries around the world.

IACS is a scholarship program, the awardees learn Indonesian traditional dances, music, and handicrafts; as well as study Indonesian language.

The official song of IACS, entitled Indonesiaku, was created by Vincent Lagea, IACS alumni batch 2007 from Papua New Guinea.

This video is about their love and longing for Indonesia.<U+201D>

Repost from @iacs_kemlu

#inidiplomasi #indonesiauntukdunia #indonesianway #indonesia #iacs #bsbi #diesediplomatie"
"2820483582689194109","CckXt_5ArB9","https://www.instagram.com/p/CckXt_5ArB9/","2022-04-20 09:46:06",2022,"inainvienna",TRUE,FALSE,"Video","clips","mixed",41,"D","D1","","R3-residual",0,0,0,"","","","surat kepercayaan","D","D","D",5,2,"#F0C4AA",FALSE,"Duta Besar Republik Indonesia Dr.iur.Damos Dumoli Agusman menyerahkan salinan Surat Kepercayaan (Copy of letter of credence) dari Presiden RI kepada Deputy Head of Diplomatic Protocol Kementerian Luar Negeri Republik Slovenia, Ms. Mateja Kra<U+010D>un pada Selasa, 19 April 2022 di Ljubljana, Slovenia.

#Inidiplomasi #IndonesianWay #diesediplomatie"
"2820757887145631409","CclWFp0sl6x","https://www.instagram.com/p/CclWFp0sl6x/","2022-04-20 18:49:25",2022,"inainvienna",TRUE,FALSE,"Sidecar","carousel_container","id",27,"D","D3","","R3-residual",0,0,0,"","","","WNI; konsuler","D","D","D",6,2,"#3DF6CC",FALSE,"Duta Besar Dr.iur Damos Dumoli Agusman beserta Ibu Ermita menyapa WNI pengguna layanan jemput bola <U+201C>Warung Konsuler<U+201D> KBRI Wina tanggal 19-21 April 2022 di Hotel Urban, Ljubljana, Slovenia

#Inidiplomasi #IndonesianWay #diesediplomatie #Negaramelindungi"
"2820848749074548709","Cclqv3lsYfl","https://www.instagram.com/p/Cclqv3lsYfl/","2022-04-20 21:49:57",2022,"inainvienna",TRUE,FALSE,"Image","feed","id",12,"D","D6","","R3-residual",0,0,0,"","","","","D","D","D",11,1,"#F0FDFE",FALSE,"Infografis angka tingkat infeksi Covid-19 di Austria dan Slovenia pada tgl 20 April 2022.

#Inidiplomasi #Negaramelindungi #NegaraHadir #diesediplomatie"
"2821109372342749671","CcmmAb7A8nn","https://www.instagram.com/p/CcmmAb7A8nn/","2022-04-21 06:29:11",2022,"inainvienna",TRUE,FALSE,"Video","clips","unknown",13,"D","D5","","R3-residual",0,0,0,"","","","selamat; hari kartini","D","D","D",10,4,"#75F4EB",FALSE,"Duta Besar beserta seluruh staff Kedutaan Besar Republik Indonesia mengucapkan Selamat Hari Kartini 2022.

#Inidiplomasi #IndonesianWay #diesediplomatie #kartini"
"2821326890374032250","CcnXdvYAGt6","https://www.instagram.com/p/CcnXdvYAGt6/","2022-04-21 13:40:30",2022,"inainvienna",TRUE,FALSE,"Video","clips","id",39,"D","D1","","R3-residual",0,0,0,"","","","surat kepercayaan; multilateral","D","D","D",5,2,"#7BB8E6",FALSE,"Duta Besar Dr.iur Damos Dumoli Agusman telah menyerahkan Surat Kepercayaan Presiden RI kepada Presiden Republik Slovenia, Borut Pahor di Istana Kepresidenan Slovenia (20/4).

Telah dibahas peningkatan hubungan bilateral, kerja sama multilateral, dan isu-isu regional yang menjadi perhatian bersama.

#Inidiplomasi #IndonesianWay #diesediplomatie"
"2821420793886665269","Ccns0N1g-o1","https://www.instagram.com/p/Ccns0N1g-o1/","2022-04-21 16:49:01",2022,"inainvienna",TRUE,TRUE,"Video","feed","mixed",188,"D","D1","","R3-residual",0,0,0,"","","","pertemuan; meeting","D","D","D",1,3,"#6F5154",FALSE,"Reposted from @g20org With the climatic and geopolitical challenges that are present today, sustainability is a key principle in various policies, especially to reach the stage of sustainable finance and health. The existence of geopolitical tensions and post-pandemic recovery are two of the many other factors that cause global uncertainty. Therefore, G20 Indonesia, represented by the Ministry of Finance and Central Bank of Indonesia, held the Second Meeting of Finance Ministers and Central Bank Governors (FMCBG) in Washington D.C. USA to discuss the topic by highlighting issues around the global economy and its risks, global health issues, international financial architecture, and sustainable finance. 

#G20Indonesia #RecoverTogetherRecoverStronger #FMCBG

***************************************

Dengan tantangan-tantangan iklim dan geopolitik yang hadir pada masa sekarang, keberlanjutan menjadi prinsip utama dalam berbagai kebijakan, terutama untuk mencapai ke tahap keuangan yang berkelanjutan. Adanya ketegangan geopolitik dan pemulihan pasca pandemi merupakan dua dari banyak faktor lainnya yang menyebabkan ketidakpastian global. Oleh karena itu, G20 Indonesia, diwakili Kementerian Keuangan dan Bank Indonesia, mengadakan Pertemuan Kedua Finance Ministers and Central Bank Governors (FMCBG) di Washington D.C, Amerika Serikata untuk membahas topik dengan menyoroti isu-isu seputar ekonomi global dan risikonya, isu kesehatan global, arsitektur keuangan internasional, dan keuangan berkelanjutan.

#G20Indonesia #RecoverTogetherRecoverStronger #FMCBG #diesediplomatie"
"2821925552337951766","Ccpflaxs5wW","https://www.instagram.com/p/Ccpflaxs5wW/","2022-04-22 09:29:21",2022,"inainvienna",TRUE,FALSE,"Sidecar","carousel_container","id",41,"D","D1","","R3-residual",0,0,0,"","","","kunjungan kehormatan; multilateral","D","D","D",5,2,"#CEF590",FALSE,"Duta Besar Dr.iur Damos Dumoli Agusman melakukan kunjungan kehormatan kepada State Secretary Kementerian Luar Negeri Republik Slovenia, Dr. Stanislav Ra<U+0161><U+010D>an (20/4).

Keduanya bertukar pandangan tentang isu regional dan multilateral, serta upaya meningkatkan hubungan bilateral kedua negara yang memasuki usia 30 tahun persahabatan.

#Inidiplomasi @kemlu_ri #IndonesianWay #diesediplomatie"
"2821969193835987435","CcppgfFsIHr","https://www.instagram.com/p/CcppgfFsIHr/","2022-04-22 10:56:04",2022,"inainvienna",TRUE,FALSE,"Sidecar","carousel_container","id",41,"D","D1","","R3-residual",0,0,0,"","","","kunjungan kehormatan; multilateral","D","D","D",5,2,"#704015",FALSE,"Duta Besar  Dr. Iur Damos Dumoli Agusman telah melakukan Kunjungan Kehormatan kepada State Secretary Kantor Perdana Menteri Republik Slovenia, Dr. Igor Sen<U+010D>ar (20/4).

Pembahasan mencakup pertukaran pandangan tentang dinamika masing-masing kawasan, peningkatan kerja sama multilateral, dan penguatan hubungan bilateral kedua negara.

#Inidiplomasi @kemlu_ri #IndonesianWay #diesediplomatie"
"2822059630115527123","Ccp-EgcAZnT","https://www.instagram.com/p/Ccp-EgcAZnT/","2022-04-22 14:35:08",2022,"inainvienna",TRUE,TRUE,"Video","feed","en",287,"B","B2","","max",0,5,1,"","market","preparedness","pertemuan; meeting","B","B","B",1,3,"#4E285E",FALSE,"Reposted from @g20org The Indonesian Minister of Finance continues her agenda on the 2nd day of the 2022 Spring Meetings of the International Monetary Fund (IMF) & World Bank Group (WBG) on 19 April. Several meetings on the agenda are related to the G20.
 
In the meeting with IMF titled <U+201C>A Dialogue with G20 Emerging Markets<U+201D>, the consequences of geopolitical shocks currently being faced by the global economy and how the spillover effects are experienced wider by emerging countries were discussed. The dialogue was joined by G20 member states from emerging markets such as Indonesia, Saudi Arabia, Argentina, Brazil, and South Africa. 
 
The meeting with Asian Development Bank (ADB) discussed concrete efforts to promptly realize the energy transition mechanism as one of the achievement targets of Indonesia<U+2019>s G20 Presidency. 
 
Meanwhile, the meeting with the Minister of Finance from the USA discussed several priority agendas of Indonesia<U+2019>s G20 Presidency, such as establishing financing facilities for prevention, preparedness, and handling of future pandemics as part of strengthening the global health architecture.

*******

Menteri Keuangan Indonesia melanjutkan agendanya dalam hari kedua Pertemuan Musim Semi 2022 IMF dan WBG pada tanggal 19 April. Beberapa pertemuan dalam agenda berkaitan dengan G20.

Dalam pertemuan dengan IMF yang bertajuk <U+201C>A Dialogue with G20 Emerging Markets<U+201D> dibahas tentang konsekuensi dari guncangan geopolitik yang sedang dihadapi oleh perekonomian global, serta bagaimana negara-negara emerging market menghadapi efek limpahan (spillover) yang lebih luas. Dialog ini dihadiri negara-negara emerging market anggota G20, antara lain Indonesia, Arab Saudi, Agentina, Brazil dan Afrika Selatan. 

Pertemuan dengan ADB membahas upaya konkret untuk segera mewujudkan mekanisme transisi energi sebagai salah satu target capaian Presidensi G20 Indonesia.

Sementara itu, pertemuan dengan Menteri Keuangan Amerika Serikat membahas beberapa agenda prioritas Presidensi G20 Indonesia, seperti pembentukan fasilitas pembiayaan untuk pencegahan, kesiapsiagaan & penangangan pandemi di masa depan sebagai bagian dari penguatan arsitektur kesehatan global.
#G20Indonesia"
"2823997223387269155","Ccw2oMysAgj","https://www.instagram.com/p/Ccw2oMysAgj/","2022-04-25 06:05:24",2022,"inainvienna",TRUE,FALSE,"Image","feed","id",12,"D","D6","","R3-residual",0,0,0,"","","","","D","D","D",11,1,"#F1FDFD",FALSE,"Infografis angka tingkat infeksi Covid-19 di Austria dan  Slovenia pada tgl 24 April 2022.

@safetravel.kemlu #Negaramelindungi #NegaraHadir #IndonesianWay #diesediplomatie"
"2824002830567867112","Ccw35y4sgLo","https://www.instagram.com/p/Ccw35y4sgLo/","2022-04-25 06:16:32",2022,"inainvienna",TRUE,FALSE,"Sidecar","carousel_container","id",49,"B","B2","","max",1,2,0,"kuliner","bisnis; peluang bisnis","","diaspora; mahasiswa; WNI","B","B","D",5,2,"#1A121B",FALSE,"Duta Besar Dr.iur Damos Dumoli Agusman dan Ibu Ermita berkenalan dan bersilaturahmi dengan perwakilan masyarakat WNI dan Diaspora Indonesia di wilayah Ljubljana dan sekitarnya (20/4).

Diskusi hangat meliputi a.l. peran penting WNI dan Diaspora Indonesia dalam hubungan P2P, potensi promosi Indonesia, peningkatan jumlah mahasiswa Indonesia, dan peluang bisnis kuliner di Slovenia.

#Inidiplomasi #IndonesianWay #diesediplomatie"
"2824049852960387694","CcxCmD5srJu","https://www.instagram.com/p/CcxCmD5srJu/","2022-04-25 07:49:58",2022,"inainvienna",TRUE,FALSE,"Sidecar","carousel_container","id",44,"D","D1","","R3-residual",0,0,0,"","","","pertemuan; pelajar","D","D","D",5,2,"#C2AF91",FALSE,"Pertemuan kehormatan antara Duta Besar Dr. iur Damos Dumoli Agusman dan Rektor Universitas Ljubljana Prof. Dr. Gregor Majdi<U+010D> (21/04), a.l. membahas isu penguatan kerja sama akedemia Indonesia dan Slovenia, peningkatan arus pertukaran pelajar, dan potensi kerja sama mengisi perayaan 30 tahun hubungan diplomatik RI-Slovenia di tahun 2022.

#Inidiplomasi #IndonesianWay #diesediplomatie"
"2824237270082616597","CcxtNVssX0V","https://www.instagram.com/p/CcxtNVssX0V/","2022-04-25 14:02:20",2022,"inainvienna",TRUE,FALSE,"Image","feed","id",12,"D","D6","","R3-residual",0,0,0,"","","","","D","D","D",11,1,"#F1FDFD",FALSE,"Infografis angka tingkat infeksi Covid-19 di Austria dan Slovenia pada tgl 25 April 2022.

@safetravel.kemlu #NegaraHadir #Negaramelindungi #diesediplomatie"
"2824830585807205158","Ccz0HOBsnMm","https://www.instagram.com/p/Ccz0HOBsnMm/","2022-04-26 09:41:08",2022,"inainvienna",TRUE,FALSE,"Sidecar","carousel_container","unknown",5,"D","D6","","R3-residual",0,0,0,"","","","","D","D","D",7,3,"#5F5E18",TRUE,"KERAK TELOR , Jakarta's Tasty Omelet.

#Inidiplomasi
#IndonesienImbiss
#IndonesienKulinarisch #diesediplomatie #IndonesianWay"
"2824953530604910182","Cc0QETSsPZm","https://www.instagram.com/p/Cc0QETSsPZm/","2022-04-26 13:45:25",2022,"inainvienna",TRUE,FALSE,"Image","feed","unknown",1,"U","U","","U",0,0,0,"","","","","U","U","U",7,3,"#2D981D",FALSE,"Announcement 

#diesediplomatie #IndonesianWay @ppiaustria @info_wapena"
"2825089157937861352","Cc0u58FsZLo","https://www.instagram.com/p/Cc0u58FsZLo/","2022-04-26 18:14:53",2022,"inainvienna",TRUE,FALSE,"Image","feed","id",12,"D","D6","","R3-residual",0,0,0,"","","","","D","D","D",11,1,"#F1FDFD",FALSE,"Infografis angka tingkat infeksi Covid-19 di Austria dan Slovenia pada tgl 25 April 2022.

@safetravel.kemlu #NegaraHadir #Negaramelindungi #IndonesianWay #diesediplomatie"
"2825869353796242953","Cc3gTSGsA4J","https://www.instagram.com/p/Cc3gTSGsA4J/","2022-04-27 20:04:59",2022,"inainvienna",TRUE,FALSE,"Image","feed","id",12,"D","D6","","R3-residual",0,0,0,"","","","","D","D","D",11,1,"#F1FDFD",FALSE,"Infografis angka tingkat infeksi Covid-19 di Austria dan Slovenia pada tgl 27 April 2022.

@safetravel.kemlu #Negaramelindungi #NegaraHadir #IndonesianWay #diesediplomatie"
"2826285210805558010","Cc4-2zIAVr6","https://www.instagram.com/p/Cc4-2zIAVr6/","2022-04-28 09:51:50",2022,"inainvienna",TRUE,TRUE,"Video","feed","id",57,"A","A3","","max",5,0,0,"toleransi; lintas agama","","","","A","A","A",1,2,"#000000",FALSE,"Reposted from @kemlu_ri #SahabatKemlu, Pemuda dan toleransi beragama di dunia digital menjadi topik utama dalam Dialog Lintas Agama Indonesia <U+2013> Austria ke - 7, (26/4).

Dilaksanakan secara virtual di Bandung dan Wina dan dihadiri oleh Dirjen Informasi dan Diplomasi Publik @teukufaizasyah Dialog Lintas Agama menjadi wadah pertukaran pandangan mengenai peran pemuda dalam toleransi dan upaya <U+2013> upaya yang dilakukan untuk menjaga toleransi di dunia digital. #IniDiplomasi  #diesediplomatie @ppiaustria #IndonesianWay"
"2826323378166619974","Cc5HiNQAN9G","https://www.instagram.com/p/Cc5HiNQAN9G/","2022-04-28 11:07:23",2022,"inainvienna",TRUE,TRUE,"Video","feed","id",75,"D","D6","","R3-residual",1,0,0,"kuliner","","","","D","A","D",3,5,"#ECEBEC",FALSE,"Reposted from @kemenparekraf.ri Siapa yang puasanya belum bolong??? <U+0001F64B><U+0001F3FB>

Sebelum gemuruh bedug terdengar, udah kebayang mau buka puasa pakai apa, Sob? 

Daripada bingung dan ngiler-ngiler doang liatin iklan sirup di TV, mending main jackpot yuk! Itung-itung bisa jadi ide buat menu buka puasa nanti <U+0001F606>

Mimin jamin, semuanya jackpot alias enak-enak semua. SEGER!!!
Duh, emang nggak perlu diragukan deh cita rasa kuliner khas Indonesia. <U+0001F367> <U+0001F368><U+0001F379>

Ssst.. Ada yang tau asal minuman-minuman ini dari mana aja?

#BangkitBersamaKemenparekraf
#WonderfulIndonesia
#DiIndonesiaAja
#BanggaBuatanIndonesia 
#diesediplomatie #WundervollesIndonesien #WunderbaresIndonesien"
"2826399416857995550","Cc5Y0tzMSke","https://www.instagram.com/p/Cc5Y0tzMSke/","2022-04-28 13:38:08",2022,"inainvienna",TRUE,FALSE,"Sidecar","carousel_container","id",21,"D","D6","","R3-residual",1,0,0,"pariwisata","","","","D","A","D",9,10,"#FCFCFC",FALSE,"Surat Edaran Direktorat Jenderal Imigrasi Nomor IMI-0584.GR.01.01 Tahun 2022 tentang kemudahan Keimigrasian dalam rangka mendukung Pariwisata berkelanjutan pada masa pandemic Covid-19.

@safetravel.kemlu @ditjen_imigrasi #diesediplomatie @info_wapena @ppiaustria"
"2826402192690446169","Cc5ZdG_sv9Z","https://www.instagram.com/p/Cc5ZdG_sv9Z/","2022-04-28 13:43:39",2022,"inainvienna",TRUE,FALSE,"Sidecar","carousel_container","en",25,"D","D6","","R3-residual",1,0,0,"tourism","","","","D","A","D",12,11,"#FCFCFC",FALSE,"Circular Letter of the Directorate General of Immigration Number IMI-0584.GR.01.01 of 2022 concerning the ease of Immigration to support sustainable tourism during the Covid-19 Pandemic.

@ditjen_imigrasi #@tui_austria #diesediplomatie #IndonesianWay"
"2826421675064627886","Cc5d4nXsRKu","https://www.instagram.com/p/Cc5d4nXsRKu/","2022-04-28 14:22:21",2022,"inainvienna",TRUE,FALSE,"Image","feed","id",254,"D","D2","","R3-residual",0,0,0,"","","","warga","D","D","D",15,2,"#E3F0F3",FALSE,"Kepada Yth. seluruh warga Wapena yang insyaallah dimuliakan Allah

Assalaamu'alaikum Wr. Wb.

Di hari-hari menjelang ujung bulan suci Ramadhan 1443H ini, Pengurus Wapena/Panitia Ramadhan 1443H menyampaikan bahwa Wapena -- bekerja sama dan dengan dukungan serta fasilitas dari KBRI -- akan menyelenggarakan sholat Idul Fitri, yang insya Allah berlangsung pada:

<U+0001F5D2><U+FE0F> Hari/Tanggal: Senin, 2 Mei 2022
<U+23F0> Waktu Sholat: pukul 08.00 CEST (warga dihimbau untuk datang 30 menit sebelum waktu sholat)

<U+0001F516> Pendaftaran dimulai pada: Kamis, 28 April 2022, pukul 15.00 CEST melalui https://pretix.eu/wapena/sholatiedfitr22/

Tempat: 
Halaman belakang KBRI/PTRI
Gustav-Tschermak-Gasse 5-7, Wina 1180

Khatib/Imam: 
Ustadz Andi Ahmad Junirsah 

Pelaksanaan sholat mengikuti ketentuan berikut ini:

1) Jumlah total jamaah maksimum 220 orang. Setiap peserta (termasuk anggota keluarga yang akan mengikuti sholat) wajib melakukan pendaftaran terlebih dahulu dengan mengisi lengkap formulir secara online melalui tautan/link yang telah disediakan
2) Mengenakan masker;
3) Membawa sajadah sendiri, serta kantong plastik untuk wadah alas kaki masing-masing;
4) Sudah berwudhu dari rumah;
5) Jamaah berusia enam tahun ke atas wajib membawa dan menunjukkan dokumen sebagai bukti:
 a) sudah divaksinasi; 
  b) dinyatakan negatif setelah tes PCR atau antigen (sesuai ketentuan waktu kadaluarsa tes yang berlaku di Wina);
6) KBRI menyediakan kotak berisi makanan di dekat pintu gerbang, untuk dibawa oleh para jamaah saat meninggalkan tempat.
7) Jamaah diminta dengan hormat untuk tidak berkumpul/berkerumun saat baru tiba di KBRI, saat menjelang dan setelah sholat, maupun saat menjelang pulang/meninggalkan KBRI.
Semoga Allah meridhoi dan membimbing kita semua, serta memberikan kita kesehatan dan keluangan waktu untuk merayakan kemenangan yang insyaallah kita raih berkat pertolongan Allah selama bulan suci Ramadhan, dan bersama-sama menunaikan sholat Idul Fitri sesuai dengan informasi dan ketentuan
#Inidiplomasi #diesediplomatie #IndonesianWay"
"2826979255148088952","Cc7cqeSgA54","https://www.instagram.com/p/Cc7cqeSgA54/","2022-04-29 08:55:43",2022,"inainvienna",TRUE,TRUE,"Video","feed","mixed",290,"A","A2","","max",13,0,0,"budaya; seni; tari; bahasa indonesia; musik; culture; art; dance; music","","","","A","A","A",7,3,"#000000",FALSE,"Reposted from @iacs_kemlu ""Since 2003, the Government of Indonesia has been granting Indonesian Arts and Culture Scholarship (IACS) to 920 youths from 77 countries around the world.

During the three and half-months scholarship program, the awardees learn Indonesian traditional dances, music, and handicrafts; as well as study Indonesian language and discover local wisdoms. They also befriend with the locals and has captivated by the hospitality offered. Eventually, they fall in love with Indonesia.

After completing the scholarship program and return to their respective countries, they continue to practice what they have learned while promoting Indonesian arts and culture to the people of their country. They keep Indonesia dear to their heart. For them, as you can hear from the lyric of the song: Indonesia... Hatiku, Rumahku, Bangsaku (Indonesia... My Heart, My Home, My Nation). 

The official song of IACS, entitled Indonesiaku, was created by Vincent Lagea, IACS alumni batch 2007 from Papua New Guinea.

This video is about their love and longing for Indonesia.<U+201D>

---------------------------------------------------------------------

<U+201C>Sejak 2003, Pemerintah Indonesia telah memberikan Beasiswa Seni dan Budaya Indonesia (BSBI) kepada 920 pemuda dari 77 negara di dunia.

Selama tiga setengah bulan program beasiswa, para penerima beasiswa belajar tari, musik, dan kerajinan tangan tradisional Indonesia; serta mempelajari bahasa Indonesia dan menemukan kearifan lokal. Mereka juga berteman dengan penduduk setempat dan terpikat oleh keramahan yang ditawarkan. Akhirnya mereka jatuh cinta dengan Indonesia.

Setelah menyelesaikan program beasiswa dan kembali ke negaranya masing-masing, mereka terus mempraktekkan apa yang telah dipelajari sekaligus mempromosikan seni dan budaya Indonesia kepada masyarakat negaranya. Mereka menjaga Indonesia tersayang di hati mereka. Bagi mereka, seperti yang kalian dengar dari lirik lagunya: Indonesia... Hatiku, Rumahku, Bangsaku.

Lagu resmi BSBI berjudul Indonesiaku diciptakan oleh Vincent Lagea, alumni BSBI angkatan 2007 dari Papua Nugini.

Video ini tentang cinta dan kerinduan mereka pada Indonesia.<U+201D>

#inidiplomasi #indonesiauntukdunia"
"2827616524950567421","Cc9tj-Cs_n9","https://www.instagram.com/p/Cc9tj-Cs_n9/","2022-04-30 05:56:18",2022,"inainvienna",TRUE,FALSE,"Sidecar","carousel_container","id",43,"A","A1","","max",2,0,0,"pariwisata","","","pertemuan","A","A","D",5,2,"#87684C",FALSE,"Pertemuan telah terselenggara antara Dubes Damos Dumoli Agusman dengan Mr. Alexander von Der Thannen, Presiden Asosiasi Pariwisata Pasnaun-Ischgl (28/04).

Selain membahas pengalaman peningakatan pariwisata kota Ischgl, Dubes RI beserta Ibu Ermita juga berkesempatan mengunjungi fasilitas resort musim dingin Hotel Trofana Royal yang termasyur.

#Inidiplomasi #diesediplomatie #IndonesianWay"
"2827621340917286040","Cc9uqDQsESY","https://www.instagram.com/p/Cc9uqDQsESY/","2022-04-30 06:05:52",2022,"inainvienna",TRUE,FALSE,"Sidecar","carousel_container","id",49,"A","A1","","max",2,0,0,"pariwisata","","","","A","A","D",5,2,"#43454C",FALSE,"Dubes Damos Dumoli Agusman beserta Ibu Ermita melakukan kunjungan kerja kepada Mr. Kurz Werner Walikota Kota Ischgl di Negara Bagian Tirol, Austria (28/04).

Telah terjalin Sister Province antara D.I. Yogyakarta dan Negara Bagian Tirol, pengalaman tata pemerintahan dan pariwisata kota Ischgl diharapkan dapat berkontribusi terhadap pariwisata Indonesia di masa pasca pandemi.

#Inidiplomasi #diesediplomatie #indonesiaaustria"
"2827623414581185253","Cc9vIOgsErl","https://www.instagram.com/p/Cc9vIOgsErl/","2022-04-30 06:10:00",2022,"inainvienna",TRUE,FALSE,"Sidecar","carousel_container","id",34,"A","A2","","max",2,0,0,"budaya","","","bertemu","A","A","D",5,2,"#211817",FALSE,"Pada kesempatan kunjungan ke Tirol, Dubes Damos Dumoli Agusman beserta Ibu Ermita telah bertemu dengan Mr. Hermann Delago, artis Tirol yang menduniakan budaya Austria dan  Indonesia yang juga memiliki kedekatan pribadi dengan budaya Indonesia (27/04).

#diesediplomatie #indonesiaaustria #diesediplomatie"
"2827664340071549978","Cc94bxWAQwa","https://www.instagram.com/p/Cc94bxWAQwa/","2022-04-30 07:57:44",2022,"inainvienna",TRUE,TRUE,"Video","feed","id",75,"D","D4","","R3-residual",1,0,0,"bali","","","PBB","B","A","D",5,2,"#452D31",FALSE,"Reposted from @jokowi Sebagai pemegang mandat Presidensi G20 tahun 2022, dalam dua bulan terakhir, saya telah berkomunikasi dengan beberapa pemimpin negara dan Sekjen PBB tentang persiapan KTT G20 di Bali, November 2022.

Dua hari terakhir, saya juga berkomunikasi dengan Presiden Ukraina Volodymyr Zelensky dan Presiden Rusia Vladimir Putin. Dari kedua pemimpin negara itu saya mendapatkan informasi perkembangan situasi saat ini di Ukraina.

Indonesia ingin menyatukan G20, jangan sampai ada perpecahan. Perdamaian dan stabilitas adalah kunci bagi pemulihan dan pembangunan ekonomi dunia. 

@indonesia.g20 @g20org @ppiaustria @info_wapena #diesediplomatie #IndonesianWay"
"2827869315305341739","Cc-nCjaAIMr","https://www.instagram.com/p/Cc-nCjaAIMr/","2022-04-30 14:19:36",2022,"inainvienna",TRUE,TRUE,"Video","feed","en",180,"A","A2","","max",18,0,0,"festival; culture; art; dance; music; performance","","","received; meeting","A","A","A",7,3,"#FFFFFF",FALSE,"Reposted from @iacs_kemlu <U+200B>Kazaki Art School is an art studio consisting of a group of artists founded by Muzakkir Hakim, S.Pd, M.Sn in 2014. 

Besides being active in making performances, creating works, Kazaki Art School has also established dances, music, modeling and makeup where this school is a place to develop the talents and creativity of art connoisseurs.

<U+200B>Kazaki Art School has been active in arts since 2014, several times representing South Sulawesi in national events and representing Indonesia in international events, both in the context of art for art and art for entertainment so that Kazaki Art School is now starting to be widely known by the people of Makassar, South Sulawesi. 

Kazaki Art School has been going through process to process in order to have ideas to create works based on Indonesian culture which is presented in different forms.

<U+200B>Initially, Kazaki Art School joined the IACS program because it received a recommendation after meeting with Mr. Ibnu Hadi the previous year as the Indonesian Ambassador to Vietnam. 

At that time the team became an art contingent at the International Children Festival, Nha Trang, Vietnam 2018.

#inidiplomasi #diplomasipublik #kemlu_ri #iacs  #diesediplomatie"
"2828665948070784488","CdBcLFfAK3o","https://www.instagram.com/p/CdBcLFfAK3o/","2022-05-01 16:49:46",2022,"inainvienna",TRUE,TRUE,"Video","feed","en",96,"A","A2","","max",11,1,0,"seni; culture; art; dance","investment","","","A","A","A",7,3,"#708485",FALSE,"Reposted from @iacs_kemlu Sanggar Seni Sekar Kinanti was established in 2015 in Yogyakarta. It is a space to learn art which was drawn by a dancer named Kinanti Sekar Rahina.

Sanggar Seni Sekar Kinanti has been improving art's vigor as the activity of expression's liberty & self-growth with the investment upon nobleness culture's values.

Sanggar Seni Sekar Kinanti attempts to bring along a delighful learning's space, no border to share stories, to express and support one another in developing ideas because all together be one for the sake of art and culture.

see you around in Indonesia Arts and Culture Scholarship 2022.

#inidiplomasi #iacs #diplomasipublik #kemlu_ri  #diesediplomatie"
"2828697265750801271","CdBjS0WMft3","https://www.instagram.com/p/CdBjS0WMft3/","2022-05-01 17:43:33",2022,"inainvienna",TRUE,FALSE,"Image","feed","id",20,"D","D5","","R3-residual",0,0,0,"","","","selamat","D","D","D",10,4,"#2C6C89",FALSE,"Duta Besar beserta seluruh staff KBRI/PTRI Wina mengucapkan Selamat Merayakan Hari Raya Idul Fitri. Mohon Maaf Lahur dan Batin.

#Inidiplomasi #IndonesianWay #diesediplomatie"
"2828795474472961220","CdB5n8WMYTE","https://www.instagram.com/p/CdB5n8WMYTE/","2022-05-01 20:58:40",2022,"inainvienna",TRUE,FALSE,"Image","feed","id",12,"D","D6","","R3-residual",0,0,0,"","","","","D","D","D",11,14,"#F2FDFD",FALSE,"Infografis angka tingkat infeksi Covid-19 di Austria dan Slovenia pada tgl 1 Mei 2022.

@safetravel.kemlu #NegaraHadir #Negaramelindungi #diesediplomatie"
"2828813703896556803","CdB9xN0guUD","https://www.instagram.com/p/CdB9xN0guUD/","2022-05-01 22:02:34",2022,"inainvienna",TRUE,FALSE,"Video","igtv","id",20,"D","D5","","R3-residual",0,0,0,"","","","selamat","D","D","D",10,4,"#C8C8C8",FALSE,"Duta Besar beserta seluruh Staff KBRI/PTRI Wina mengucapkan ""Selamat Merayakan Hari Raya Idul Fitri, Mohon Maaf Lahir dan Batin.

#Inidiplomasi #IndonesianWay #diesediplomatie"
"2829518346753606512","CdEd_HnswNw","https://www.instagram.com/p/CdEd_HnswNw/","2022-05-02 20:54:53",2022,"inainvienna",TRUE,FALSE,"Image","feed","id",12,"D","D6","","R3-residual",0,0,0,"","","","","D","D","D",11,14,"#F2FCFB",FALSE,"Infografis angka tingkat infeksi Covid-19 di Austria dan Slovenia pada tgl 2 Mei 2022. 

@safetravel.kemlu #IndonesianWay #Negaramelindungi #NegaraHadir #diesediplomatie"
"2830534477362713242","CdIFBw_s1Ka","https://www.instagram.com/p/CdIFBw_s1Ka/","2022-05-04 06:33:45",2022,"inainvienna",TRUE,FALSE,"Image","feed","id",12,"D","D6","","R3-residual",0,0,0,"","","","","D","D","D",11,14,"#F2FCFB",TRUE,"Infografis angka tingkat infeksi Covid-19 di Austria dan Slovenia pada tgl 3 Mei 2022.

@safetravel.kemlu #Negaramelindungi #NegaraHadir #diesediplomatie"
"2830969632862508938","CdJn-HIsBeK","https://www.instagram.com/p/CdJn-HIsBeK/","2022-05-04 20:58:20",2022,"inainvienna",TRUE,FALSE,"Image","feed","id",12,"D","D6","","R3-residual",0,0,0,"","","","","D","D","D",11,14,"#F2FDFD",FALSE,"Infografis angka tingkat infeksi Covid-19 di Austria dan Slovenia pada tgl 4 Mei 2022.

@safetravel.kemlu #Negaramelindungi #NegaraHadir #diesediplomatie"
"2831711529826717864","CdMQqIhsxCo","https://www.instagram.com/p/CdMQqIhsxCo/","2022-05-05 21:32:21",2022,"inainvienna",TRUE,FALSE,"Image","feed","id",12,"D","D6","","R3-residual",0,0,0,"","","","","D","D","D",11,14,"#F2FDFD",FALSE,"Infografis angka tingkat infeksi Covid-19 di Austria dan Slovenia pada tgl 5 Mei 2022.

#Negaramelindungi #NegaraHadir @safetravel.kemlu #diesediplomatie"
"2832428518471825668","CdOzrsPMvkE","https://www.instagram.com/p/CdOzrsPMvkE/","2022-05-06 21:16:53",2022,"inainvienna",TRUE,FALSE,"Image","feed","id",12,"D","D6","","R3-residual",0,0,0,"","","","","D","D","D",11,14,"#F2FDFD",FALSE,"Infografis angka tingkat infeksi Covid-19 di Austria dan Slovenia pada tgl 6 Mei 2022.

@safetravel.kemlu #NegaraHadir #Negaramelindungi #diesediplomatie"
"2833148732352117754","CdRXcLrsjv6","https://www.instagram.com/p/CdRXcLrsjv6/","2022-05-07 21:07:49",2022,"inainvienna",TRUE,FALSE,"Image","feed","id",12,"D","D6","","R3-residual",0,0,0,"","","","","D","D","D",11,14,"#F2FDFD",FALSE,"Infografis angka tingkat infeksi Covid-19 di Austria dan Slovenia pada tgl 7 Mei 2022.

@safetravel.kemlu #NegaraHadir #Negaramelindungi #diesediplomatie"
"2833840691454583841","CdT0xg0MqQh","https://www.instagram.com/p/CdT0xg0MqQh/","2022-05-08 20:02:37",2022,"inainvienna",TRUE,FALSE,"Image","feed","id",12,"D","D6","","R3-residual",0,0,0,"","","","","D","D","D",11,14,"#F2FDFD",FALSE,"Infografis angka tingkat infeksi Covid-19 di Austria dan Slovenia pada tgl 8 Mei 2022.

@safetravel.kemlu #NegaraHadir #Negaramelindungi #diesediplomatie"
"2834214002551195965","CdVJp53gIk9","https://www.instagram.com/p/CdVJp53gIk9/","2022-05-09 08:25:34",2022,"inainvienna",TRUE,TRUE,"Video","feed","id",99,"D","D6","","R3-residual",1,1,0,"film","ekonomi indonesia","","","B","A","D",3,5,"#7E559B",FALSE,"Reposted from @pesona.indonesia Sob, beberapa waktu yang lalu, seorang mahasiswi ITB jurusan DKV berhasil menorehkan prestasi luar biasa, karena berhasil ditunjuk Disney Pixar menjadi ilustrator untuk film, Turning Red! <U+2764><U+FE0F><U+26E9>

Ternyata, Emmanuelle Elizabeth tak sendiri lho, ada banyak banget ilustrator dan animator Indonesia yang sudah mendunia! <U+0001F1EE><U+0001F1E9><U+2728>

Ini beberapa di antaranya! <U+261D><U+FE0F>

BANGGA!!! <U+0001F44F><U+0001F4AF> 

Mereka jadi bukti nih Sob, kalau karya-karya anak bangsa juga bisa bersaing dan patut diperhitungkan di kancah internasional <U+0001F30E><U+0001FAF6><U+0001F3FB>

Semoga makin banyak ya, anak-anak muda lainnya yang menorehkan prestasi di kancah dunia agar peluang usaha dan lapangan kerja makin luas terbuka dan kebangkitan ekonomi Indonesia makin menggeliat dan melesat <U+0001F680><U+0001F60A>

#DiIndonesiaAja
#WonderfulIndonesia 
#diesediplomatie #IndonesianWay"
"2834503822006775029","CdWLjVRM2z1","https://www.instagram.com/p/CdWLjVRM2z1/","2022-05-09 18:00:08",2022,"inainvienna",TRUE,FALSE,"Image","feed","id",12,"D","D6","","R3-residual",0,0,0,"","","","","D","D","D",11,14,"#F2FDFD",FALSE,"Infografis angka tingkat infeksi Covid-19 di Austria dan Slovenia pada tgl 9 Mei 2022.

@safetravel.kemlu #Negaramelindungi #NegaraHadir #diesediplomatie"
"2835210609517280535","CdYsQcbsj0X","https://www.instagram.com/p/CdYsQcbsj0X/","2022-05-10 17:24:24",2022,"inainvienna",TRUE,FALSE,"Image","feed","id",12,"D","D6","","R3-residual",0,0,0,"","","","","D","D","D",11,14,"#F2FCFC",FALSE,"Infografis angka tingkat infeksi Covid-19 di Austria dan Slovenia pada tgl 10 Mei 2022.

@safetravel.kemlu #negaramelindungi #NegaraHadir #diesediplomatie"
"2835619440038740497","CdaJNths4IR","https://www.instagram.com/p/CdaJNths4IR/","2022-05-11 06:56:40",2022,"inainvienna",TRUE,TRUE,"Sidecar","carousel_container","mixed",179,"A","A1","","max",12,1,0,"pariwisata; labuan bajo; komodo; tourism","quality","","pertemuan; meeting; community","A","A","A",1,3,"#73254F",FALSE,"Reposted from @g20org The Tourism Working Group will hold its first meeting on 10-11 May 2022, in Komodo, Labuan Bajo.

The main issue that will be discussed in The 1st Tourism Working Group is strengthening the community as agents of change for a more quality and sustainable tourism transformation, centered on five lines of action. Each line of action will be discussed in each session of this two-day meeting. 

Through this forum, it is hoped that countries can strengthen synergies so that all efforts to recover and revive the tourism sector and creative economy post-COVID-19 can be realized.

*****

Tourism Working Group (TWG) akan mengadakan pertemuan pertamanya pada 10-11 Mei 2022, di Komodo, Labuan Bajo.

Isu utama yang akan dibahas dalam Pertemuan Pertama Tourism Working Group adalah penguatan masyarakat sebagai agen perubahan untuk transformasi pariwisata yang lebih berkualitas dan berkelanjutan, berpusat pada lima pilar aksi. Setiap pilar aksi ini akan dibahas dalam sesi pertemuan yang dilaksanakan dalam dua hari.

Melalui forum ini, diharapkan negara-negara dapat memperkuat sinergi sehingga segala upaya untuk memulihkan dan membangkitkan sektor pariwisata dan ekonomi kreatif pasca COVID-19 dapat terwujudkan.
#G20Indonesia #RecoverTogetherRecoverStronger
#diesediplomatie #IndonesianWay"
"2835680304016992765","CdaXDZhgSn9","https://www.instagram.com/p/CdaXDZhgSn9/","2022-05-11 08:58:12",2022,"inainvienna",TRUE,TRUE,"Video","feed","id",137,"A","A1","","max",5,1,0,"pariwisata; labuan bajo; tourism","investasi","","","A","A","A",1,3,"#050406",FALSE,"Reposted from @kemenparekraf.ri SESI 1 TOURISM WORKING GROUP

Forum Tourism Working Group (TWG) merupakan bagian dari rangkaian acara KTT G20 Indonesia 2022. Forum ini dilaksanakan selama dua hari pada 10<U+2014>11 Mei 2022 di Labuan Bajo. 

Dalam sesi pertama, Menparekraf @sandiuno turut hadir dan memberikan sambutan secara daring. Selain itu, sejumlah organisasi internasional (UNWTO, WTTC, ILO, OECD) juga turut memberikan perkembangan terkait pariwisata global. 

Forum ini juga sekaligus menjadi pintu promosi parekraf tanah air, salah satunya dengan memberikan para delegasi beragam suvenir dari jenama-jenama nusantara. 

Ada 5 isu yang menjadi pembahasan forum TWG: 

<U+0001F449><U+0001F3FB> Sumber daya manusia (pekerjaan, keterampilan, kewirausahaan, dan edukasi)
<U+0001F449><U+0001F3FB> inovasi, digitalisasi, dan ekonomi kreatif
<U+0001F449><U+0001F3FB>Pemberdayaan perempuan dan generasi muda
<U+0001F449><U+0001F3FB>Aksi terhadap iklim, konservasi keanekaragaman hayati, dan konsep ekonomi circular 
<U+0001F449><U+0001F3FB> Kebijakan, tata kelola, dan investasi.

Hadirnya forum ini diharapkan dapat menghasilkan kebijakan yang tepat waktu, tepat manfaat, dan tepat sasaran dalam memulihkan pariwisata global.<U+0001F30E> 

#TWG #TourismWorkingGroup
#LabuanBajo
#G20Indonesia
#PulihBersama
#WonderfulIndonesia
#BangkitBersamaKemenparekraf #diesediplomatie #IndonesianWay"
"2836006502264937630","CdbhONUMxye","https://www.instagram.com/p/CdbhONUMxye/","2022-05-11 19:45:42",2022,"inainvienna",TRUE,FALSE,"Image","feed","id",11,"D","D6","","R3-residual",0,0,0,"","","","","D","D","D",11,14,"#F2FEFE",FALSE,"Infografis angka tingkat Covid-19 di Austria dan Slovenia pada tgl 11 Mei 2022.

@safetravel.kemlu #negaramelindungi #NegaraHadir #diesediplomatie"
"2836381309212840994","Cdc2cXfMFQi","https://www.instagram.com/p/Cdc2cXfMFQi/","2022-05-12 08:10:22",2022,"inainvienna",TRUE,TRUE,"Sidecar","carousel_container","id",128,"A","A1","","max",11,0,0,"pariwisata; bali; tourism; festival","","","meeting","A","A","A",1,3,"#241631",TRUE,"Reposted from @indonesia.g20 Delegasi G20 yang hadir secara daring pada <U+201C>The 1st Tourism Working Group 2022<U+201D> sependapat bahwa penyusunan Bali Guidelines akan memberikan kontribusi dalam pemulihan ekonomi global yang berpusat pada sektor pariwisata dan ekonomi kreatif, serta mampu menciptakan lapangan pekerjaan yang lebih luas.

Negara anggota G20 telah menyampaikan pendapat hingga best practice yang mereka lakukan dalam menghadapi isu yang terdapat dalam Bali Guideline, untuk nantinya dibahas kembali dalam Tourism Working Group Meeting yang kedua dan akan disepakati bersama pada Tourism Ministerial Meeting.

Dalam kesempatan itu, Chair Tourism Working Group (TWG), Frans Teguh juga mengundang para delegasi ke berbagai acara side event G20, yaitu Asian Venture Philanthropy Network Conference pada 21-24 Juni 2022 di Bali, International Wellness Tourism Conference and Festival pada 5-7 Agustus 2022 di Solo, dan World Conference on Creative Economy pada 5-7 Oktober 2022 di Bali.

#G20Indonesia #PulihBersama 
#diesediplomatie #IndonesianWay"
"2836560604610750847","CddfNdVsOl_","https://www.instagram.com/p/CddfNdVsOl_/","2022-05-12 14:06:36",2022,"inainvienna",TRUE,FALSE,"Sidecar","carousel_container","unknown",3,"D","D6","","R3-residual",1,0,0,"tourism","","","","D","A","D",7,3,"#EEEC7F",FALSE,"Indonesian Halal Tourism

#Inidiplomasi #IndonesianWay #diesediplomatie"
"2836722175299450665","CdeD8nxMncp","https://www.instagram.com/p/CdeD8nxMncp/","2022-05-12 19:27:36",2022,"inainvienna",TRUE,FALSE,"Image","feed","id",12,"D","D6","","R3-residual",0,0,0,"","","","","D","D","D",11,14,"#F2FDFD",FALSE,"Infografis angka tingkat infeksi Covid-19 di Austria dan Slovenia pada tgl 12 Mei 2022.

@safetravel.kemlu #negaramelindungi #NegaraHadir #IndonesianWay #diesediplomatie"
"2837103177726258939","Cdfak77gW77","https://www.instagram.com/p/Cdfak77gW77/","2022-05-13 08:15:51",2022,"inainvienna",TRUE,FALSE,"Video","igtv","id",31,"A","A2","","max",6,0,0,"pariwisata; bali; gamelan; film; workshop","","","","A","A","A",5,2,"#000000",FALSE,"KBRI/PTRI Wina mengadakan workshop Gamelan untuk murid Vienna International School di Vienna pada tgl 11 Mei 2022.

Workshop dibuka oleh Bapak Arif Sulaksono diikuti dengan penayangan Film G20 serta video klip pariwisata Bali.

#Inidiplomasi #WundervollesIndonesien #Wundersch<U+00F6>neIndonesien #diesediplomatie #Indonesiauntukdunia"
"2837175318186445827","Cdfq-t-AkwD","https://www.instagram.com/p/Cdfq-t-AkwD/","2022-05-13 10:28:44",2022,"inainvienna",TRUE,TRUE,"Video","feed","id",115,"B","B2","","max",0,2,0,"","kendaraan listrik","","","B","B","D",1,3,"#FBF7F7",TRUE,"Reposted from @indonesia.g20 Transisi energi berkelanjutan merupakan salah satu isu prioritas yang diangkat pada forum Presidensi G20 Indonesia. Sehubungan dengan hal tersebut, forum ini diharapkan dapat mencapai kesepakatan dalam mempercepat dan memperkuat transisi energi global yang berkelanjutan dan berkesinambungan.

Terlebih lagi sektor energi merupakan kontributor perubahan iklim paling dominan yang menyumbang hampir 90% dari emisi CO2 secara global. Maka dari itu, transisi energi yang berkelanjutan memiliki tingkat urgensi yang tinggi dan harus menjadi perhatian dunia. 

Salah satu upaya transisi energi telah diterapkan dalam gelaran G20, yaitu dengan penggunaan kendaraan listrik yang ramah lingkungan untuk mobilisasi selama gelaran G20 berlangsung. Penggunaan kendaraan listrik ini juga merupakan salah satu strategi untuk mencapai target Indonesia menurunkan emisi sebanyak 29% pada 2030 dan emisi nol pada 2060.

#G20Indonesia #PulihBersama 
#diesediplomatie #IndonesianWay"
"2837249051769062446","Cdf7vruAkQu","https://www.instagram.com/p/Cdf7vruAkQu/","2022-05-13 12:55:12",2022,"inainvienna",TRUE,TRUE,"Video","feed","mixed",167,"B","B2","A","max",3,4,0,"gunung; cultural","market","","","B","B","B",1,5,"#6D8462",FALSE,"Reposted from @g20org The Argowijil Ecological Market in Gunungkidul<U+00A0>Regency, Special Region of Yogyakarta, Indonesia is a traditional market that embodies the principles of controlling (recovering) the development of the mining sector combined with a cultural Javanese theme.

Argowijil Ecological Market was built on ex-mining land as an effort to restore damaged land. Besides functioning as a place for buying and selling, this market also uses supporting facilities that are environmentally sound including solar power, and is equipped with waste processing facilities.

Watch the full video on Youtube channel: Ditjen PPKL or go to bit.ly/39hj8XL<U+2028>
*
Pasar Ekologi Argowijil yang terletak di Gunungkidul, Daerah Istimewa Yogyakarta, Indonesia adalah pasar tradisional yang mengejawantahkan prinsip pengendalian (pemulihan) pembangunan sektor pertambangan dengan nilai bertemakan jawa.

Pasar Ekologi Argowijil dibangun di atas lahan bekas tambang sebagai upaya pemulihan lahan yang rusak. Selain berfungsi sebagai tempat jual beli, pasar ini juga menggunakan sarana penunjang yang berwawasan lingkungan, diantaranya listrik tenaga matahari, serta dilengkapi dengan fasilitas pengolah sampah. 

Tonton video lengkapnya di kanal Youtube: DItjen PPKL atau kunjungi bit.ly/39hj8XL

#G20Indonesia #RecoverTogetherRecoverStronger #diesediplomatie #IndonesianWay"
"2837467475076982027","CdgtaKRsCUL","https://www.instagram.com/p/CdgtaKRsCUL/","2022-05-13 20:08:23",2022,"inainvienna",TRUE,FALSE,"Image","feed","id",12,"D","D6","","R3-residual",0,0,0,"","","","","D","D","D",11,14,"#F2FEFE",FALSE,"Infografis angka tingkat infeksi Covid-19 di Austria dan Slovenia pada tgl 13 Mei 2022.

@safetravel.kemlu #NegaraHadir #Negaramelindungi #diesediplomatie"
"2837496990260188415","Cdg0HqbstT_","https://www.instagram.com/p/Cdg0HqbstT_/","2022-05-13 21:07:02",2022,"inainvienna",TRUE,FALSE,"Image","feed","unknown",1,"U","U","","U",0,0,0,"","","","","U","U","U",7,3,"#0AAAB6",FALSE,"Announcement"
"2837809795001509101","Cdh7PkjMGTt","https://www.instagram.com/p/Cdh7PkjMGTt/","2022-05-14 07:28:31",2022,"inainvienna",TRUE,TRUE,"Image","feed","en",24,"A","A2","","max",2,0,0,"culture; art","","","meeting","A","A","D",7,3,"#E9E2D5",FALSE,"Reposted from @iacs_kemlu Halo #FriendsofIndonesia ! please join us in the Opening of the Indonesian Arts & Culture Scholarship (IACS) Virtual 2022, Saturday, 14 May 2022, 14.30 WITA.

Zoom Meeting ID : 998 27290399
Passcode : 176461

@kazakiartschool @sanggarsyofyani @langlangbuana1992 @sanggarkinanti @gubangartcommunity @iacs.bali @kemlu_ri
#inidiplomasi #iacs #diplomasipublik 
#iacs #diesediplomatie"
"2838949885530827207","Cdl-eEmM2nH","https://www.instagram.com/p/Cdl-eEmM2nH/","2022-05-15 21:13:40",2022,"inainvienna",TRUE,FALSE,"Image","feed","id",12,"D","D6","","R3-residual",0,0,0,"","","","","D","D","D",11,14,"#F2FEFE",FALSE,"Infografis angka tingkat infeksi Covid-19 di Austria dan Slovenia pada tgl 15 Mei 2022.

@safetravel.kemlu #NegaraHadir #Negaramelindungi #diesediplomatie"
"2838983196404637074","CdmGCzxAF2S","https://www.instagram.com/p/CdmGCzxAF2S/","2022-05-15 22:22:42",2022,"inainvienna",TRUE,FALSE,"Video","clips","unknown",14,"D","D5","","R3-residual",0,0,0,"","","","selamat hari raya; waisak; selamat","D","D","D",10,4,"#F6CD7A",FALSE,"Duta Besar beserta seluruh staff  KBRI/PTRI Wina mengucapkan 

Selamat hari Raya Waisak 2566 BE.

#diesediplomatie #IndonesianWay #waisak2022 #diesediplomatie"
"2839246501600974282","CdnB6Z1slXK","https://www.instagram.com/p/CdnB6Z1slXK/","2022-05-16 07:03:00",2022,"inainvienna",TRUE,TRUE,"Sidecar","carousel_container","id",74,"A","A1","","max",2,0,0,"borobudur; festival","","","waisak","A","A","D",3,5,"#16100F",FALSE,"Reposted from @pesona.indonesia WAJIB DATENG KE SINI BUAT NERBANGIN LAMPION<U+0001F979>

Setelah 2 tahun absen, Festival Lampion Nasional hadir kembali<U+0001F389>

Acara ini merupakan puncak dari rangkaian kegiatan Waisak nasional yang kamu bisa ikutin<U+0001F929> 

Catat tanggalnya yaaa: 
<U+0001F5D3> Senin, 16 Mei 2022 
<U+0001F4CD> Pelataran Candi Borobudur 
<U+23F0> Sesi 1: 18.00-19.30 WIB 
  Sesi 2: 20.30-22.00 WIB 

Tiketnya bisa kamu pesan melalui:
linktr.ee/lampionwaisak2022

Yuk, nerbangin lampion ramah lingkungan sama bestie atau ayang, Sob! Kira-kira sambil nulis harapan apa nih, di lampionnya? Hehehe semoga dia peka yaa<U+0001F979>

#WonderfulIndonesia #DiIndonesiaAja 
#diesediplomatie 
#IndonesianWay"
"2839510740748049745","Cdn9_luMZ1R","https://www.instagram.com/p/Cdn9_luMZ1R/","2022-05-16 15:47:59",2022,"inainvienna",TRUE,FALSE,"Image","feed","id",12,"D","D6","","R3-residual",0,0,0,"","","","","D","D","D",11,14,"#F2FEFE",TRUE,"Infografis angka tingkat infeksi Covid-19 di Austria dan Slovenia pada tgl 16 Mei 2022.

@safetravel.kemlu #diesediplomatie #NegaraHadir #Negaramelindungi"
"2840030884574486119","Cdp0QraM15n","https://www.instagram.com/p/Cdp0QraM15n/","2022-05-17 09:01:25",2022,"inainvienna",TRUE,TRUE,"Sidecar","carousel_container","mixed",138,"B","B3","","max",0,5,0,"","produk; product; produkt","","meeting","B","B","B",1,3,"#561B50",FALSE,"Reposted from @g20org Join the 2nd Side Event of G20 EMPOWER Indonesia with the theme <U+201C>Rebuilding Women<U+2019>s Productivity Post Pandemic<U+201D> that will be held virtually on:
Date: Wednesday, 18 May 2022
Time: 2:00-4:30 PM (GMT+7) 
Link: bit.ly/G20EMPOWER-2ndSideEvent

This event will discuss why the government needs to scale up women<U+2019>s productivity post-pandemic and how private sectors can support it. The 2nd Side Event of G20 EMPOWER is going to be held as a part of G20 EMPOWER 2nd Plenary Meeting in Yogyakarta.

*****

Jadilah bagian dari G20 dengan mengikuti 2nd Side Event G20 EMPOWER Indonesia dengan tema <U+201C>Rebuilding Women<U+2019>s Productivity Post Pandemic<U+201D> yang akan dilaksanakan secara virtual pada:
Tanggal: Rabu, 18 Mei 2022
Waktu: 14:00-16:30 WIB(GMT+7)
Link: bit.ly/G20EMPOWER-2ndSideEvent

Acara ini akan membahas mengapa pemerintah perlu meningkatkan produktivitas perempuan pasca pandemi dan bagaimana sektor swasta dapat mendukung hal tersebut. Kegiatan 2nd Side Event G20 EMPOWER diselenggarakan sebagai bagian dari G20 EMPOWER 2nd Plenary Meeting di Yogyakarta.
#G20Indonesia #RecoverTogetherRecoverStronger 
#diesediplomatie #IndonesianWay"
"2840156285137315571","CdqQxfyM-bz","https://www.instagram.com/p/CdqQxfyM-bz/","2022-05-17 13:10:34",2022,"inainvienna",TRUE,FALSE,"Sidecar","carousel_container","unknown",6,"D","D6","","R3-residual",0,0,0,"","","","","D","D","D",5,2,"#1F1109",FALSE,"EID UL FITR FEAST IN INDONESIA.

#inidiplomasi #indonesienculinary #WundervollesIndonesien #WunderbaresIndonesien #diesediplomatie"
"2840224635238377723","CdqgUHxsmj7","https://www.instagram.com/p/CdqgUHxsmj7/","2022-05-17 15:26:22",2022,"inainvienna",TRUE,FALSE,"Image","feed","id",12,"D","D6","","R3-residual",0,0,0,"","","","","D","D","D",11,14,"#F2FCFC",FALSE,"Infografis angka tingkat infeksi Covid-19 di Austria dan Slovenia pada tgl 17 Mei 2022.

@safetravel.kemlu #diesediplomatie #NegaraHadir #Negaramelindungi"
"2840715381377684968","CdsP5avAVXo","https://www.instagram.com/p/CdsP5avAVXo/","2022-05-18 07:41:58",2022,"inainvienna",TRUE,TRUE,"Video","feed","mixed",182,"B","B2","","max",0,5,1,"","PDB; GDP; perdagangan; kerja sama ekonomi; trade","policy","","B","B","B",1,3,"#422A6E",FALSE,"Reposted from @g20org G20 holds a crucial role as the premier forum for international economic cooperation to deal with the current multifaceted and complex global economic challenges. 

The members of the G20 supported the adaptation of the existing agenda to enable the G20 to address the economic impact of the current geopolitical situation while also maintaining a commitment to address pre-existing global challenges and lead the world back to strong, sustainable, inclusive and balanced growth.

Representing more than 60% of the world population, 75% of global trade and more than 80% of world GDP, the G20 Forum plays a significant role in determining the direction of world economic policy.
*
G20 memegang peran penting sebagai forum utama kerja sama ekonomi internasional untuk menghadapi tantangan ekonomi global yang beragam dan kompleks saat ini.

Anggota G20 mendukung adaptasi agenda yang ada untuk memungkinkan G20 mengatasi dampak ekonomi dari situasi geopolitik saat ini sambil juga mempertahankan komitmen untuk mengatasi tantangan global yang sudah ada sebelumnya dan memimpin dunia kembali ke arah pertumbuhan yang kuat, berkelanjutan, inklusif, dan seimbang.

Mewakili lebih dari 60% populasi dunia, 75% perdagangan global dan lebih dari 80% PDB dunia, forum G20 berperan signifikan dalam menentukan arah kebijakan ekonomi dunia.
#G20Indonesia #RecoverTogetherRecoverStronger 
#IndonesianWay #diesediplomatie @ppiaustria"
"2840904813849533318","Cds6-BeMtuG","https://www.instagram.com/p/Cds6-BeMtuG/","2022-05-18 13:57:46",2022,"inainvienna",TRUE,FALSE,"Sidecar","carousel_container","id",18,"D","D6","","R3-residual",0,0,0,"","","","","D","D","D",9,10,"#FCFCFC",FALSE,"Surat Edaran Satugan Tugas Penanganan Covid-19 No.18 tahun 2022, tentang ketentuan perjalanan orang dalam Negeri pada masa Pandemi Covid-19. 

@safetravel.kemlu #Negaramelindungi #NegaraHadir #diesediplomatie @info_wapena"
"2840906535862885095","Cds7XFOMVrn","https://www.instagram.com/p/Cds7XFOMVrn/","2022-05-18 14:01:11",2022,"inainvienna",TRUE,FALSE,"Sidecar","carousel_container","en",22,"D","D6","","R3-residual",1,0,0,"travel","","","","D","A","D",12,11,"#FDFDFD",FALSE,"Circular Letter of the Covid-19 Handling Task Force Number 18 of 2022 concerning  the Health Protocol of Domestic Travel during the Corona Virus Diseases. 

@safetravel.kemlu #Negaramelindungi #NegaraHadir #diesediplomatie"
"2840929680104720198","CdtAn3-gYdG","https://www.instagram.com/p/CdtAn3-gYdG/","2022-05-18 14:47:24",2022,"inainvienna",TRUE,TRUE,"Video","feed","id",32,"A","A2","","max",2,0,0,"festival","","","waisak","A","A","D",3,5,"#080506",FALSE,"Reposted from @pesona.indonesia Simak betapa syahdunya prosesi penulisan harapan dan pelepasan lampion di Festival Lampion Waisak #Borobudur 2022, seperti yang ditunjukkan oleh @dwphotography86. Siapa aja yang kemarin ikut serta dalam festival ini? Coba angkat tangan, Sob! <U+0001F590><U+FE0F>

<U+0001F3A5>: @dwphotography86

#WonderfulIndonesia #DiIndonesiaAja 
#WundervollesIndonesien #WunderbaresIndonesien
#dieseidiplomatie #waisak2022 
#borobudur"
"2840944555467036662","CdtEAVvMVf2","https://www.instagram.com/p/CdtEAVvMVf2/","2022-05-18 15:16:43",2022,"inainvienna",TRUE,FALSE,"Image","feed","id",12,"D","D6","","R3-residual",0,0,0,"","","","","D","D","D",11,14,"#F2FDFD",FALSE,"Infografis angka tingkat infeksi Covid-19 di Austria dan Slovenia pada tgl 18 Mei 2022.

@safetravel.kemlu #Negaramelindungi #NegaraHadir #diesediplomatie"
"2841452179841316347","Cdu3bPxs3X7","https://www.instagram.com/p/Cdu3bPxs3X7/","2022-05-19 08:05:17",2022,"inainvienna",TRUE,FALSE,"Sidecar","carousel_container","en",21,"D","D6","","R3-residual",1,0,0,"travel","","","","D","A","D",12,11,"#FBFBFA",FALSE,"Circular Letter of the Covid-19 Handling Task Force Number 19 of 2022 concerning Health Protocol for Overseas Travel during the Corona Virus Diseases.

@ditjen_imigrasi @safetravel.kemlu #Negaramelindungi #NegaraHadir #diesediplomatie @info_wapena @ppiaustria"
"2841459610268951907","Cdu5HX5s2Vj","https://www.instagram.com/p/Cdu5HX5s2Vj/","2022-05-19 08:20:03",2022,"inainvienna",TRUE,FALSE,"Sidecar","carousel_container","id",17,"D","D6","","R3-residual",0,0,0,"","","","","D","D","D",9,10,"#FDFDFC",FALSE,"Surat Edaran Satugan Tugas Penanganan Covid-19 tahun 2022, tentang Protokol Kesehatan Perjalanan Luar Negeri pada masa pandemi Covid-19. 

@safetravel.kemlu #Negaramelindungi #NegaraHadir #diesediplomatie @info_wapena @ppiaustria"
"2841490104956071770","CdvADISsa9a","https://www.instagram.com/p/CdvADISsa9a/","2022-05-19 09:20:38",2022,"inainvienna",TRUE,FALSE,"Sidecar","carousel_container","unknown",6,"D","D6","","R3-residual",0,0,0,"","","","","D","D","D",NA,NA,"#58652B",TRUE,"PURUN STRAW

An Environmentally Friendly Straw

#Inidiplomasi #diesediplomatie @purun.ecostraw"
"2841587745299692466","CdvWP-8sPuy","https://www.instagram.com/p/CdvWP-8sPuy/","2022-05-19 12:34:38",2022,"inainvienna",TRUE,TRUE,"Image","feed","mixed",206,"B","B3","","max",0,2,0,"","quality","","pertemuan; meeting; United Nations","B","B","D",1,3,"#2E1B61",FALSE,"Reposted from @g20org You<U+2019>re invited to attend a press conference regarding the results of the second G20 Education Working Group (EdWG) meeting which will be held on:
date: Friday, 20 May 2022
time: 9:45-10:00 AM (GMT+7)
registration: bit.ly/G20EdWGpress 

Continuing the global effort to recover together and create quality education worldwide, G20 Education Working Group (EdWG) meeting, held on 18-19 May 2022, focused to discuss on two priority agendas of the G20 EdWG, Universal Quality Education and Digital Technologies in Education. 

In the second meeting, delegates prepared the first draft of the G20 EdWG report and the draft of the Ministerial Declaration. In addition, discussions to renew the global commitment to improving education at the United Nations Transforming Education Summit (TES) were initiated.

*****<U+FFFD>
Anda diundang untuk menghadiri konferensi pers mengenai hasil pertemuan G20 Education Working Group (EdWG) kedua yang akan diadakan pada:
tanggal: Jumat, 20 Mei 2022
waktu: 09:45-10:00 WIB
pendaftaran: bit.ly/G20EdWGpress

Melanjutkan upaya global untuk pulih bersama dan menciptakan pendidikan berkualitas di seluruh dunia, pertemuan EdWG G20, yang diadakan pada 18-19 Mei 2022, berfokus pada dua agenda prioritas dari EdWG G20, yaitu Pendidikan Berkualitas Universal dan Teknologi Digital dalam Pendidikan.

Pada pertemuan kedua, para delegasi menyiapkan draft laporan pertama EdWG G20 dan draft Deklarasi Menteri. Selain itu, diskusi untuk memperbarui komitmen global guna meningkatkan pendidikan di United Nations Transforming Education Summit (TES) juga diinisiasikan pada pertemuan ini.
#G20Indonesia #RecoverTogetherRecoverStronger  #diesediplomatie"
"2842464581989842327","CdydnowIj2X","https://www.instagram.com/p/CdydnowIj2X/","2022-05-20 17:36:45",2022,"inainvienna",TRUE,FALSE,"Image","feed","id",12,"D","D6","","R3-residual",0,0,0,"","","","","D","D","D",11,14,"#FCFBFB",FALSE,"Infografis angka tingkat infeksi Covid-19 di Austria dan Slovenia pada tgl 20 Mei 2022.

@safetravel.kemlu #Negaramelindungi #NegaraHadir #diesediplomatie"
"2842469336342338757","Cdyes0loBzF","https://www.instagram.com/p/Cdyes0loBzF/","2022-05-20 17:48:52",2022,"inainvienna",TRUE,TRUE,"Video","feed","id",80,"A","A1","","max",3,0,0,"wisata; destinasi; kuliner","","","","A","A","A",3,5,"#817C72",FALSE,"Reposted from @pesona.indonesia Udah pernah belanja dari atas perahu belum, Sob?<U+0001F6A3><U+0001F96C><U+0001F345>

Kalau belum, wajib mampir ke Kota Seribu Sungai, Banjarmasin! 

Selain banyak ragam wisata sungai yang unik, ternyata kulinernya juga ciamik!<U+0001F60D>

Dengan potensinya yang juara, diharapkan sektor parekraf khususnya di Kota Seribu Sungai ini bisa terus jadi bagian dari kebangkitan ekonomi nasional, menciptakan peluang usaha dan lapangan kerja seluas-luasnya.

Nah, kira-kira kalau ke sini, Sobat Pesona bakal mampir ke destinasi yang mana dulu, nih?<U+0001F440>

Share di kolom komentar, ya! 

#WundervollesIndonesien #WunderbaresIndonesien #diesediplomatie #IndonesianTourism #IndonesianWay"
"2842493425028285402","CdykLW7McPa","https://www.instagram.com/p/CdykLW7McPa/","2022-05-20 18:34:03",2022,"inainvienna",TRUE,TRUE,"Sidecar","carousel_container","mixed",124,"D","D6","","R3-residual",0,0,0,"","","","","D","D","D",1,3,"#421F53",FALSE,"Reposted from @g20org You<U+2019>re invited to be a part of Youth 20 (Y20) Indonesia by participating in the Y20 Indonesia 2022 Pre-Summit 3: Sustainable and Livable Planet, which will be held on:
Date: 21-22 May 2022
Registration: bit.ly/RegistrationY20Indonesia

There will be a talk show on the priority issues of Sustainable and Livable Planet on the first and second day of the Pre-Summit, where each expert speaker in their respective field will share their expertise.

*****

Anda diundang untuk menjadi bagian dari Youth 20 (Y20) Indonesia dengan berpartisipasi dalam Pre-Summit 3: Sustainable and Livable Planet Y20 Indonesia 2022 yang akan diadakan pada
Tanggal: 21-22 Mei 2022
Registrasi: bit.ly/RegistrationY20Indonesia

Akan ada talk show tentang isu-isu prioritas Planet Berkelanjutan dan Layak Huni pada hari pertama dan kedua Pre-Summit di mana setiap pembicara yang ahli di bidangnya masing-masing akan berbagi keahliannya
#G20Indonesia #RecoverTogetherRecoverStronger 
#diesediplomatie @ppiaustria @ppislovenia"
"2843253814863321997","Cd1REfJM9uN","https://www.instagram.com/p/Cd1REfJM9uN/","2022-05-21 19:44:49",2022,"inainvienna",TRUE,FALSE,"Image","feed","id",12,"D","D6","","R3-residual",0,0,0,"","","","","D","D","D",11,14,"#F2FEFE",FALSE,"Infografis angka tingkat infeksi Covid-19 di Austria dan Slovenia pada tgl 21 Mei 2022.

@safetravel.kemlu #Negaramelindungi #NegaraHadir #diesediplomatie"
"2844334168369830467","Cd5GtswMJpD","https://www.instagram.com/p/Cd5GtswMJpD/","2022-05-23 07:31:17",2022,"inainvienna",TRUE,TRUE,"Sidecar","carousel_container","mixed",239,"B","B2","","max",0,6,1,"","investasi; investor; investment","safe; policy","multilateral","B","B","B",1,3,"#471E50",FALSE,"Reposted from @g20org As the turbulence of the pandemic is not yet over, the current geopolitical turmoil could prove to be a new global macroeconomic game-changer. The impacts of this double-edged crisis on infrastructure systems, including energy and digital components, will be vast. The situation requires a prompt assessment of multilateral investment and financing responses.

Join us in the virtual seminar with the theme <U+201C>Joining Forces for Recovery and A Safe, Sustainable Future<U+201D>. The main discussion will be focusing on infrastructure investment in the face of the current global situation and some of the challenges affecting investors and identifying possible solutions to contribute to a robust, multilateral G20 policy agenda on infrastructure.

Register yourself and be a part of this seminar here: bit.ly/G20JointForcesForRecovery
#G20Indonesia #RecoverTogetherRecoverStronger

*****

Sementara pandemi masih belum berakhir, kondisi geopolitik yang terjadi saat ini dapat menjadi pengatur baru dari sistem makroekonomi secara global. Krisis ini dapat menimbulkan dampak yang bersifat luas bagi sistem infrastruktur, termasuk di dalamnya komponen energi dan digital. Oleh karenanya, situasi ini memerlukan penilaian yang cepat atas tanggapan investasi dan pembiayaan multilateral.

Seminar virtual yang mengangkat tema <U+201C>Joining Forces for Recovery and A Safe, Sustainable Future<U+201D> ini akan memiliki dua sesi utama. Sesi pertama membahas mengenai investasi infrastruktur dalam menghadapi situasi global saat ini, dan sesi kedua akan difokuskan kepada beberapa tantangan yang mempengaruhi investor dan mengidentifikasi kemungkinan solusi yang ada untuk berkontribusi pada agenda kebijakan multilateral G20 yang kuat di bidang infrastruktur.

Ayo daftarkan dirimu dan jadi bagian dari seminar ini melalui link: bit.ly/G20JointForcesForRecovery
#G20Indonesia #RecoverTogetherRecoverStronger #IWG #diesediplomatie #IndonesianWay"
"2844392436932872653","Cd5T9nlMQnN","https://www.instagram.com/p/Cd5T9nlMQnN/","2022-05-23 09:27:03",2022,"inainvienna",TRUE,TRUE,"Sidecar","carousel_container","id",107,"D","D6","","R3-residual",1,0,0,"wonderful indonesia","","","","D","A","D",3,5,"#32301D",FALSE,"Reposted from @pesona.indonesia Pencinta K-Drama mana nih suaranya? Ngikutin drakor ""Again My Life"" gak nih, Sob?<U+0001F1F0><U+0001F1F7><U+0001F39E><U+FE0F>

Drakor ini bercerita tentang upaya seorang jaksa di Korea Selatan bernama Kim Hee Woo (diperankan oleh Lee Joon Ki @actor_jg) dalam mengungkap kasus koruptor kelas kakap Jo Tae Sub (Lee Kyoung Young). Seru banget untuk ditonton, Sob!<U+0001F929>

Saksikan episode terbaru dari K-Drama Again My Life yang didukung oleh Wonderful Indonesia
<U+0001F4C5> Jumat dan Sabtu
<U+23F0> 21.10 WIB
<U+25B6><U+FE0F> cuma di VIU (@viuindonesia)

Ngomong-ngomong, pengen rekomendasiin spot healing #DiIndonesiaAja deh buat Jaksa Kim, biar dia bisa rehat sebentar dari kerjaannya yang super padat.

Menurutmu spot healing mana yang cocok buat Jaksa Kim, Sob? Kasih tau di kolom komentar, ya!

#DiIndonesiaAja
#WonderfulIndonesia 
#WunderbaresIndonesien #WundervollesIndonesien #diesediplomatie @ppiaustria @ppislovenia @info_wapena"
"2844652666761513868","Cd6PIdfsAuM","https://www.instagram.com/p/Cd6PIdfsAuM/","2022-05-23 18:04:05",2022,"inainvienna",TRUE,FALSE,"Image","feed","id",12,"D","D6","","R3-residual",0,0,0,"","","","","D","D","D",11,14,"#F2FEFE",FALSE,"Infografis angka tingkat infeksi Covid-19 di Austria dan Slovenia pada tgl 23 Mei 2022.

@safetravel.kemlu #NegaraHadir #Negaramelindungi #diesediplomatie"
"2845313353771015360","Cd8lWuOMlzA","https://www.instagram.com/p/Cd8lWuOMlzA/","2022-05-24 15:56:45",2022,"inainvienna",TRUE,FALSE,"Image","feed","id",12,"D","D6","","R3-residual",0,0,0,"","","","","D","D","D",11,14,"#F2FDFD",FALSE,"Infografis angka tingkat infeksi Covid-19 di Austria dan Slovenia pada tgl 24 Mei 2022.

@safetravel.kemlu #Negaramelindungi #NegaraHadir #diesediplomatie"
"2845852434166944165","Cd-f7X9s5Gl","https://www.instagram.com/p/Cd-f7X9s5Gl/","2022-05-25 09:47:48",2022,"inainvienna",TRUE,TRUE,"Image","feed","en",245,"B","B2","","max",0,4,0,"","bisnis; business","","students","B","B","B",1,3,"#481C53",FALSE,"Reposted from @g20org The digital transition in the education sector is forefront in the minds of educators, students, parents, businesses, governments and the workforce in general. Identifying the challenges and opportunities in proper teaching and learning methods utilizing technology and the impact on learning is key and central. The ability of educational institutions and businesses to adapt to these new methods is essential and the future of education and work itself will be shaped by the outcome of this adaptation.

We are pleased to invite you to join the Future of Work and Education Task Force Side Event <U+201C>The Future of Education and Work in the Era of Digital Transition<U+201D> which will be held on:

Date: Friday, 27 May 2022
Time: 13.00 - 14.30 (GMT+7)
Zoom Link: bit.ly/DigitalTransition22 

We look forward to our continued collaboration for an impactful and inclusive B20 Indonesia!

*****

Transisi digital di sektor pendidikan adalah yang terdepan di benak para pendidik, siswa, orang tua, bisnis, pemerintah, dan tenaga kerja pada umumnya. Identifikasi tantangan dan peluang, serta dampak dalam metode pengajaran dan pembelajaran dengan penggunaan teknologi menjadi suatu kunci utama. Kemampuan lembaga pendidikan dan bisnis untuk beradaptasi dengan metode baru ini sangat penting karena pendidikan dan pekerjaan itu sendiri akan dibentuk oleh hasil adaptasi ini.

Kami mengundang anda dalam Side Event dari Future of Work and Education Task Force <U+201C>The Future of Education and Work in the Era of Digital Transition<U+201D>  yang akan diadakan pada:
Tanggal: Jumat, 27 Mei 2022
Waktu: 13.00 - 14.30 (GMT+7)
Link Zoom: bit.ly/DigitalTransition22

Mari terus berkolaborasi untuk B20 Indonesia yang berdampak dan inklusif!
#G20Indonesia #RecoverTogetherRecoverStronger 
#diesediplomatie"
"2846063539434576051","Cd_P7XEMFiz","https://www.instagram.com/p/Cd_P7XEMFiz/","2022-05-25 16:47:14",2022,"inainvienna",TRUE,FALSE,"Image","feed","id",12,"D","D6","","R3-residual",0,0,0,"","","","","D","D","D",11,14,"#F2FDFD",FALSE,"Infografis angka tingkat infeksi Covid-19 di Austria dan Slovenia pada tgl 25 Mei 2022.

@safetravel.kemlu #NegaraHadir #negaramelindungi #diesediplomatie"
"2846174036013102336","Cd_pDTBgDUA","https://www.instagram.com/p/Cd_pDTBgDUA/","2022-05-25 20:28:41",2022,"inainvienna",TRUE,FALSE,"Video","clips","unknown",15,"D","D5","","R3-residual",0,0,0,"","","","selamat","D","D","D",10,4,"#79BBEF",FALSE,"Duta Besar beserta seluruh staff KBRI/PTRI Wina mengucapkan 
Selamat Merayakan 
Hari Kenaikan Isa Almasih

#Inidiplomasi #IndonesianWay #diesediplomatie"
"2846891984838285441","CeCMS0-MViB","https://www.instagram.com/p/CeCMS0-MViB/","2022-05-26 20:13:12",2022,"inainvienna",TRUE,FALSE,"Image","feed","id",12,"D","D6","","R3-residual",0,0,0,"","","","","D","D","D",11,14,"#F2FEFE",FALSE,"Infografis angka tingkat infeksi Covid-19 di Austria dan Slovenia pada tgl 26 Mei 2022.

@safetravel.kemlu #NegaraHadir #Negaramelindungi #IndonesianWay"
"2847463287353888617","CeEOMX5sc9p","https://www.instagram.com/p/CeEOMX5sc9p/","2022-05-27 15:08:17",2022,"inainvienna",TRUE,FALSE,"Image","feed","id",44,"D","D6","","R3-residual",0,0,0,"","","","","D","D","D",5,2,"#020201",FALSE,"""Inna lillahi wa inna ilaihi raji'un
Turut berdukacita atas wafatnya

PROF DR H BUYA AHMAD SYAFII MAARIF (mantan Ketua PP Muhammadiyah) 

Jumat, 27.05.2022
 pukul 10.15 di Yogyakarta

<U+201D>Semoga arwah almarhum mendapatkan tempat terbaik disisiNya,
diterima semua amalannya, diampuni dosa-dosanya 
dan keluarga yang ditinggalkan diberi ketabahan<U+201D>

#SyafiiMaarif #muhammadiyah#diesediplomatie"
"2848965814662629820","CeJj1BgMom8","https://www.instagram.com/p/CeJj1BgMom8/","2022-05-29 16:53:32",2022,"inainvienna",TRUE,FALSE,"Image","feed","id",12,"D","D6","","R3-residual",0,0,0,"","","","","D","D","D",11,14,"#FBFBFB",FALSE,"Infografis angka tingkat infeksi Covid-19 di Austria dan Slovenia pada tgl 29 Mei 2022.

@safetravel.kemlu #negaramelindungi #NegaraHadir #diesediplomatie"
"2849070712276295395","CeJ7rfBMp7j","https://www.instagram.com/p/CeJ7rfBMp7j/","2022-05-29 20:21:57",2022,"inainvienna",TRUE,FALSE,"Sidecar","carousel_container","id",21,"D","D6","","R3-residual",1,0,0,"pariwisata","","","","D","A","D",9,10,"#FDFDFD",FALSE,"Surat Edaran Direktorat Jenderal Imigrasi Nomor IMI-0603.GR.01.01 Tahun 2022 tentang Kemudahan Keimigrasian dalam rangka Mendukung Pariwisata Berkelanjutan pada Masa Pandemi Covid-19.

@safetravel.kemlu #negaramelindungi #NegaraHadir #diesediplomatie @info_wapena @ppiaustria @ppislovenia"
"2849071705831249340","CeJ758VsBW8","https://www.instagram.com/p/CeJ758VsBW8/","2022-05-29 20:23:55",2022,"inainvienna",TRUE,FALSE,"Sidecar","carousel_container","en",25,"D","D6","","R3-residual",1,0,0,"tourism","","","","D","A","D",12,11,"#FEFEFE",FALSE,"Circular Letter of the Directorate General of Immigration Number IMI-0603.GR.01.01 of 2022 concerning The Ease of Immigration to Support Sustainable Tourism during the COVID-19 Pandemic

@safetravel.kemlu #Negaramelindungi #NegaraHadir #diesediplomatie"
"2849729633508846128","CeMRgDPMuow","https://www.instagram.com/p/CeMRgDPMuow/","2022-05-30 18:11:06",2022,"inainvienna",TRUE,FALSE,"Image","feed","id",12,"D","D6","","R3-residual",0,0,0,"","","","","D","D","D",11,14,"#F2FDFD",FALSE,"Infografis angka tingkat infeksi Covid-19 di Austria dan Slovenia pada tgl 30 Mei 2022.

@safetravel.kemlu #NegaraHadir #negaramelindungi #diesediplomatie"
"2850434707897869633","CeOx0O7smVB","https://www.instagram.com/p/CeOx0O7smVB/","2022-05-31 17:31:58",2022,"inainvienna",TRUE,FALSE,"Image","feed","unknown",13,"D","D3","","R3-residual",0,0,0,"","","","WNI","D","D","D",7,2,"#CFCFCF",TRUE,"Announcement of office operation.

Nomor hotline bagi WNI yg membutuhkan bantuan darurat kekonsuleran +43676 3401 946

#IndonesianWay @info_wapena @ppiaustria @ppislovenia"
"2850522922831880298","CePF37fgKBq","https://www.instagram.com/p/CePF37fgKBq/","2022-05-31 20:29:39",2022,"inainvienna",TRUE,FALSE,"Video","clips","unknown",8,"D","D5","","R3-residual",0,0,0,"","","","selamat","D","D","D",5,2,"#FDFCFC",FALSE,"Selamat Hari Pancasila
 1 Juni 1945 - 2022
"" Bersama Membangun Peradaban Dunia ""

#Inidiplomasi #haripancasila2022 #diesediplomatie"
"2850541530495752396","CePKGtOspjM","https://www.instagram.com/p/CePKGtOspjM/","2022-05-31 21:04:12",2022,"inainvienna",TRUE,FALSE,"Image","feed","id",12,"D","D6","","R3-residual",0,0,0,"","","","","D","D","D",11,14,"#F2FEFE",FALSE,"Infografis angka tingkat infeksi Covid-19 di Austria dan Slovenia pada tgl 31 Mei 2022.

@safetravel.kemlu #NegaraHadir #diesediplomatie"
"2853431804561587886","CeZbRutsf6u","https://www.instagram.com/p/CeZbRutsf6u/","2022-06-04 20:46:39",2022,"inainvienna",TRUE,FALSE,"Image","feed","id",12,"D","D6","","R3-residual",0,0,0,"","","","","D","D","D",11,14,"#F2FCFC",FALSE,"Infografis angka tingkat infeksi Covid-19 di Austria dan Slovenia pada tgl 4 Mei 2022.

@safetravel.kemlu #IndonesianWay #Negaramelindungi #NegaraHadir #diesediplomatie"
"2854078860091311699","CebuZoIscZT","https://www.instagram.com/p/CebuZoIscZT/","2022-06-05 18:12:14",2022,"inainvienna",TRUE,FALSE,"Image","feed","id",12,"D","D6","","R3-residual",0,0,0,"","","","","D","D","D",11,1,"#F2FDFD",FALSE,"Infografis angka tingkat infeksi Covid-19 di Austria dan Slovenia pada tgl 5 Juni 2022.

@safetravel.kemlu #NegaraHadir #Negaramelindungi #diesediplomatie"
"2854824431307673626","CeeX7HcM1Aa","https://www.instagram.com/p/CeeX7HcM1Aa/","2022-06-06 18:53:33",2022,"inainvienna",TRUE,FALSE,"Image","feed","id",12,"D","D6","","R3-residual",0,0,0,"","","","","D","D","D",11,1,"#F2FCFB",FALSE,"Infografis angka tingkat infeksi Covid-19 di Austria dan Slovenia pada tgl 6 Juni 2022.

@safetravel.kemlu #Negaramelindungi #NegaraHadir #diesediplomatie"
"2855233795302497449","Cef1AJXshyp","https://www.instagram.com/p/Cef1AJXshyp/","2022-06-07 08:26:53",2022,"inainvienna",TRUE,TRUE,"Image","feed","en",224,"C","C2","","max",0,1,9,"","impor","demokrasi; masyarakat sipil; democracy; civil society; peraturan; regulation; policy","","C","C","C",1,3,"#EDF5F6",FALSE,"Reposted from @g20org Among the most important aspects in the implementation of protecting and expanding civil space, is to look at the extent to which State authority would involve civil society in the making of public policies/regulations, as well as decision-making. In the Indonesian and global context, representative democracy has been increasingly showing a clear narrowing trend when it comes to involving civil society and vulnerable groups in the policy-making process. 

We invite you to join the webinar on Meaningful Participation: Challenges and Opportunities in Expanding Civic Space. This series of thematic public discussions is carried out in developing and protecting the civil space which is one of the priority issues highlighted by the C20 Sub-Working Group.

Let<U+2019>s join and register yourself at bit.ly/webinar2-subwgcs

*****

Salah satu aspek terpenting dalam pelaksanaan perlindungan dan perluasan ruang sipil adalah melihat sejauh mana otoritas negara dalam pelibatan masyarakat sipil dalam pembuatan kebijakan/peraturan publik, serta pengambilan keputusan. Dalam konteks Indonesia dan global, demokrasi perwakilan semakin menunjukkan tren penyempitan yang jelas dalam melibatkan masyarakat sipil dan kelompok rentan dalam proses pembuatan kebijakan.

Kami mengundang Anda untuk bergabung dalam webinar tentang Meaningful Participation: Challenges and Opportunities in Expanding Civic Space. Rangkaian diskusi publik tematik ini dilakukan untuk mengembangkan dan melindungi ruang sipil yang menjadi salah satu isu prioritas yang disoroti oleh Sub-Working Group C20.

Mari bergabung dan daftarkan dirimu di bit.ly/webinar2-subwgcs
#G20Indonesia #RecoverTogetherRecoverStronger"
"2855279829114293085","Cef_eBssgtd","https://www.instagram.com/p/Cef_eBssgtd/","2022-06-07 09:58:21",2022,"inainvienna",TRUE,TRUE,"Sidecar","carousel_container","mixed",188,"A","A2","","max",10,0,0,"wisata; pariwisata; tourism; keris","","","","A","A","A",1,3,"#3E2060",FALSE,"Reposted from @g20org Kris was used as a weapon in the past, but over time, there was a shift in the usage of kris. Today, apart from serving as a collection or souvenir, kris is worn at special ceremonies.

The Minister of Tourism and Creative Economy Indonesia plans to make kris from Aeng Tong-tong Tourism Village in Sumenep Regency, East Java as a souvenir for delegates of one of the side events at the G20 Summit.

The krises are planned to be made for each of the G20 countries, as the process of making kris takes approximately 1-6 months, depending on the size and pattern.

*****

Dahulu keris digunakan sebagai senjata untuk melawan musuh, namun seiring berjalannya waktu, fungsi keris pun berubah. Selain menjadi koleksi atau suvenir, keris juga digunakan dalam rangkaian adat tertentu.

Menteri Pariwisata dan Ekonomi Kreatif Indonesia berencana menjadikan keris dari Desa Wisata Aeng Tong-tong di Kabupaten Sumenep, Jawa Timur sebagai oleh-oleh bagi delegasi salah satu side event KTT G20.

Keris ini rencananya akan dibuat untuk masing-masing negara G20, karena proses pembuatan kris memakan waktu cukup lama, antara satu hingga enam bulan untuk satu keris, tergantung dari ukuran dan motif yang dibentuk.
#G20Indonesia #RecoverTogetherRecoverStronger 
#diesediplomatie #IndonesianWay"
"2855570904181660494","CehBpuesFtO","https://www.instagram.com/p/CehBpuesFtO/","2022-06-07 19:36:40",2022,"inainvienna",TRUE,FALSE,"Image","feed","id",12,"D","D6","","R3-residual",0,0,0,"","","","","D","D","D",11,1,"#F2FEFE",FALSE,"Infografis angka tingkat infeksi Covid-19 di Austria dan Slovenia pada tgl 7 Juni 2022.

@safetravel.kemlu #IndonesianWay #Negaramelindungi #NegaraHadir #diesediplomatie"
"2855933433873456295","CeiUFOkMFyn","https://www.instagram.com/p/CeiUFOkMFyn/","2022-06-08 07:36:57",2022,"inainvienna",TRUE,TRUE,"Sidecar","carousel_container","id",80,"D","D6","","R3-residual",0,0,0,"","","","","D","D","D",3,5,"#113E64",FALSE,"Reposted from @kemenparekraf.ri G-Land Banyuwangi, surga ombak peselancar dunia<U+0001F3C4><U+0001F3C4><U+200D><U+2640>

Lokasi ini sukses menyelenggarakan ajang selancar internasional, World Surfing League (WSL) 2022.<U+0001F44F><U+0001F3FB>

Menparekraf @sandiuno percaya, WSL menjadi program yang tepat sasaran, tepat manfaat, dan tepat waktu dalam membangkitkan perekonomian daerah, sekaligus membuka lebar lapangan kerja!<U+0001F64C><U+0001F3FB>

Psst, ternyata bukan hanya G-Land aja yang punya ombak menantang. Ada satu lokasi di Banyuwangi juga yang punya ombak barrel sepanjang 300 meter!<U+0001F30A>

Baca sampai habis untuk tahu lengkapnya, Sob<U+0001F449><U+0001F3FB>

Gimana, udah siapin nyali untuk adu ombak di sini, Sob?<U+0001F61C>

#DiIndonesiaAja
#WorldSurfingLeague
#BangkitBersamaKemenparekraf
#WonderfulIndonesia 
#diesediplomatie #IndonesianWay"
"2855984749622699616","Ceifv-FMaZg","https://www.instagram.com/p/Ceifv-FMaZg/","2022-06-08 09:18:54",2022,"inainvienna",TRUE,FALSE,"Sidecar","carousel_container","id",122,"A","A2","","max",5,0,0,"budaya; seni; pameran seni","","","bertemu","A","A","A",5,2,"#DFEDEF",FALSE,"KBRI/PTRI Wina menghadiri undangan Weltmuseum sehubungan dengan rencana Weltmuseum akan mengadakan pameran seni dan budaya dari Indonesia. KBRI/PTRI Wina diwakili oleh Koordinasi Fungsi Pensosbud Ricky Ichsan beserta Arif Sulaksono, bertemu dengan Jonathan Fine selaku Direktur Weltmuseum beserta Jani Kuhnt-Saptodewo, senior Kurator di Weltmuseum.

KBRI Wina dan Weltmuseum mendiskusikan kerjasama projek yang akan dilakukan dalam waktu dekat, pameran seni kerajinan emas dan perhiasan Kuno dari kerajaan kerajaan Indonesia.Bersamaan juga didiskusikan  pameran dengan tema <U+201C> Peranakan Indonesia <U+201C> yang akan dilakukan ditahun 2024.

Weltmuseum adalah Museum antropologi terbesar di Austria, berada di Vienna, Weltmuseum berdiri sejak tahun 1876.  Lokasi gedung Weltmuseum  berada di kompleks Istana Kekaisaran Hofburg dimana menyimpan sekitar 400,000 benda benda ethnografi dan archeologi kuno yang berasal dari Asia, Africa, Oseania dan Amerika.

#IndonesianWay #diesediplomatie #iniDiplomasi"
"2856088584332603931","Cei3W9sMXIb","https://www.instagram.com/p/Cei3W9sMXIb/","2022-06-08 12:45:12",2022,"inainvienna",TRUE,FALSE,"Sidecar","carousel_container","en",7,"D","D6","","R3-residual",1,0,0,"tourism","","","","D","A","D",7,3,"#3A2A1E",FALSE,"Extreme tourism in Indonesia that stimulates  adrenaline.

#iniDiplomasi @tui_austria #WundervollesIndonesien #Wundersch<U+00F6>neIndonesien #diesediplomatie"
"2856271015325156331","Cejg1rys0Pr","https://www.instagram.com/p/Cejg1rys0Pr/","2022-06-08 18:47:40",2022,"inainvienna",TRUE,FALSE,"Image","feed","id",12,"D","D6","","R3-residual",0,0,0,"","","","","D","D","D",11,1,"#F2FDFD",FALSE,"Infografis angka tingkat infeksi Covid-19 di Austria dan Slovenia pada tgl 8 Juni 2022.

@safetravel.kemlu #diesediplomatie #NegaraHadir #negaramelindungi"
"2856654648732950086","Cek4ESPsh5G","https://www.instagram.com/p/Cek4ESPsh5G/","2022-06-09 07:29:52",2022,"inainvienna",TRUE,TRUE,"Sidecar","carousel_container","en",158,"A","A1","","max",2,0,0,"bali","","","mahasiswa; students","A","A","D",1,3,"#251C67",FALSE,"Reposted from @g20org To welcome the upcoming G20 Summit in Bali, a number of <U+2018>Merah Putih<U+2019> (Red and White) electric buses will be prepared and students from Merdeka Belajar will be involved. 

Merdeka Belajar serves as the basis of G20 priority agenda in education. One of its programs is an internship program of Kampus Merdeka (Independent Campus), in which the students are encouraged to learn outside the classroom and prepare themselves to face challenges in the real world.

After being used at the G20 Summit, these buses will also be used as public transportation.

*****

Untuk menyambut KTT G20 mendatang di Bali, sejumlah bus listrik Merah Putih akan disiapkan. Pembuatan bus listrik ini akan melibatkan mahasiswa dari Merdeka Belajar.

Merdeka Belajar menjadi dasar agenda prioritas G20 di bidang pendidikan. Salah satu programnya adalah program magang Kampus Merdeka, di mana mahasiswa didorong untuk belajar di luar kelas untuk mempersiapkan diri menghadapi tantangan di dunia nyata.

Setelah digunakan pada KTT G20, bus ini juga akan digunakan sebagai transportasi umum.
#G20Indonesia #RecoverTogetherRecoverStronger 
#diesediplomatie"
"2856709069944854238","CelEcN8sxbe","https://www.instagram.com/p/CelEcN8sxbe/","2022-06-09 09:18:00",2022,"inainvienna",TRUE,FALSE,"Sidecar","carousel_container","en",21,"D","D6","","R3-residual",1,0,0,"travel","","","","D","A","D",12,11,"#FEFFFE",FALSE,"Circular Note,Handling Task Force Number 19 of 2022 concerning Health Protocol for Overseas Travel during the Corona Virus Disease 2019 (COVID-19) Pandemic Period.

@safetravel.kemlu #NegaraHadir #Negaramelindungi #diesediplomatie"
"2856717278961187980","CelGTrMM7yM","https://www.instagram.com/p/CelGTrMM7yM/","2022-06-09 09:34:18",2022,"inainvienna",TRUE,FALSE,"Sidecar","carousel_container","id",17,"D","D6","","R3-residual",0,0,0,"","","","","D","D","D",9,10,"#FFFFFE",TRUE,"Surat Edaran Nomor 19 Tahun 2022 tentang Protokol Kesehatan Perjalanan Luar Negeri Pada Masa Pandemi Corona Virus Disease 2019 (COVID-19)

@safetravel.kemlu #NegaraHadir #Negaramelindungi #diesediplomatie @ditjen_imigrasi #diesediplomatie @info_wapena @ppislovenia"
"2856844579567690398","CeljQJHoeKe","https://www.instagram.com/p/CeljQJHoeKe/","2022-06-09 13:47:14",2022,"inainvienna",TRUE,FALSE,"Sidecar","carousel_container","id",37,"A","A2","","max",4,0,0,"tari; workshop","","","","A","A","A",14,13,"#9E9F9C",FALSE,"KBRI/PTRI Wina bekerja sama dengan AIS (Austrian Indonesia Society) dan Friends of Weltmuseum Kembali mengadakan Workshop Tari Tradisional Poco Poco.
Peserta workshop yang menari dengan antusias mengikuti Gerakan tari Poco Poco dari Romo Tanto selaku pelatih.

#indonesianfolkdance #IndonesianWay #WundervollesIndonesien #Wundersch<U+00F6>neIndonesien #sahabatkemlu #diesediplomatie"
"2856901697466352004","CelwPUTsUGE","https://www.instagram.com/p/CelwPUTsUGE/","2022-06-09 15:40:43",2022,"inainvienna",TRUE,FALSE,"Sidecar","carousel_container","unknown",19,"D","D1","","R3-residual",0,0,0,"","","","kunjungan kehormatan; menerima kunjungan","D","D","D",5,2,"#D4CAC0",FALSE,"Dubes Damos Dumoli Agusman menerima kunjungan kehormatan Charg<U+00E9> d<U+2019>Affaires Kedubes/Perutap Filipina di Wina, Austria, Ms. Irene Susan B. Natividad (09/06)

#iniDiplomasi #diesediplomatie #sahabatkemlu"
"2857394106667289818","CengM0HMsza","https://www.instagram.com/p/CengM0HMsza/","2022-06-10 07:59:03",2022,"inainvienna",TRUE,TRUE,"Image","feed","mixed",197,"D","D1","","R3-residual",0,1,0,"","impor","","pertemuan; meeting","D","B","D",1,3,"#450F6F",FALSE,"Reposted from @g20org The Environment Deputies Meeting and Climate Sustainability Working Group (EDM-CSWG) is inviting G20 Member Countries and invitees to join G20 Side Events on Peatland with the theme of Multi-Stakeholder Engagement and South-North-South Collaboration on Conservation and Sustainable Management of Peatlands Ecosystem that will be held on:

Date: Friday, 10th June 2022
Time: 13:10 <U+2013> 17.10 (GMT +7) 
Platform: Webex EDM-CSWG

This event aims to gain awareness of the importance of peatlands, share knowledge and experiences, promote South-North-South collaborative actions and strengthen the global collaboration network including the Global Peatlands Initiatives (GPI) for the Conservation and sustainable management of peatlands ecosystems.

*****

Pertemuan Deputi Lingkungan Hidup dan Kelompok Kerja Keberlanjutan Iklim mengundang negara-negara anggota G20 dan undangan untuk mengikuti Side Event G20 di Lahan Gambut dengan tema Keterlibatan Multi Pemangku Kepentingan dan Kolaborasi Selatan-Utara-Selatan tentang Konservasi dan Pengelolaan Ekosistem Lahan Gambut Berkelanjutan yang akan diadakan: 

Hari, tanggal: Jumat, 10 Juni 2022 
Waktu: 13:10 <U+2013> 17.10 (GMT +7) 
Platform: Webex EDM-CSWG 

Acara ini bertujuan untuk meningkatkan kesadaran akan pentingnya lahan gambut, berbagi pengetahuan dan pengalaman, mempromosikan tindakan kolaboratif Selatan-Utara-Selatan dan memperkuat jaringan kolaborasi global termasuk Inisiatif Lahan Gambut Global (GPI) untuk Konservasi dan pengelolaan ekosistem lahan gambut yang berkelanjutan.
#G20Indonesia #RecoverTogetherRecoverStronger 
#diesediplomatie @ppiaustria @ppi Slovenia"
"2857475329255107941","CenyqwisW1l","https://www.instagram.com/p/CenyqwisW1l/","2022-06-10 10:40:25",2022,"inainvienna",TRUE,FALSE,"Sidecar","carousel_container","en",9,"D","D6","","R3-residual",0,1,0,"","export","","","D","B","D",5,2,"#875647",FALSE,"The export of Salak from Indonesia continue to increase.

#Inidiplomasi #Exoticfruits #Indonesienobst#diesediplomatie"
"2857568450370450102","CeoH12VsbK2","https://www.instagram.com/p/CeoH12VsbK2/","2022-06-10 13:45:26",2022,"inainvienna",TRUE,TRUE,"Image","feed","id",101,"B","B2","","max",0,5,0,"","PDB; investasi; bisnis; business; UMKM","","","B","B","B",1,3,"#3C1B5C",FALSE,"Reposted from @indonesia.g20 Terdapat peluang pertumbuhan sebanyak $28 triliun pada ekspansi PDB global melalui partisipasi setara perempuan dalam ekonomi global. B20 Women in Business Action Council (WiBAC) percaya bahwa kesenjangan pada partisipasi perempuan dapat diminimalkan melalui rekomendasi kebijakan yang ditargetkan dan tindakan yang berfokus pada kemajuan perempuan dalam bisnis dan tempat kerja.

Maka dari itu, B20 WiBAC (@theb20summit) mengadakan side event bertema <U+201C>Accelerating the Inclusion of Women MSMEs in the Global Economy<U+201D> yang dibagi menjadi 2 sesi, yaitu:
Sesi 1: Membuka Kunci Inklusi UMKM Perempuan dalam Ekonomi Global
Sesi 2: Mengaktifkan Keuangan/Investasi, Digital, dan Teknologi

Jangan lupa untuk catat tanggalnya dan ikuti webinar melalui link zoom berikut:
bit.ly/zoomwebinar-wibacsideevent

#G20Indonesia #PulihBersama 
#diesediplomatie @ppiaustria @ppi Slovenia"
"2857706910351833302","CeonUtPszjW","https://www.instagram.com/p/CeonUtPszjW/","2022-06-10 18:20:32",2022,"inainvienna",TRUE,FALSE,"Image","feed","id",12,"D","D6","","R3-residual",0,0,0,"","","","","D","D","D",11,1,"#F2FDFD",FALSE,"Infografis angka tingkat infeksi Covid-19 di Austria dan Slovenia pada tgl 10 Juni 2022.

@safetravel.kemlu #IndonesianWay #NegaraHadir #Negaramelindungi"
"2858107448722471799","CeqCZTrADt3","https://www.instagram.com/p/CeqCZTrADt3/","2022-06-11 07:44:39",2022,"inainvienna",TRUE,TRUE,"Video","feed","id",41,"D","D1","","R3-residual",1,0,0,"lombok","","","pertemuan","D","A","D",1,3,"#834E99",FALSE,"Reposted from @indonesia.g20 Pertemuan kedua Health Working Group (HWG) yang dipimpin oleh Kementerian Kesehatan RI (@kemenkes_ri) telah sukses dilaksanakan pada 6-8 Juni 2022 di Lombok. Pembahasan mengenai ketahanan sistem kesehatan global menjadi topik utama dari rangkaian acara tersebut.

Penasaran dengan agendanya? Simak video berikut, ya! <U+0001F603>

#G20Indonesia #PulihBersama 
#diesediplomatie #IndonesianWay"
"2858482634042031712","CerXs-Osr5g","https://www.instagram.com/p/CerXs-Osr5g/","2022-06-11 20:01:45",2022,"inainvienna",TRUE,FALSE,"Image","feed","id",12,"D","D6","","R3-residual",0,0,0,"","","","","D","D","D",11,1,"#F2FDFD",FALSE,"Infografis angka tingkat infeksi Covid-19 di Austria dan Slovenia pada tgl 11 Juni 2022.

@safetravel.kemlu #Negaramelindungi #NegaraHadir #diesediplomatie"
"2859556481260529725","CevL3gYsyg9","https://www.instagram.com/p/CevL3gYsyg9/","2022-06-13 07:35:18",2022,"inainvienna",TRUE,TRUE,"Sidecar","carousel_container","id",67,"A","A1","","max",4,0,0,"destinasi; pantai","","","lomba","A","A","A",3,5,"#0B4065",FALSE,"Reposted from @kemenparekraf.ri Bukan cuma ayangmu aja yang setia, ada pantai juga yang Setia mengombang-ambingkan manusia <U+0001F631>

Pantai Tanjung Setia, Pesisir Barat, Lampung <U+0001F3D6>

Pantai ini jadi lokasi @WSL Krui Pro 2022 yang berlangsung selama 11<U+2014>17 Juni 2022, Sob!

Sebanyak 250 peselancar dari 16 negara berlomba-lomba menaklukkan ombak yang konon bisa mencapai tinggi hingga 7 meter dengan panjangnya sampai 200 meter! <U+0001F30A>

Semoga destinasi #DiIndonesiaAja ini bisa semakin mengglobal, membangkitkan ekonomi sekitar, hingga menciptakan lapangan kerja seluas-luasnya! <U+0001F44F><U+0001F3FB>

#Lampung
#WonderfulIndonesia
#WSL #KruiPro2022
#BangkitBersamaKemenparekraf 
#IndonesianWay #diesediplomatie"
"2859775824507431155","Cev9vXtA-jz","https://www.instagram.com/p/Cev9vXtA-jz/","2022-06-13 14:51:41",2022,"inainvienna",TRUE,TRUE,"Video","feed","id",23,"D","D6","","R3-residual",0,0,0,"","","","","D","D","D",5,2,"#818088",FALSE,"Reposted from @pesona.indonesia Wow! Musisi kebanggaan tanah air Anggun C. Sasmi tampil kece di Kota Paris!<U+0001F3A4><U+0001F1EE><U+0001F1E9><U+0001F1EB><U+0001F1F7>

Wah, kota pusat fesyen dunia itu berhasil disulap dengan<U+2026> 
#diesediplomatie #WundervollesIndonesien #WunderbaresIndonesien"
"2859888993585218866","CewXeMnskUy","https://www.instagram.com/p/CewXeMnskUy/","2022-06-13 18:35:56",2022,"inainvienna",TRUE,FALSE,"Image","feed","id",12,"D","D6","","R3-residual",0,0,0,"","","","","D","D","D",11,1,"#FDFDFE",FALSE,"Infografis angka tingkat infeksi Covid-19 di Austria dan Slovenia pada tgl 13 Juni 2022.

@safetravel.kemlu #NegaraHadir #negaramelindungi #diesediplomatie"
"2860282058808335940","Cexw2DIsZ5E","https://www.instagram.com/p/Cexw2DIsZ5E/","2022-06-14 07:36:53",2022,"inainvienna",TRUE,TRUE,"Sidecar","carousel_container","id",114,"B","B3","","max",1,3,0,"wisata","produk","","","B","B","B",5,5,"#FAFAFA",FALSE,"Reposted from @indonesia.g20 Semenjak dicanangkan oleh Menteri Kelautan dan Perikanan RI (@kkpgoid), Sakti Wahyu Trenggono (@swtrenggono) pada Maret 2021 sebagai kampung nelayan maju (Kalaju), Desa Suak Gual, di Kabupaten Belitung, Provinsi Kepulauan Bangka Belitung menjadi objek wisata baru yang memiliki produk ecoprint sebagai salah satu nilai jual dari desa ini. 

Desa Suak Gual memiliki keanekaragaman sumber daya alam tumbuhan yang beragam. Potensi tersebut didorong melalui produk ecoprint dari bebagai tumbuhan lokal dengan memberdayakan nelayan wanita setempat. Hasil dari ecoprint ini direncanakan akan dipamerkan pada rangkaian kegiatan Presidensi Indonesia G20 pada bulan Oktober hingga November 2022 mendatang.

Hal ini diharapkan dapat menjadikan produk ecoprint khususnya dari desa Suak Gual lebih dikenal oleh masyarakat luas dan dapat meningkatkan pendapatan perekonomian masyarakat setempat.

#G20Indonesia #PulihBersama 
#diesediplomatie #IndonesianWay"
"2860671795197045849","CezJddbsuxZ","https://www.instagram.com/p/CezJddbsuxZ/","2022-06-14 20:31:14",2022,"inainvienna",TRUE,FALSE,"Image","feed","id",10,"D","D6","","R3-residual",0,0,0,"","","","","D","D","D",11,1,"#F2FDFD",FALSE,"Infografis angka tingkat infeksi Covid-19 di Austria dan tanggal 14 Juni 2022.

@safetravel.kemlu #diesediplomatie #NegaraHadir"
"2861256244934514722","Ce1OWUqsJgi","https://www.instagram.com/p/Ce1OWUqsJgi/","2022-06-15 15:52:25",2022,"inainvienna",TRUE,FALSE,"Sidecar","carousel_container","id",21,"D","D6","","R3-residual",0,0,0,"","","","","D","D","D",5,2,"#D3C495",FALSE,"Dalam rangka implementasi kerja sama pendidikan vokasi RI <U+2013> Austria, Menteri Ketenagakerjaan (Menaker) RI, Ibu Ida Fauziyah, melakukan kunjungan ke Austria (13 <U+2013> 15 Juni 2022).

#Inidiplomasi #IndonesianWay #diesediplomatie @kemnaker"
"2861717816681323333","Ce23TE2sltF","https://www.instagram.com/p/Ce23TE2sltF/","2022-06-16 07:09:29",2022,"inainvienna",TRUE,FALSE,"Sidecar","carousel_container","id",38,"D","D1","","R3-residual",0,0,0,"","","","pertemuan","D","D","D",5,2,"#C0BAB2",FALSE,"Didampingi Duta Besar RI di Wina, Mentri Tenaga Kerja  RI Ibu Ida Fauziyah melakukan pertemuan bilateral dengan Menteri Tenaga Kerja Austria, Bapak Martin Kocher. Salah satu isu yang dibahas adalah menjajaki peluang pengiriman pekerja terampil Indonesia ke Austria. (15/06)

#Inidiplomasi #IndonesianWay #diesediplomatie #sahabatkemlu @kemnaker #Indonesien<U+00D6>sterreichbeziehungen #RintisKemajuan"
"2861816386281470609","Ce3Ntc8svqR","https://www.instagram.com/p/Ce3Ntc8svqR/","2022-06-16 10:25:19",2022,"inainvienna",TRUE,FALSE,"Sidecar","carousel_container","unknown",14,"D","D6","","R3-residual",0,0,0,"","","","","D","D","D",5,2,"#982910",FALSE,"Menteri Tenaga Kerja RI kunjungi salah satu Balai Latihan Kerja WIFI Austria di Burgenland (14/06)

#IniDiplomasi #RintisKemajuan  @kemnaker #Indonesien<U+00D6>sterreichbeziehungen #diesediplomatie #RintisKemajuan"
"2862405243652707775","Ce5TmdHIpW_","https://www.instagram.com/p/Ce5TmdHIpW_/","2022-06-17 05:55:17",2022,"inainvienna",TRUE,FALSE,"Image","feed","id",12,"D","D6","","R3-residual",0,0,0,"","","","","D","D","D",11,1,"#F2FCFC",FALSE,"Infografis angka tingkat infeksi Covid-19 di Austria dan Slovenia pada tgl 17 Juni 2022.

@safetravel.kemlu #NegaraHadir #Negaramelindungi #diesediplomatie"
"2862484052015956401","Ce5lhRHocGx","https://www.instagram.com/p/Ce5lhRHocGx/","2022-06-17 08:32:40",2022,"inainvienna",TRUE,TRUE,"Video","feed","id",79,"D","D6","","R3-residual",0,1,0,"","UMKM","","","D","B","D",1,3,"#E8F0EF",FALSE,"Reposted from @indonesia.g20 Dampak ekonomi akibat pandemi COVID-19 telah menunjukkan peran digitalisasi dalam memastikan keberlangsungan akses layanan keuangan. Hal inilah yang melatarbelakangi Presidensi G20 Indonesia untuk menekankan pentingnya inklusi keuangan digital dalam meningkatkan akses keuangan yang merata dan dapat menjangkau kaum perempuan, kaum muda, dan UMKM.

Terlebih, Bank Indonesia (@bank_indonesia) bersinergi dengan Kementerian/Lembaga telah rutin menyelenggarakan perhelatan Karya Kreatif Indonesia sejak tahun 2016. Perhelatan KKI ini diharapkan mampu mengakselerasi pemulihan ekonomi, dan membawa dunia bangkit dan #PulihBersama dengan semangat Recover Together, Recover Stronger.

#G20Indonesia #diesediplomatie #RintisKemajuan"
"2862577593266362779","Ce56yeMolmb","https://www.instagram.com/p/Ce56yeMolmb/","2022-06-17 11:37:42",2022,"inainvienna",TRUE,TRUE,"Sidecar","carousel_container","mixed",135,"A","A3","","max",3,0,0,"keberagaman; diversity","","","","A","A","A",1,3,"#3A1457",FALSE,"Reposted from @g20org You<U+2019>re invited to join the Y20 Indonesia 2022 Pre-Summit 4: Diversity and Inclusion, which will be held by @y20indonesia2022 on:
Date: 18 - 19 June 2022
Place: Manokwari (Hybrid)
Platform: Youtube Live Streaming
Day 1 -  bit.ly/PS4Y20-DI-Day1
Day 2 - bit.ly/PS4Y20-DI-Day2

The Talk Show will touch upon the priority issue of Diversity and Inclusion on the first and second day of the Pre-Summit, where expert speakers will share their experiences and perspectives.

Try the Y20 Pre-Summit Virtual Experience on y20presummit.vuturist.id
**********************************
Anda diundang untuk bergabung dalam kegiatan Y20 Indonesia 2022 Pre-Summit 4: Keberagaman dan Inklusi, yang akan dilaksanakan oleh Y20 Indonesia 2022 pada:
Hari: 18 - 19 Juni 2022
Tempat: Manokwari (Hybrid)
Platform: Youtube Live Streaming
Day 1 -  bit.ly/PS4Y20-DI-Day1
Day 2 - bit.ly/PS4Y20-DI-Day2

Akan ada Talk Show terkait isu prioritas pada hari pertama dan kedua Pre-Summit yang akan diisi oleh para pembicara yang ahli dibidangnya.

Rasakan juga pengalaman virtual Y20 Pre-Summit di y20presummit.vuturist.id
#G20Indonesia #RecoverTogetherRecoverStronger #Y20Indonesia2022 
#diesediplomatie @ppiaustria @ppislovenia"
"2862662529876921987","Ce6OGdlIo6D","https://www.instagram.com/p/Ce6OGdlIo6D/","2022-06-17 14:26:53",2022,"inainvienna",TRUE,TRUE,"Video","feed","id",23,"A","A1","","max",3,0,0,"pulau; bali","","","","A","A","A",3,5,"#4C5C34",FALSE,"Reposted from @pesona.indonesia Waktunya kembali ke Bali!<U+0001F929>

Bali, pulau para dewa ini punya pesona yang sangat memikat hati! Salah satunya menikmati pesona alamnya dan<U+2026> 

#WundervollesIndonesien
#WunderbaresIndonesien
#Gottesinsel#diesediplomatie"
"2862762252869685478","Ce6kxn2sdDm","https://www.instagram.com/p/Ce6kxn2sdDm/","2022-06-17 17:44:36",2022,"inainvienna",TRUE,FALSE,"Image","feed","id",12,"D","D6","","R3-residual",0,0,0,"","","","","D","D","D",11,1,"#F2FCFC",FALSE,"Infografis angka tingkat infeksi Covid-19 di Austria dan Slovenia pada tgl 17 Juni 2022.

@safetravel.kemlu #NegaraHadir #Negaramelindungi #diesediplomatie"
"2864001229358383766","Ce--fGoMEKW","https://www.instagram.com/p/Ce--fGoMEKW/","2022-06-19 10:46:13",2022,"inainvienna",TRUE,FALSE,"Sidecar","carousel_container","mixed",99,"D","D2","","R3-residual",0,0,0,"","","","diaspora; citizens","D","D","D",5,2,"#461756",FALSE,"Kementerian Komunikasi dan Informatika, Kementerian Luar Negeri, berkolaborasi dengan Indonesian Diaspora Network - United dan Indonesian Diaspora Network - Global, mempersembahkan ""Diaspora Talk"", pada:

<U+0001F4C5> Senin, 20 Juni 2022
<U+0001F550> 16.00 - 18.00 WIB
<U+0001F4CD> Link zoom: https://bit.ly/webPresidensiG20day1

dan

 <U+0001F4C5>Selasa, 21 Juni 2022
<U+0001F550> 07.00 - 09.00 WIB
<U+0001F4CD> Link zoom https://bit.ly/webPresidensiG20day2

Mengambil tema ""Building Indonesia's Global Communication Machine: An Appeal to Indonesian Citizens and the Indonesian Diaspora to Support Indonesia's G20 Presidency"", talkshow membahas peran Diaspora Indonesia dalam menyebarkan citra positif Indonesia, khususnya mengenai Presidensi G20 Indonesia.

Talkshow menghadirkan antara lain:

1. Dr. Sastia Prama Putri (Diaspora Indonesia di Jepang);

2. Sonita Lontoh (Diaspora Indonesia di Amerika Serikat); dan

3. Rennie Roos (Sahabat Indonesia - Pendiri Indonesia Nederland Youth Society).

Jangan ketinggalan ya!

#G20Indonesia
#IniDiplomasi
#BersamaKominfo
#diesediplomatie 
#G20Indonesien"
"2864649485944039155","CfBR4ensybz","https://www.instagram.com/p/CfBR4ensybz/","2022-06-20 08:14:11",2022,"inainvienna",TRUE,TRUE,"Sidecar","carousel_container","mixed",198,"D","D6","","R3-residual",1,1,1,"visit","supply chain","policy","","B","C","D",1,3,"#201C5D",TRUE,"Reposted from @g20org G20 Digital Innovation Network 2022 is a premier forum that brings together startups, venture capitalists, policymakers, and corporates to focus on The Rise of Digital Economy: Post-Pandemic Recovery and Beyond.

This year, we look for 100 startups with innovations in Healthcare, Green & Renewable Energy, Smart Society, Financial Inclusivity, and Supply Chain.

In the forum, there will be startup pitching sessions, keynotes and panel discussions, also networking events.

Global ecosystem players can also register on an online platform which build to facilitate them to get connected with each other before and during the forum.

For more information, please visit @g20innovationnetwork and  g20innovationnetwork.org

**************************************

G20 Digital Innovation Network 2022 adalah forum perdana yang menyatukan startup, pemodal ventura, pembuat kebijakan, dan perusahaan yang berfokus pada tema <U+201C>The Rise of Digital Economy: Post-Pandemic Recovery and Beyond.<U+201D>

Tahun ini, kami mencari 100 startup dengan inovasi di bidang Kesehatan, Energi Hijau & Terbarukan, Masyarakat Cerdas, Inklusivitas Keuangan, dan Rantai Pasokan.

Dalam forum tersebut akan ada sesi pitching startup, keynotes dan diskusi panel, serta acara networking.

Para pemain ekosistem global juga dapat mendaftar di platform online yang dibangun untuk memfasilitasi mereka untuk terhubung satu sama lain sebelum dan selama forum berlangsung.

Untuk informasi lebih lanjut, silakan kunjungi @g20innovationnetwork dan g20innovationnetwork.org
#G20Indonesia #RecoverTogetherRecoverStronger #G20InnovationNetwork 
#diesediplomatie"
"2864763901898227717","CfBr5cyAYAF","https://www.instagram.com/p/CfBr5cyAYAF/","2022-06-20 12:03:41",2022,"inainvienna",TRUE,FALSE,"Video","feed","id",113,"B","B1","","max",1,2,0,"bali","resilience; trade","","pertemuan","B","B","D",1,3,"#F2F1F2",FALSE,"Pertemuan keempat G20<U+00A0>International Financial Architecture Working Group<U+00A0>(IFAWG) telah sukses dilaksanakan pada 16-17 Juni 2022 di Bali. IFAWG yang terdiri atas 4 sesi ini membahas tema <U+201C>Promoting Development Financing,<U+00A0>MDBs Capital Adequacy Framework, Strengthening Financial Resilience, Promoting Diversified Currency in Trade and Finance,<U+00A0>dan<U+00A0>Strengthening Monitoring of<U+00A0>Capital Flows"". 

Negara-negara G20 menegaskan komitmen untuk memperkuat sistem keuangan internasional. Hal ini diperlukan untuk mendukung pemulihan ekonomi di tengah dinamika perekonomian global, termasuk kondisi geopolitik yang berimplikasi pada kenaikan harga-harga komoditas dan energi serta pengetatan likuiditas global. Di samping itu, negara-negara G20 mendiskusikan upaya untuk memperkuat dukungan bagi negara miskin dan rentan, terutama dalam mengatasi pandemi dan mendorong pemulihan ekonomi guna dapat tumbuh secara berkelanjutan dan inklusif.<U+00A0>

#G20Indonesia #PulihBersama 
#diesediplomatie @ppislovenia @ppiaustria"
"2864765697530045219","CfBsTlGAKMj","https://www.instagram.com/p/CfBsTlGAKMj/","2022-06-20 12:10:21",2022,"inainvienna",TRUE,FALSE,"Video","feed","mixed",154,"D","D1","","R3-residual",0,1,0,"","opportunity","","bertemu; pertemuan; meeting","D","B","D",1,3,"#8E3C4B",FALSE,"Health Ministers will meet on 20 June in the First G20 Health Ministers Meetings & Joint Finance Health Ministers Meeting to discuss ways to strengthen global health systems. The meeting provides an opportunity to work together to deliver meaningful improvements for people across the globe.

Led by Indonesian Health Minister Budi Gunadi Sadikin, Indonesia<U+2019>s G20 Presidency will consider ways to establish a fund for the future pandemic and utilize it to access the emergency medical countermeasures by linking the global surveillance network.

**************************************

Para Menteri Kesehatan G20 akan bertemu pada 20 Juni dalam Pertemuan Health Ministers & Joint Finance Health Ministers Pertama untuk membahas cara-cara memperkuat sistem kesehatan global. Pertemuan ini memberikan kesempatan untuk berkolaborasi agar dapat memberikan peningkatan yang berarti bagi orang-orang di seluruh dunia.

Dipimpin oleh Menteri Kesehatan Indonesia Budi Gunadi Sadikin, Presidensi G20 Indonesia akan mendiskusikan untuk membuat skema dana darurat untuk pandemi di masa depan dan menggunakannya untuk mengakses tindakan medis darurat dengan menghubungkan jaringan surveilans global.

Reposted
#G20Indonesia #RecoverTogetherRecoverStronger 
#diesediplomatie @ppiaustria @ppislovenia"
"2865357794342640418","CfDy7uOMJsi","https://www.instagram.com/p/CfDy7uOMJsi/","2022-06-21 07:41:28",2022,"inainvienna",TRUE,TRUE,"Sidecar","carousel_container","id",106,"D","D1","","R3-residual",1,0,0,"workshop","","","pertemuan; PPI","D","A","D",1,3,"#C6063A",FALSE,"Reposted from @indonesia.g20 Hari Pertama Pertemuan Kedua EDM-CSWG dimulai dengan sesi bersama. Dalam pembukaan, Dirjen PPI sebagai Chair menyambut 196 delegasi negara-negara anggota G20, undangan, dan empat organisasi internasional secara fisik (120 orang) dan virtual (75 orang).

Dalam Joint Session tersebut terjadi pertukaran pandangan mengenai keterkaitan elemen lingkungan & iklim sehingga diharapkan dapat dihasilkan hasil bersama (joint deliverables). Pada sesi ini Sous Sherpa G20 mempresentasikan hasil konkret yang diharapkan dalam EDM-CSWG. 

Pasca joint session dilanjutkan dengan Sesi Paralel EDM dan CSWG, pada sesi paralel CSWG dilakukan pembahasan mengenai 3 studi yang dibahas dalam workshop sebelumnya. Negara-negara anggota G20, negara undangan, dan organisasi internasional berdiskusi untuk merumuskan elemen-elemen untuk draft komunike.

#G20Indonesia #PulihBersama 
#diesediplomatie @ppiaustria @ppislovenia"
"2865378571381243427","CfD3qEWMf4j","https://www.instagram.com/p/CfD3qEWMf4j/","2022-06-21 08:22:45",2022,"inainvienna",TRUE,FALSE,"Image","feed","id",12,"D","D6","","R3-residual",0,0,0,"","","","","D","D","D",11,1,"#F2FEFE",FALSE,"Infografis angka tingkat infeksi Covid-19 di Austria dan Slovenia pada tgl 20 Juni 2022.

@safetravel.kemlu #NegaraHadir #Negaramelindungi #diesediplomatie"
"2865608351088376299","CfEr5zYA_nr","https://www.instagram.com/p/CfEr5zYA_nr/","2022-06-21 16:00:22",2022,"inainvienna",TRUE,FALSE,"Video","feed","id",136,"D","D1","","R3-residual",0,0,0,"","","","pertemuan; multilateral","D","D","D",1,3,"#331B5F",FALSE,"Pertemuan Pertama Gabungan Menteri Keuangan dan Kesehatan G20 (1st Joint Finance and Health Ministers/JFHMM) akan dilaksanakan secara hybrid di Yogyakarta, 21 Juni 2022. Harapan dari diadakannya pertemuan ini ialah untuk dapat membangun mekanisme yang secara global dapat membuat dunia mampu bersiap untuk menghadapi pandemi selanjutnya.

Dalam pertemuan pertama ini, JFHMM akan membahas beberapa isu terkait perbaikan ketahanan kesehatan dunia, koordinasi dan kolaborasi antara bidang keuangan dan kesehatan, dan pembangunan mekanisme pendanaan multilateral untuk menutup kesenjangan pendanaan dalam rangka pencegahan, persiapan dan respons (PPR) terhadap pandemi.

Pertemuan ini akan dibuka oleh sambutan dari Menteri Kesehatan RI (@kemenkes_ri) dan Menteri Keuangan RI (@kemenkeuri), dilanjutkan oleh sesi pertama yang akan diisi oleh presentasi yang dibawakan oleh perwakilan dari WHO (@whoindonesia) dan Bank Dunia (@worldbank). Selanjutnya, kegiatan akan diteruskan dengan diskusi dan tour de table, serta ditutup dengan kesimpulan penutup oleh Menteri Keuangan RI.

Reposted from @g20org
#G20Indonesia #PulihBersama 
#diesediplomatie @ppiaustria @ppislovenia"
"2865645286862233902","CfE0TSfsiEu","https://www.instagram.com/p/CfE0TSfsiEu/","2022-06-21 17:12:40",2022,"inainvienna",TRUE,FALSE,"Image","feed","id",11,"D","D6","","R3-residual",0,0,0,"","","","","D","D","D",11,1,"#F2FDFD",FALSE,"Angka tingkat infeksi Covid-19 di Austria dan Slovenia pada tgl 21 Juni 2022.

@safetravel.kemlu #NegaraHadir #Negaramelindungi #diesediplomatie"
"2866215462700591581","CfG18cIACnd","https://www.instagram.com/p/CfG18cIACnd/","2022-06-22 12:07:05",2022,"inainvienna",TRUE,TRUE,"Video","feed","mixed",270,"C","C1","","max",0,0,2,"","","preparedness","pertemuan; meeting","C","C","D",1,3,"#432542",FALSE,"Reposted from @g20org The 1st G20 Joint Finance and Health Ministers Meeting (JFHMM) under the G20 Indonesian Presidency was held on 20-21 June 2022 in Yogyakarta in a hybrid manner. The meeting was chaired by the Indonesian Minister of Health and the Minister of Finance.

The meeting was held to discuss and ask for feedback from the G20 Ministers of Finance and Health as well as invitees and international organizations regarding some of the progress that has been made by the Joint Finance and Health Task Force (JFHTF):
1. Development of the establishment of the Financial Intermediary Fund (FIF) for Pandemic Preparedness, Prevention and Management (PPR)
 2. Development a coordination plan between Finance and Health for pandemic preparedness, prevention, and response (PPR)

The results of this JFHMM will be further discussed in the the G20 Finance Ministers and Central Bank Governors meeting in July and will be followed up on the next JFHTF towards the 2nd JFHMM which will be held in November 2022.

*********************************************

Joint Finance and Health Ministers Meeting (JFHMM) ke-1 G20 di bawah Kepresidenan G20 Indonesia diselenggarakan pada 20-21 Juni 2022 di Yogyakarta secara hybrid. Rapat dipimpin oleh Menteri Kesehatan dan Menteri Keuangan RI.

JFHMM diselenggarakan dalam rangka untuk berdiskusi serta meminta arahan dari para Menteri Keuangan dan Kesehatan G20 tentang beberapa kemajuan yang telah dicapai oleh Joint Finance and Health Task Force (JFHTF), yaitu:
1. Perkembangan dari pembentukan Financial Intermediary Fund (FIF) untuk Kesiapsiagaan, Pencegahan, dan Penanggulangan Pandemi (PPR)
 2. Mengembangkan rencana koordinasi antara Keuangan dan Kesehatan untuk kesiapsiagaan, pencegahan, dan penanggulangan pandemi (PPR)

Hasil JFHMM ini akan menjadi bagian diskusi Pertemuan Menteri Keuangan dan Gubernur Bank Sentral di bulan Juli dan ditindaklanjuti pada JFHTF selanjutnya dalam rangka menuju JFHMM ke-2 yang akan diselenggarakan pada November 2022. 

#G20Indonesia #RecoverTogetherRecoverStronger
#diesediplomatie @ppiaustria @ppislovenia"
"2866253697690673800","CfG-o1PAKKI","https://www.instagram.com/p/CfG-o1PAKKI/","2022-06-22 13:21:43",2022,"inainvienna",TRUE,FALSE,"Video","feed","en",14,"C","C3","","max",1,0,2,"tourism","","visa on arrival; visa","","C","C","D",7,3,"#77756E",FALSE,"Things you need to know about Visa on Arrival for tourism purpose in Indonesia

@safetravel.kemlu #diesediplomatie"
"2866333589845320522","CfHQzamgCNK","https://www.instagram.com/p/CfHQzamgCNK/","2022-06-22 16:01:13",2022,"inainvienna",TRUE,TRUE,"Video","feed","id",109,"D","D1","","R3-residual",1,0,0,"bali","","","pertemuan; meeting","D","A","D",1,3,"#F0ECED",FALSE,"Reposted from @indonesia.g20 Pertemuan Kedua Environment Deputies Meeting and Climate Sustainability Working Group (EDM-CSWG) G20 membahas tiga isu prioritas, yaitu mendukung pemulihan yang berkelanjutan, peningkatan aksi berbasis daratan dan lautan untuk mendukung perlindungan lingkungan hidup, dan peningkatan mobilisasi sumber daya untuk mendukung perlindungan lingkungan hidup dan tujuan pengendalian perubahan iklim.

Tiga isu prioritas EDM-CSWG akan dibahas dan dirumuskan menjadi komitmen kolektif G20 melalui adopsi suatu Komunike Menteri-Menteri Lingkungan Hidup dan Perubahan Iklim G20 sebagai dokumen utama hasil pertemuan. Komunike ini direncanakan akan diadopsi pada Pertemuan Tingkat Menteri Lingkungan Hidup dan Perubahan Iklim G20 yang akan diselenggarakan pada 31 Agustus 2022 di Bali.

Yuk! Lihat bagaimana meeting ini berlangsung pada video di atas <U+0001F601>

#G20Indonesia #PulihBersama 
#diesediplomatie @ppiaustria @ppiaustria islovenia"
"2866474009761120516","CfHwuy1s4EE","https://www.instagram.com/p/CfHwuy1s4EE/","2022-06-22 20:39:11",2022,"inainvienna",TRUE,FALSE,"Image","feed","id",12,"D","D6","","R3-residual",0,0,0,"","","","","D","D","D",11,1,"#F2FCFC",FALSE,"Infografis angka tingkat infeksi Covid-19 di Austria dan Slovenia pada tgl 22 Juni 2022.

@safetravel.kemlu #NegaraHadir #negaramelindungi #diesediplomatie"
"2866796100411466455","CfI591IgCLX","https://www.instagram.com/p/CfI591IgCLX/","2022-06-23 07:19:59",2022,"inainvienna",TRUE,FALSE,"Video","igtv","unknown",11,"D","D6","","R3-residual",0,0,0,"","","","","D","D","D",5,2,"#343334",FALSE,"Keterangan Menlu RI terkait rencana kunjungan Presiden RI ke Kiev & Moskow
#Inidiplomasi #IndonesianWay #diesediplomatie @ppiaustria @ppislovenia @info_wapena"
"2866998259768997430","CfJn7otMbY2","https://www.instagram.com/p/CfJn7otMbY2/","2022-06-23 14:00:47",2022,"inainvienna",TRUE,FALSE,"Sidecar","carousel_container","id",79,"D","D1","","R3-residual",0,0,0,"","","","pertemuan","A","D","D",5,3,"#F5F6F6",FALSE,"Pemerintah Provinsi Kalimantan Timur menyambut dan turut menyukseskan pelaksanaan Pra KTT III Y20 Summit bertemakan Sustainable and Liveable Planet pada 21-22 Mei 2022 lalu yang dilakukan secara hybrid di Balikpapan. 

Sesuai dengan tema pertemuan ini, Balikpapan dipilih karena memiliki berbagai teknologi yang telah diterapkan untuk mengelola limbah maupun sampah. Metode ini dapat mempertahankan hutan kota, hutan mangrove, dan hutan lindung dengan memproduksi oksigen untuk udara yang bersih dan sehat. 

Reposted from @g20org

Mau tau fakta unik mengenai Balikpapan? Cek gambar di atas ya!

#G20Indonesia #PulihBersama 
#diesediplomatie"
"2867118923863562255","CfKDXh5sBgP","https://www.instagram.com/p/CfKDXh5sBgP/","2022-06-23 18:00:31",2022,"inainvienna",TRUE,FALSE,"Image","feed","id",12,"D","D6","","R3-residual",0,0,0,"","","","","D","D","D",11,1,"#F2FDFD",FALSE,"Infografis angka tingkat infeksi Covid-19 di Austria dan Slovenia pada tgl 23 Juni 2022.

@safetravel.kemlu #NegaraHadir #Negaramelindungi #diesediplomatie"
"2867521284721487353","CfLe2ppsi35","https://www.instagram.com/p/CfLe2ppsi35/","2022-06-24 07:19:56",2022,"inainvienna",TRUE,FALSE,"Sidecar","carousel_container","id",111,"D","D4","","R3-residual",0,0,0,"","","","pertemuan; OPEC","D","D","D",1,2,"#FBF9F4",FALSE,"Indonesia yang diwakili Direktorat Jenderal Anggaran dan Direktur Penerimaan Negara Bukan Pajak Sumber Daya Alam dan Kekayaan Negara Dipisahkan Kementrian keuangan serta Perwakilan Tetap Republik Indonesia telah mengikuti rangkaian pertemuan OPEC Fund, 21 - 22 Juni 2022.

Rangkaian pertemuan diawali dengan pelaksanaan OPEC FUND Development Forum 2022 yang antara lain membahas keseimbangan upaya menjaga iklim dan ketersedian energi di dunia.

selanjutnya, telah dilaksanakan juga Ministerial Council (MC) ke - 43 dan Governing Board ke - 180 yang utamanya membahas implementasi operasi OPEC Fund dalam memberi bantuan keuangan untuk pembangunan negara berkembang.

Disela <U+2013> sela pertemuan OPEC Fund, Direktorat Jenderal Anggaran juga melakukan pertemuan virtual dengan Keppri se <U+2013> Eropa dalam rangka membahas situasi ekonomi dan anggaran negara terkini

Foto source: OPEC Fund

@kemenkeuri @opecfund #IndonesianWay #Rintiskemajuan #diesediplomatie"
"2868390731431760456","CfOkixAA1JI","https://www.instagram.com/p/CfOkixAA1JI/","2022-06-25 12:08:46",2022,"inainvienna",TRUE,TRUE,"Video","feed","mixed",145,"D","D1","","R3-residual",0,0,0,"","","","pertemuan; meeting","D","D","D",1,3,"#392B71",FALSE,"Reposted from @g20org Environmental control and management efforts for climate change are one of the strategic issues in this year's G20 Presidency. Environment Deputies Meeting and Climate Sustainability Working Group (EDM-CSWG) is one of the Working Groups in Indonesia<U+2019>s G20 Presidency that discusses issues related to the environment and climate control in a sustainable manner.

The 2nd EDM-CSWG meeting was held in Yogyakarta on 19-22 June 2022. On June 21, the meeting was centered on the discussion of the EDM-CSWG Draft Communique.

******************************

Upaya pengendalian dan pengelolaan lingkungan untuk perubahan iklim merupakan salah satu isu strategis dalam Kepresidenan G20 tahun ini. Environment Deputies Meeting and Climate Sustainability Working Group (EDM-CSWG) merupakan salah satu kelompok kerja dalam Kepresidenan G20 Indonesia yang membahas isu-isu terkait lingkungan dan pengendalian iklim secara berkelanjutan.

Pertemuan EDM-CSWG ke-2 telah dilaksanakan di Yogyakarta pada 19-22 Juni 2022 lalu. Pada 21 Juni, pertemuan berfokus pada pembahasan Draf Komunike EDM-CSWG.
#G20Indonesia #RecoverTogetherRecoverStronger #diesediplomatie @ppiaustria @ppislovenia"
"2869671191768083954","CfTHr6ngi3y","https://www.instagram.com/p/CfTHr6ngi3y/","2022-06-27 06:31:59",2022,"inainvienna",TRUE,FALSE,"Video","feed","mixed",88,"D","D1","","R3-residual",0,0,0,"","","","pertemuan; meeting","D","D","D",1,3,"#402966",FALSE,"The G20 Health Ministers Meeting (HMM) was successfully held on 20-21 June 2022 in Yogyakarta and was attended by 130 delegates from G20 member countries, invited countries, and international organizations.

Chaired by the Indonesian Ministry of Health, agreements were reached by the G20 HMM delegates to strengthen the global health architecture. 

***************************************

Pertemuan Menteri Kesehatan atau Health Ministers<U+2019> Meeting (HMM) G20 berhasil diselenggarakan pada 20-21 Juni 2022 di Yogyakarta dan dihadiri oleh 130 delegasi dari negara anggota G20, negara undangan, dan organisasi internasional.

Diketuai oleh Kementerian Kesehatan RI, kesepakatan-kesepakatan telah dicapai oleh para delegasi G20 untuk memperkuat arsitektur kesehatan global.
#G20Indonesia #RecoverTogetherRecoverStronger"
"2869928943856900572","CfUCSs9M9nc","https://www.instagram.com/p/CfUCSs9M9nc/","2022-06-27 15:03:32",2022,"inainvienna",TRUE,TRUE,"Sidecar","carousel_container","id",122,"A","A2","","max",7,0,0,"borobudur; budaya; kebudayaan; musik; culture; music","","","meeting","A","A","A",5,2,"#EFEFF0",FALSE,"Reposted from @indonesia.g20 Dalam rangkaian acara G20, pemerintah Indonesia terus berupaya untuk mendorong budaya lokal mendunia. Salah satunya yaitu melalui G20 Orchestra yang akan dihadirkan dalam Culture Ministers Meeting negara anggota G20 di kawasan Borobudur, Magelang, Jawa Tengah pada 12-13 September 2022 mendatang.

Penampilan perdana G20 Orchestra ini akan dihadiri oleh para Menteri Kebudayaan G20 serta para undangan VVIP lainnya dan dipimpin langsung oleh komponis sekaligus pianis Ananda Sukarlan (@anandasukarlan) yang merupakan orang Indonesia pertama dan satu-satunya yang tercantum pada 2.000 Outstanding Musicians of the 20th century.

Terdapat proses audisi bagi para musisi Indonesia yang ingin menjadi bagian dari orkestra ini. Audisi ini dapat dilakukan oleh para musikus berusia di bawah 30 tahun dengan mengunduh permainan musik di YouTube sebelum 7 Juli 2022. Syarat dan ketentuan lebih lanjut dapat dilihat melalui website anandasukarlancenter.com.

#G20Indonesia #PulihBersama  #diesediplomatie #IndonesianWay"
"2870044707066672881","CfUcnR2Mvbx","https://www.instagram.com/p/CfUcnR2Mvbx/","2022-06-27 18:53:32",2022,"inainvienna",TRUE,FALSE,"Image","feed","id",12,"D","D6","","R3-residual",0,0,0,"","","","","D","D","D",11,1,"#F2FDFD",FALSE,"Infografis angka tingkat infeksi Covid-19 di Austria dan Slovenia pada tgl 27 Juni 2022.

@safetravel.kemlu #IndonesianWay #NegaraHadir #Negaramelindungi #diesediplomatie"
"2871246074833542991","CfYtxexMB9P","https://www.instagram.com/p/CfYtxexMB9P/","2022-06-29 10:40:26",2022,"inainvienna",TRUE,FALSE,"Sidecar","carousel_container","en",40,"A","A1","","max",2,0,0,"borobudur; visit","","","","A","A","D",7,3,"#B2D5E8",FALSE,"Borobudur temple is the world's biggest Buddhist monument, the area is surrounded by beautiful scenery of Central Java<U+2019>s nature. Built between AD 780 and 840 during the reign of Syailendra dynasty. 
Buddhist monument you must visit at least once in your lifetime. 
#IniDiplomasi #Wonderfulindonesia 
#WundervollesIndonesien #Wundersch<U+00F6>neIndonesien #WunderbaresIndonesien #diesediplomatie"
"2871301455861749276","CfY6XYXs5Yc","https://www.instagram.com/p/CfY6XYXs5Yc/","2022-06-29 12:30:28",2022,"inainvienna",TRUE,FALSE,"Sidecar","carousel_container","mixed",227,"B","B1","","max",0,4,0,"","pertumbuhan ekonomi; economic growth; kualitas; quality","","","B","B","B",1,3,"#431D5B",FALSE,"The current post-pandemic conditions encourage all sectors to immediately implement recovery. To grow and thrive in a post-COVID-19 world, swift digital transformation into a pandemic-proof organizational model is vital.

A living lab is an approach to solving real problems in a limited area that is human-centric by integrating various research and industrial solutions in an open ecosystem.

By involving all stakeholders, the living lab is a tangible solution to improve the quality of life. Digital transformation needs to be accompanied by international collaboration so that it can contribute to global economic growth, including for developing countries.

You<U+2019>re invited to join the discussion of Smarter World Living Lab held by Think 20 (T20) Indonesia 2022. Register yourself now at bit.ly/8thgoesmart

***********************************

Kondisi pascapandemi saat ini mendorong semua sektor untuk segera melakukan pemulihan. Untuk tumbuh dan berkembang di dunia pasca-COVID-19, percepatan transformasi digital menjadi hal yang sangat penting untuk meningkatkan ketahan pada pandemi.

Living lab adalah metode pendekatan untuk memecahkan masalah nyata di area terbatas yang berpusat pada manusia dengan mengintegrasikan berbagai penelitian dan solusi industri dalam ekosistem terbuka.

Dengan melibatkan seluruh pemangku kepentingan, living lab merupakan solusi nyata untuk meningkatkan kualitas hidup. Transformasi digital perlu dibarengi kolaborasi internasional agar dapat berkontribusi pada pertumbuhan ekonomi global, termasuk bagi negara berkembang.

Anda diundang untuk mengikuti diskusi Smarter World Living Lab yang diadakan oleh Think 20 (T20) Indonesia 2022. Ikuti diskusinya dengan mendaftarkan diri Anda sekarang di bit.ly/8thgoesmart 

Reposted 

@g20org #IndonesianWay #dieseidiplomatie"
"2871569237064860209","CfZ3QHDMMIx","https://www.instagram.com/p/CfZ3QHDMMIx/","2022-06-29 21:22:30",2022,"inainvienna",TRUE,FALSE,"Image","feed","id",12,"D","D6","","R3-residual",0,0,0,"","","","","D","D","D",11,1,"#F2FDFD",FALSE,"Infografis angka tingkat infeksi Covid-19 di Austria dan Slovenia pada tgl  29 Juni 2022.

@safetravel.kemlu #diesediplomatie #NegaraHadir #negaramelindungi"
"2871905878287701347","CfbDy4nsdVj","https://www.instagram.com/p/CfbDy4nsdVj/","2022-06-30 08:31:21",2022,"inainvienna",TRUE,FALSE,"Sidecar","carousel_container","en",31,"A","A1","","max",2,0,0,"bali; destination","","","","A","A","D",7,3,"#1A474F",FALSE,"Klungkung Regency is located in Bali<U+2019>s eastern region. This area has many interesting tourist attractions that are frequently used as vacation destinations by both local and foreign tourists..check these out
#IniDiplomasi #wonderfulindonesia #visitindonesia #WundervollesIndonesien #Wundersch<U+00F6>neIndonesien #WunderbaresIndonesien #diesediplomatie"
"2872195311008462784","CfcFmr2M7fA","https://www.instagram.com/p/CfcFmr2M7fA/","2022-06-30 18:06:24",2022,"inainvienna",TRUE,FALSE,"Image","feed","id",12,"D","D6","","R3-residual",0,0,0,"","","","","D","D","D",11,1,"#F2FDFD",FALSE,"Infografis angka tingkat infeksi Covid-19 di Austria dan Slovenia pada tgl 30 Juni 2022.

@safetravel.kemlu #NegaraHadir #Negaramelindungi #diesediplomatie"
"2872860408202507464","Cfec1H4MbTI","https://www.instagram.com/p/Cfec1H4MbTI/","2022-07-01 16:07:49",2022,"inainvienna",TRUE,FALSE,"Image","feed","id",12,"D","D6","","R3-residual",0,0,0,"","","","","D","D","D",11,1,"#F1FDFD",FALSE,"Infografis angka tingkat infeksi Covid-19 di Austria dan Slovenia pada tgl 1 Juli 2022.

@safetravel.kemlu #negaramelindungi #NegaraHadir #diesediplomatie"
"2873716799800769080","CfhfjQtMno4","https://www.instagram.com/p/CfhfjQtMno4/","2022-07-02 20:29:19",2022,"inainvienna",TRUE,FALSE,"Image","feed","id",12,"D","D6","","R3-residual",0,0,0,"","","","","D","D","D",11,1,"#F2FCFC",FALSE,"Infografis angka tingkat infeksi Covid-19 di Austria dan Slovenia pada tgl 2 Juli 2022.

@safetravel.kemlu #NegaraHadir #Negaramelindungi #diesediplomatie"
"2874440546149046459","CfkEHKBMZi7","https://www.instagram.com/p/CfkEHKBMZi7/","2022-07-03 20:27:17",2022,"inainvienna",TRUE,FALSE,"Image","feed","id",12,"D","D6","","R3-residual",0,0,0,"","","","","D","D","D",11,1,"#F2FEFE",FALSE,"Infografis angka tingkat infeksi Covid-19 di Austria dan Slovenia pada tgl 3 July 2022.

@safetravel.kemlu #NegaraHadir #Negaramelindungi #diesediplomatie"
"2875049036722785884","CfmOd3BsM5c","https://www.instagram.com/p/CfmOd3BsM5c/","2022-07-04 16:36:14",2022,"inainvienna",TRUE,FALSE,"Image","feed","id",12,"D","D6","","R3-residual",0,0,0,"","","","","D","D","D",11,1,"#F2FDFD",FALSE,"Infografis angka tingkat infeksi Covid-19 di Austria dan Slovenia pada tgl 4 Juli 2022.

@safetravel.kemlu #Negaramelindungi #negarahadir #diesediplomatie"
"2875431427081689622","CfnlaXzMtoW","https://www.instagram.com/p/CfnlaXzMtoW/","2022-07-05 05:15:59",2022,"inainvienna",TRUE,FALSE,"Sidecar","carousel_container","id",29,"D","D6","","R3-residual",0,0,0,"","","","","D","D","D",5,2,"#93532F",FALSE,"KBRI Wina fasilitasi diskusi Deputi Bidang SDM Iptek (SDMI), Badan Riset dan Inovasi Nasional (BRIN) dengan Ppi Slovenia Ppi Austria terkait peran BRIN dalam mendorong program riset & pengembangan nasional 4/7

#IniDiplomasi #diesediplomatie #IndonesianWay"
"2875735767650628245","CfoqnHCs3KV","https://www.instagram.com/p/CfoqnHCs3KV/","2022-07-05 15:20:39",2022,"inainvienna",TRUE,FALSE,"Image","feed","id",21,"D","D4","","R3-residual",0,0,0,"","","","PBB","D","D","D",5,2,"#FDFDFD",FALSE,"Urgensi dan Dinamika Penyusunan Konvensi PBB Terkait Kejahatan Siber

DItulis oleh Dr.iur Damos Dumoli Agusman.

Selengkapnya dapat dibaca di link https://kumparan.com/damos-dumoli-agusman/urgensi-dan-dinamika-penyusunan-konvensi-pbb-terkait-kejahatan-siber-1yNyHmjWKid

@kumparancom #IndonesianWay"
"2875843301149423388","CfpDD7asrcc","https://www.instagram.com/p/CfpDD7asrcc/","2022-07-05 18:54:18",2022,"inainvienna",TRUE,FALSE,"Image","feed","id",12,"D","D6","","R3-residual",0,0,0,"","","","","D","D","D",11,1,"#F2FDFD",FALSE,"Infografis angka tingkat infeksi Covid-19 di Austria dan Slovenia pada tgl 5 Juli 2022.

@safetravel.kemlu #NegaraHadir #negaramelindungi #diesediplomatie"
"2876633159291774597","Cfr2p4IsiaF","https://www.instagram.com/p/Cfr2p4IsiaF/","2022-07-06 21:03:36",2022,"inainvienna",TRUE,FALSE,"Image","feed","id",12,"D","D6","","R3-residual",0,0,0,"","","","","D","D","D",11,1,"#F2FEFE",FALSE,"Infografis angka tingkat infeksi Covid-19 di Austria dan Slovenia pada tgl 6 Juli 2022.

@safetravel.kemlu #Negaramelindungi #NegaraHadir #diesediplomatie"
"2877114378322018572","CftkEiSDYEM","https://www.instagram.com/p/CftkEiSDYEM/","2022-07-07 12:59:42",2022,"inainvienna",TRUE,FALSE,"Sidecar","carousel_container","en",12,"D","D6","","R3-residual",0,1,0,"","made in indonesia","","","D","B","D",7,3,"#3A4C20",FALSE,"Al Rihla: The Official Ball for the World Cup 2022, Made in Indonesia
#IniDiplomasi"
"2877288876889612917","CfuLv0vMCJ1","https://www.instagram.com/p/CfuLv0vMCJ1/","2022-07-07 18:46:24",2022,"inainvienna",TRUE,FALSE,"Image","feed","id",12,"D","D6","","R3-residual",0,0,0,"","","","","D","D","D",11,1,"#FBFCFB",FALSE,"Infografis angka tingkat infeksi Covid-19 di Austria dan Slovenia pada tgl 7 Juli 2022.

@safetravel.kemlu #NegaraHadir #Negaramelindungi #diesediplomatie"
"2877704292988474187","CfvqM7IMdNL","https://www.instagram.com/p/CfvqM7IMdNL/","2022-07-08 08:31:46",2022,"inainvienna",TRUE,FALSE,"Image","feed","unknown",14,"D","D5","","R3-residual",0,0,0,"","","","selamat hari raya; idul adha; selamat","D","D","D",10,4,"#046635",FALSE,"Duta Besar beserta seluruh staff KBRI/PTRI Wina mengucapkan 
Selamat Hari Raya Idul Adha 1443 H.

#Inidiplomasi @info_wapena #diesediplomatie"
"2877981140043353417","CfwpJlCjs1J","https://www.instagram.com/p/CfwpJlCjs1J/","2022-07-08 17:41:48",2022,"inainvienna",TRUE,FALSE,"Image","feed","en",17,"D","D6","","R3-residual",0,0,0,"","","","","D","D","D",1,3,"#F5F5F4",FALSE,"hybrid webinar on <U+201C>Catalyzing Actions for Sustainable Vegetable Oils in Support of Sustainable Development Goals (SDGs)<U+201D>, 11 July 2022
https://sustainablevegetableoilshlpf2022.com

#IniDiplomasi"
"2878003303645496583","CfwuMGgMMUH","https://www.instagram.com/p/CfwuMGgMMUH/","2022-07-08 18:25:50",2022,"inainvienna",TRUE,FALSE,"Image","feed","id",12,"D","D6","","R3-residual",0,0,0,"","","","","D","D","D",11,1,"#F2FDFD",FALSE,"Infografis angka tingkat infeksi Covid-19 di Austria dan Slovenia pada tgl 8 Juli 2022.

@safetravel.kemlu #Negaramelindungi #NegaraHadir #diesediplomatie"
"2878728918757638604","CfzTLMPMYHM","https://www.instagram.com/p/CfzTLMPMYHM/","2022-07-09 18:27:30",2022,"inainvienna",TRUE,FALSE,"Image","feed","id",12,"D","D6","","R3-residual",0,0,0,"","","","","D","D","D",11,1,"#F2FCFC",FALSE,"Infografis angka tingkat infeksi Covid-19 di Austria dan Slovenia pada tgl 9 Juli 2022.

@safetravel.kemlu #Negaramelindungi #NegaraHadir #diesediplomatie"
"2879505401757232452","Cf2DugYju1E","https://www.instagram.com/p/Cf2DugYju1E/","2022-07-10 20:10:14",2022,"inainvienna",TRUE,FALSE,"Sidecar","carousel_container","id",19,"D","D2","","R3-residual",0,0,0,"","","","warga; pengajian; idul adha","D","D","D",15,2,"#B0B8C2",FALSE,"KBRI Wina dan WARGA PENGAJIAN AUSTRIA (WAPENA) bersama-sama masyarakat muslim Indonesia di Austria melaksanakan salat Idul Adha 1443 Hijriah (9/7)

#IniDiplomasi @ppiaustria @ppislovenia"
"2880076195830907440","Cf4Fgpyj0Iw","https://www.instagram.com/p/Cf4Fgpyj0Iw/","2022-07-11 15:04:18",2022,"inainvienna",TRUE,FALSE,"Sidecar","carousel_container","en",34,"D","D6","","R3-residual",1,1,0,"culture","furnitur","","","D","B","D",7,3,"#EBEADF",FALSE,"Rattan is an extremely versatile material, it can be used to create a wide variety of items, such as baskets, furniture and many more. Check these elements of Indonesian culture applied in today's interior design.
#iniDiplomasi"
"2880205398364826313","Cf4i4zBsqrJ","https://www.instagram.com/p/Cf4i4zBsqrJ/","2022-07-11 19:21:01",2022,"inainvienna",TRUE,FALSE,"Image","feed","id",12,"D","D6","","R3-residual",0,0,0,"","","","","D","D","D",11,1,"#F2FCFC",FALSE,"Infografis angka tingkat infeksi Covid-19 di Austria dan Slovenia pada tgl 11 Juli 2022.

@safetravel.kemlu #NegaraHadir #Negaramelindungi #diesediplomatie"
"2881342941430764400","Cf8liOkD1Nw","https://www.instagram.com/p/Cf8liOkD1Nw/","2022-07-13 09:01:06",2022,"inainvienna",TRUE,FALSE,"Sidecar","carousel_container","en",16,"D","D6","","R3-residual",1,0,0,"visit","","","","D","A","D",7,3,"#E9E6E3",FALSE,"Mount Bromo is a breathtakingly spectacular spot that waits to be discovered. Challenge yourself and visit Bromo!
#IniDiplomasi #WonderfulIndonesia #visitindonesia"
"2882058943038582460","Cf_IVbBjW68","https://www.instagram.com/p/Cf_IVbBjW68/","2022-07-14 08:43:40",2022,"inainvienna",TRUE,FALSE,"Sidecar","carousel_container","mixed",135,"D","D5","","R3-residual",0,0,1,"","","safe","selamat","D","C","D",5,2,"#D2D5D7",FALSE,"Tanggal 13 Juli 2022, Dubes RI untuk Austria Dr. iur. Damos Dumoli Agusman telah menjamu Dubes Austria untuk Indonesia (terpilih) Dr. iur. Thomas Loidl, sebelum keberangkatan ke Indonesia tanggal 15 Juli 2022 untuk memulai tugasnya.

Kedekatan dan kehangatan antara kedua Duta Besar mencerminkan hubungan erat Indonesia dan Austria yang telah terjalin dan akan semakin kuat ini.

Selamat jalan Dubes Loidl dan selamat bertugas di Indonesia!

=========

On 13 July 2022, the Indonesian Ambassador to Austria Dr. iur. Damos Dumoli Agusman hosted the Austrian Ambassador (designate) to Indonesia Dr. iur. Thomas Loidl, before his departure to Indonesia on 15 July 2022 to assume his mission.

The closeness and warmth between the two Ambassadors reflects the close relationship between Indonesia and Austria that has existed and will grow stronger in years to come.

Safe journey to Ambassador Loidl and many success on your mission in Indonesia!

#iniDiplomasi #diesediplomatie"
"2882758280469445198","CgBnWHwsnpO","https://www.instagram.com/p/CgBnWHwsnpO/","2022-07-15 07:53:08",2022,"inainvienna",TRUE,TRUE,"Sidecar","carousel_container","mixed",184,"C","C3","","max",0,0,2,"","","peraturan; policy","","C","C","D",1,3,"#382A6A",FALSE,"Reposted from @g20org Closing of the series of G20 side events on 14 July 2022, the G20 Ministerial Tax Symposium event was successfully held. Minister of Finance of Indonesia, Sri Mulyani Indrawati shared in her opening remarks about the challenges faced by developing countries regarding international taxation, and how direct participation from developing countries is also needed in shaping international tax rules.

The event continued with a discussion about G20 role in supporting developing countries in G20/OECD IF BEPS and the global forum on transparency and EOI for tax purposes, also future tax policy challenges, particularly tax incentives and domestic resource mobilization.
#G20Indonesia #RecoverTogetherRecoverStronger #FMCBG 

*****

Menjadi penutup rangkaian side events G20 pada 14 Juli 2022, agenda G20 Ministerial Tax Symposium sukses digelar. Menteri Keuangan Republik Indonesia, Sri Mulyani Indrawati menyampaikan dalam sambutan pembukanya mengenai tantangan yang dirasakan negara berkembang sehubungan dengan pajak internasional, dan bagaimana partisipasi langsung dari negara-negara berkembang juga diperlukan dalam pembentukan peraturan perpajakan internasional.

Acara kemudian dilanjutkan dengan pembahasan mengenai peran G20 dalam mendukung negara berkembang di G20/OECD IF BEPS dan forum global tentang transparansi dan EOI untuk kepentingan pajak serta tantangan kebijakan pajak di masa depan, terutama insentif pajak dan dominasi sumber daya domestik.
#G20Indonesia #RecoverTogetherRecoverStronger #FMCBG #diesediplomatie"
"2882857178324245916","CgB91RkM52c","https://www.instagram.com/p/CgB91RkM52c/","2022-07-15 11:09:37",2022,"inainvienna",TRUE,FALSE,"Sidecar","carousel_container","id",111,"A","A1","","max",7,0,0,"pariwisata; pulau; bali","","","","A","A","A",3,5,"#C2D2CE",FALSE,"Wohooo! Bali masuk ke daftar TEMPAT TERBAIK DI DUNIA TAHUN 2022 versi Majalah TIME <U+0001F4F0><U+0001F44F><U+0001F3FB>

Yap, majalah terkemuka asal Amerika Serikat, TIME, kembali merilis tempat-tempat terbaik di dunia. Dari 50 tempat, ada satu dari Indonesia yang masuk, yaitu Bali. <U+0001F929>

Brekke Fletcher dari TIME menulis bahwa Bali menggebrak dunia tahun ini lewat resor-resornya yang tak hanya menyuguhkan tempat yang nyaman, tetapi juga pengalaman menginap yang menyenangkan.<U+0001F3E8><U+0001F9D8><U+0001F3FB><U+200D><U+2640><U+FE0F>

Wah, semoga pencapaian ini jadi salah satu sinyal positif nih agar sektor pariwisata dan ekonomi kreatif di Pulau Dewata cepat bangkit dan lapangan kerja terbuka seluas-luasnya!<U+2728><U+0001F1EE><U+0001F1E9>

Yuk, udah direkomendasiin majalah TIME tuh Sob buat ke Bali hehe <U+0001F92A>
Cuss ambil cuti dan healing di Bali!<U+0001F9F3><U+2708><U+FE0F>

Reposted from @pesona.indonesia
#DiIndonesiaAja
#WonderfulIndonesia #diesediplomatie @WundervollesIndonesien @wunderbaresIndonesien 
@tui_austria @info_wapena"
"2884389591307231863","CgHaQ0Xs6J3","https://www.instagram.com/p/CgHaQ0Xs6J3/","2022-07-17 13:54:15",2022,"inainvienna",TRUE,FALSE,"Sidecar","carousel_container","id",46,"D","D6","","R3-residual",0,0,0,"","","","","D","D","D",9,10,"#FCFCFC",FALSE,"Surat Edaran Satgas Covid No.21 dan 22 tentang Ketentuan bagi Pelaku Perjalanan Luar Negeri maupun Pelaku Perjalanan Dalam Negeri yang akan berlaku mulai 17 Juli 2022, dan

Surat Edaran Satgas Penanganan COVID-19 Nomor 21 Tahun 2022 tentang Ketentuan Perjalanan
Orang Dalam Negeri pada Masa Pandemi COVID-19, yang berlaku efektif sejak 17 Juli 2022.

#diesediplomatie @safetravel.kemlu #sahabatkemlu @info_wapena @ppiaustria @ppislovenia"
"2884399331462366653","CgHcejmMEW9","https://www.instagram.com/p/CgHcejmMEW9/","2022-07-17 14:13:36",2022,"inainvienna",TRUE,FALSE,"Sidecar","carousel_container","en",47,"A","A1","","max",2,0,0,"travel","","","","A","A","D",12,11,"#FEFEFE",FALSE,"Circular Letter of the COVID-19 Task Force Number 22 of 2022 concerning Health Protocol for International Travel during the COVID-19 Pandemic, which is effective since 17 July 2022, and

Circular Letter of the COVID-19 Task Force Number 21 of 2022 concerning Domestic Travel 
Provisions during the COVID-19 Pandemic, which is effective since 17 July 2022.

@safetravel.kemlu #diesediplomatie"
"2884926679950640486","CgJUYfJgUVm","https://www.instagram.com/p/CgJUYfJgUVm/","2022-07-18 07:41:37",2022,"inainvienna",TRUE,FALSE,"Video","feed","mixed",164,"A","A1","","max",2,0,0,"bali","","","pertemuan; meeting","A","A","D",1,3,"#302560",FALSE,"On 15 July 2022, the Minister of Finance of Indonesia, Sri Mulyani Indrawati and the Governor of Bank Indonesia, Perry Warjiyo attended a hospitality dinner in a series of meetings of the 3rd Finance Ministers and Central Bank Governors Meeting (FMCBG) and Finance and Central Bank Deputies (FCBD) in Nusa Dua, Bali.

The event was also attended by leaders of high state institutions and delegates from the 3rd Finance Ministers and Central Bank Governors Meeting (FMCBG) and Finance and Central Bank Deputies (FCBD).

*****

Pada tanggal 15 Juli 2022 Menteri Keuangan Indonesia, Sri Mulyani Indrawati dan Gubernur Bank Indonesia, Perry Warjiyo menghadiri hospitality dinner dalam rangkaian pertemuan para Menteri Keuangan dan Gubernur Bank Sentral serta Deputi Bank Sentral G20 atau The 3rd Finance Ministers and Central Bank Governors Meeting (FMCBG) dan Finance and Central Bank Deputies (FCBD) di Nusa Dua, Bali.

Dalam acara ini dihadiri juga oleh para pimpinan lembaga tinggi negara dan delegasi 3rd Finance Ministers and Central Bank Governors Meeting (FMCBG) dan Finance and Central Bank Deputies (FCBD).

 Reposted from @g20org
#G20Indonesia #RecoverTogetherRecoverStronger 
#diesediplomatie @ppiaustria @ppislovenia"
"2885064038611511603","CgJznUXsWkz","https://www.instagram.com/p/CgJznUXsWkz/","2022-07-18 12:14:16",2022,"inainvienna",TRUE,TRUE,"Sidecar","carousel_container","id",57,"A","A1","","max",3,0,0,"wisata; destinasi","","","","A","A","A",3,5,"#1074A0",FALSE,"Reposted from @pesona.indonesia Sob, udah tahu belum kalau Indonesia bakalan punya 3 provinsi baru? <U+2728>

Yap, ini dia beberapa wilayah pemekaran Provinsi Papua yang kini bertambah 3 provinsi, yaitu:
<U+2728>Papua Tengah
<U+2728>Papua Selatan
<U+2728>Papua Pegunungan

Mau tau apa aja destinasi wisata yang wajib dikunjungi di beberapa provinsi baru ini? Cekidooot!

Destinasi di Papua mana nih, yang pengen banget kamu kunjungin, Sob?

#WonderfulIndonesia #DiIndonesiaAja 
#diesediplomatie #WundervollesIndonesien #WunderbaresIndonesien #Wundersch<U+00F6>neIndonesien"
"2885113667797504553","CgJ-5hJsdIp","https://www.instagram.com/p/CgJ-5hJsdIp/","2022-07-18 13:52:52",2022,"inainvienna",TRUE,FALSE,"Sidecar","carousel_container","en",210,"B","B2","","max",0,2,0,"","investasi; investment","","","B","B","D",1,3,"#4F2455",FALSE,"The G20 Indonesia Presidency<U+2019>s Energy Transition pillar of <U+2018>Global cleaner energy systems and just transitions<U+2019> aims at achieving a global deal to accelerate the energy transition, to achieve the carbon neutrality target by accelerating the just process of reducing energy-related greenhouse gas emissions through various forms of decarbonisation.

Such decarbonisation means an additional investment is necessary. Nevertheless, the question remains: how to finance the energy transition, especially in the context of reaching carbon neutrality pledges that vary across G20 countries?

Join the upcoming T20-ERIA side event webinar on <U+201C>Emerging Economies towards Net Zero Emission: Challenges and Opportunities on Technology Innovation and Financing<U+201D> on:
Date: Wednesday, 20 July 2022
Time: 2:00-4:30 PM (GMT+7)

Register here at bit.ly/tf3workshop
#G20Indonesia #RecoverTogetherRecoverStronger

#G20Indonesia 

*****

Pilar Transisi Energi Presidensi G20 Indonesia 'Sistem energi bersih global dan transisi yang berkeadilan<U+2019> bertujuan untuk mencapai kesepakatan global untuk mempercepat transisi energi, dalam rangka mencapai target netralitas karbon dengan mempercepat proses pengurangan emisi gas rumah kaca yang berkeadilan melalui berbagai bentuk dekarbonisasi.

Diperlukan investasi tambahan untuk upaya dekarbonisasi, sehingga muncul pertanyaan: Bagaimana membiayai transisi energi, terutama dalam konteks mencapai janji netralitas karbon yang bervariasi di negara-negara G20?

Bergabunglah dengan T20-ERIA side event webinar tentang <U+201C>Emerging Economies towards Net Zero Emission: Challenges and Opportunities on Technology Innovation and Financing<U+201D> pada:
Tanggal: Rabu, 20 Juli 2022
Waktu: 14:00-16:30 (GMT+7)

Reposted from @g20org

Daftarkan diri Anda di bit.ly/tf3workshop
#G20Indonesia #RecoverTogetherRecoverStronger 
#diesediplomatie 
@ppiaustria @ppislovenia"
"2885642739350900904","CgL3MhbshCo","https://www.instagram.com/p/CgL3MhbshCo/","2022-07-19 07:24:02",2022,"inainvienna",TRUE,TRUE,"Image","feed","id",108,"A","A1","","max",11,0,0,"wisata; destinasi; pulau; bali; travel; budaya; kuliner","","","","A","A","A",3,5,"#091309",FALSE,"Reposted from @pesona.indonesia Gak ada kata lain selain BANGGA! <U+0001F979><U+0001F44F><U+0001F3FB>

Baru-baru ini majalah Travel+Leisure tahun 2022 menempatkan Ubud, Bali, sebagai kota terbaik ketiga di dunia dan pertama di Asia!<U+0001F5DE><U+FE0F><U+0001F30E>

Prestasi ini semakin membuktikan bahwa Pulau Dewata, khususnya Ubud punya tempat tersendiri di hati para pengunjungnya <U+2728><U+0001F970>

Selain dikenal sebagai surganya destinasi wisata alam yang memesona, seperti Monkey Forest, Sawah Terasering Tegallalang, dan Campuhan Ridge Walk, Ubud juga menyimpan keanekaragaman budaya, kuliner, serta kearifan lokal masyarakatnya.  Sempurna, kan?<U+0001F44C>

Semoga dengan prestasi ini, pesona Ubud dan destinasi lainnya #DiIndonesiaAja makin dikenal dunia dan makin banyak lagi wisatawan yang datang ke Indonesia.

Destinasi mana yang jadi favoritmu kalau lagi main ke Ubud, Bali, Sob? <U+0001F914>

<U+0001F4F8>: @hidwii

#DiIndonesiaAja
#WonderfulIndonesia 
#wunderbaresindonesien #Wundersch<U+00F6>neIndonesien #WundervollesIndonesien 
#tuiaustria #diesediplomatie"
"2885811436078199781","CgMdjYgM3Pl","https://www.instagram.com/p/CgMdjYgM3Pl/","2022-07-19 12:59:12",2022,"inainvienna",TRUE,FALSE,"Image","feed","id",22,"D","D2","","R3-residual",0,0,0,"","","","diaspora","D","D","D",5,2,"#76736A",FALSE,"Yth. Masyarakat dan diaspora Indonesia di Austria dan Slovenia, Terlampir undangan Acara hybrid Perpisahan Pejabat Home Staff KBRI/PTRI Wina. <U+0001F64F>
22 Juli 2022, 19.00-21.00 CEST

https://bit.ly/PisahHS2022

@info_wapena @ppiaustria @ppislovenia #diesediplomatie"
"2890008751269702350","CgbX6W5M2rO","https://www.instagram.com/p/CgbX6W5M2rO/","2022-07-25 07:58:31",2022,"inainvienna",TRUE,FALSE,"Sidecar","carousel_container","unknown",4,"D","D3","","R3-residual",0,0,0,"","","","WNI","D","D","D",5,2,"#F6F6F6",FALSE,"Infografis Portal Peduli WNI.

#lapordiri #sahabatkemlu @info_wapena @ppiaustria @ppiaustria #diesediplomatie"
"2890101802843311757","CgbtEb7MQ6N","https://www.instagram.com/p/CgbtEb7MQ6N/","2022-07-25 11:03:24",2022,"inainvienna",TRUE,FALSE,"Sidecar","carousel_container","en",99,"A","A1","","max",12,0,0,"lombok; tourism; visit; island","","","","A","A","A",7,3,"#E2DADA",FALSE,"Lombok Island is well-known for its weaving crafts, in addition to its beautiful natural attractions. On the island of Lombok, there is a weaving tourism village called Lombok Sukarara Village Tourism.

Sukarara Village's uniqueness, as well as its handicrafts, make it a must-see when visiting the island of Lombok. In this village, in addition to the unique natural scenery, you can also enjoy a variety of songket fabrics typical of Lombok Island. You can also observe the weaving process in the weavers' homes. Almost every house in this village has traditional weaving tools, and nearly every woman is a skilled weaver.

#iniDiplomasi #WundervollesIndonesien #Wundersch<U+00F6>neIndonesien #WunderbaresIndonesien #dieseidiplomatie"
"2890140036432454946","Cgb1wzusOUi","https://www.instagram.com/p/Cgb1wzusOUi/","2022-07-25 12:19:22",2022,"inainvienna",TRUE,TRUE,"Sidecar","carousel_container","mixed",289,"D","D6","","R3-residual",0,1,1,"","supply chain","safety","","C","C","D",1,3,"#471E55",FALSE,"Reposted from @g20org Join in a G20 seminar series <U+201C>Unlocking Innovative Financing Schemes and Islamic Finance to Accelerate a Just Energy Transition In Emerging Economies<U+201D> organized by Energy Transition Working Group (ETWG) G20 and T20 Indonesia on Wednesday, 27 July 2022. 

Hastening the shift away from fossils to renewables while ensuring people-centered and inclusive transition is one of the priorities in the IEA, the World Bank, World Economic Forum, as well as #G20Indonesia Presidency. 

Clean energy transition should take into account the transition cost beyond project financing basis. For example, inclusive coal transition financing should also account for the societal cost along the supply chain of coal that might include the social and economic safety net/safeguard program.

Panel 3 <U+201C>Understanding the Needs for an Inclusive Energy Transition Financing<U+201D> will explore more on what it takes to create inlcusive energy transition financing including Non-Project Financing and Financing of Social Cost of Energy Transition.

Register now at g20-unlockingfinancing.com

*****

Bergabunglah dalam rangkaian seminar G20 <U+201C>Unlocking Innovative Financing Schemes and Islamic Finance to Accelerate a Just Energy Transition In Emerging Economies<U+201D> yang diselenggarakan oleh Energy Transition Working Group (ETWG) G20 dan T20 Indonesia pada Rabu, 27 Juli 2022.

Mempercepat peralihan dari fosil ke energi terbarukan sambil memastikan transisi yang berpusat pada masyarakat dan inklusif adalah salah satu prioritas di IEA, Bank Dunia, Forum Ekonomi Dunia, serta Presidensi #G20Indonesia.

Transisi energi bersih harus memperhitungkan biaya transisi di luar basis pembiayaan proyek. Misalnya, pembiayaan transisi batu bara yang inklusif juga harus memperhitungkan biaya sosial di sepanjang rantai pasokan batu bara yang mungkin mencakup program jaring pengaman/perlindungan sosial dan ekonomi.

Panel 3 <U+201C>Understanding the Needs for an Inclusive Energy Transition Financing<U+201D> akan mengeksplorasi lebih lanjut tentang apa yang diperlukan untuk menciptakan pembiayaan transisi energi inklusif termasuk Pembiayaan Non-Proyek dan Pembiayaan Biaya Sosial Transisi Energi.

Daftar sekarang di g20-unlock"
"2890170763954021936","Cgb8v89suYw","https://www.instagram.com/p/Cgb8v89suYw/","2022-07-25 13:20:25",2022,"inainvienna",TRUE,FALSE,"Sidecar","carousel_container","id",70,"A","A2","","max",2,0,0,"kuliner; sate","","","","A","A","D",3,5,"#7E5724",FALSE,"Apa bedanya gado-gado, karedok, pecel, sama lotek ya, Sob?<U+0001F633><U+0001F9D0> 

Kadang suka kepikiran tapi yaudah lah dimakan aja<U+0001F92D><U+0001F629> 

Nih Mimin kasih tau bedanya, biar kalo pesen, gak salah lagi <U+0001F92A>

Tapi setuju kan, kalau Indonesia tuh gudangnya kuliner yang lezat dan nikmat? Mulai dari kudapan manis, asin, makan berkuah, berbumbu, aneka sate, sampe ragam es yang nyegerin, semuanya ada #DiIndonesiaAja 

Kira-kira makanan apa lagi yang yang sama tapi beda? 
Reposted from @pesona.indonesia

#WonderfulIndonesia #IndonesienKulinarisch #IndonesienImbiss #diesediplomatie #WunderbaresIndonesien #WundervollesIndonesien"
"2890265428452672572","CgcSRgJg4Q8","https://www.instagram.com/p/CgcSRgJg4Q8/","2022-07-25 16:28:58",2022,"inainvienna",TRUE,FALSE,"Video","feed","mixed",151,"B","B2","","max",0,4,0,"","trade; product","","pertemuan; meeting","B","B","B",1,3,"#678493",FALSE,"The 2nd Agriculture Deputies Meeting (ADM) will be held on 27-29 July 2022 in Yogyakarta under the theme of ""Balancing Production and Trade to Fulfill Food for All<U+201D>. More than 100 G20 member delegates, 7 invited countries, and 13 regional and international organizations are attending this meeting.

This 2nd ADM meeting will focus on the discussion of Ministerial draft communique of Indonesia's G20 Presidency. Progress reports of activities by the Agricultural Working Group (AWG) as well as AWG concrete deliverables will also become the agenda of this meeting. 

*****

Pertemuan Agriculture Deputies Meeting (ADM) ke-2 akan diselenggarakan pada 27-29 Juli 2022 di Yogyakarta dengan tema ""Balancing Production and Trade to Fulfill Food for All"". Lebih dari 100 delegasi anggota G20, 7 negara undangan, dan 13 organisasi internasional dan regional akan menghadiri pertemuan ini.

Pertemuan ADM ke-2 ini akan berfokus pada pembahasan draft komunike Menteri Presidensi G20 Indonesia. Laporan kemajuan kegiatan Kelompok Kerja Pertanian (AWG) serta concrete deliverables AWG juga akan menjadi agenda pertemuan ini. 
Reposted from @g20org
#diesediplomatie #IndonesianWay"
"2890766370078825883","CgeELKZMZ2b","https://www.instagram.com/p/CgeELKZMZ2b/","2022-07-26 09:03:46",2022,"inainvienna",TRUE,FALSE,"Sidecar","carousel_container","en",62,"D","D6","","R3-residual",0,0,0,"","","","","D","D","D",7,3,"#E0D5CE",FALSE,"Klanceng honey is honey produced by non-stinging bees, from Trigona species'  giving it a distinct flavor from honey in general. Klanceng Honey has a sour taste, whereas most honeys are sweet. Furthermore, this honey is more watery than other types of honey. Despite this, Klanceng honey is popular due to its benefits. 

Do you want to know more about this type of Honey?

#Inidiplomasi #diesediplomatie #Klancenghoney #trigonabeehoney #trigonabee #trigonahoney"
"2890967145287637224","Cgex004Mdjo","https://www.instagram.com/p/Cgex004Mdjo/","2022-07-26 15:42:41",2022,"inainvienna",TRUE,FALSE,"Sidecar","carousel_container","id",46,"A","A2","","max",2,0,0,"kebudayaan; lintas agama","","","bertemu","A","A","D",5,2,"#C2B5A3",TRUE,"Duta Besar RI Damos Dumoli Agusman telah bertemu dengan Dubes Teresa Indjein, Dirjen Hubungan Kebudayaan Internasional, BMEIA (25/7) guna membahas kelanjutan potensi kerja sama bidang Dialog Lintas Agama RI-Austria di tahun 2022. Setelah 2 tahun tertunda karena pandemi, dialog akan kembali digulirkan guna mempererat hubungan bilateral kedua negara.

#Inidiplomasi #diesediplomatie #IndonesianWay #indonesien<U+00F6>sterreichbeziehungen #IndonesiaAustria"
"2891433689465491966","Cggb58AMBH-","https://www.instagram.com/p/Cggb58AMBH-/","2022-07-27 07:09:37",2022,"inainvienna",TRUE,FALSE,"Image","feed","en",159,"A","A2","","max",3,0,0,"bali; kain; tenun","","","pertemuan; meeting","A","A","A",1,2,"#3A1D5E",FALSE,"G20 delegates were introduced to the traditional Balinese attire, Udeng and Endek Woven Fabric, at the gala dinner of the second meeting of the G20 Anti-Corruption Working Group (ACWG).

In addition to receiving Udeng and Endek, all delegates of the G20 ACWG member countries were also served Indonesian traditional dishes after previously discussing the issue of increasing the role of auditing in efforts to eradicate corruption which will become the High-Level Principles (HLP).

Udeng and Endek hold philosophies that are highly related to the spirit of eradicating corruption in Indonesia.

*****

Delegasi G20 diperkenalkan pakaian adat Bali, Kain Tenun Udeng dan Endek, dalam gala dinner pertemuan kedua Kelompok Kerja Anti-Korupsi (ACWG) G20.

Selain menerima Udeng dan Endek, seluruh delegasi negara anggota G20 ACWG juga disuguhi hidangan khas Indonesia setelah sebelumnya membahas isu peningkatan peran audit dalam upaya pemberantasan korupsi yang akan menjadi High-Level Principles (HLP).

Udeng dan Endek memiliki filosofi yang sangat ereat terkait dengan semangat pemberantasan korupsi di Indonesia.

Reposted from @g20org
#G20Indonesia #RecoverTogetherRecoverStronger 
#diesediplomatie"
"2891467986591322942","CggjtBsMJM-","https://www.instagram.com/p/CggjtBsMJM-/","2022-07-27 08:17:46",2022,"inainvienna",TRUE,FALSE,"Sidecar","carousel_container","en",194,"D","D1","","R3-residual",0,0,0,"","","","pertemuan; meeting","D","D","D",5,2,"#262E3C",FALSE,"Dubes RI Damos Dumoli Agusman bersama Kepala Perwakilan negara anggota ASEAN menghadiri acara outreach activity antara ASEAN Vienna Committee (AVC) - The ASEAN European Academic University Network (ASEA-UNINET) bertempat di Johannes Kepler University (JKU), Linz, 26 Juli 2022.

Kegiatan meliputi audiensi dengan Wakil Rektor JKU, Prof. Dr. Stefan Koch, menghadiri diskusi panel, serta pertemuan singkat dengan akademisi dari universitas asal Indonesia.

Di sela-sela kegiatan, Duta Besar RI juga menyaksikan penyerahan Penghargaan di Bidang Ilmu Pengetahuan dari Presiden Austria kepada salah satu akademisi Austria yang juga adalah Presiden dari Austrian Indonesian Society (AIS), Prof. Dr. A Min Tjoa.

==========

Indonesian Ambassador Damos Dumoli Agusman together with the Head of ASEAN missions attended the outreach activity between the ASEAN Vienna Committee and the ASEAN European Academic University Network, at Johannes Kepler University (JKU) in Linz (26/7).

The event comprised of the call to the Vice Rector for Academic Affairs of JKU, Prof. Dr. Stefan Koch, attended panel discussion, and brief meeting with academic representations from several Indonesian universities.

On the sidelines of the activity, the Indonesian Ambassador also witnessed the bestowal of decorations of science from the President of Austria to one of the Indonesian academics, Prof. Dr. A Min Tjoa.

#IniDiplomasi #diesediplomatie #indonesiaaustria @asean @aseanexternalcooperation  @asean_ri"
"2891527305701683260","CggxMO6sPA8","https://www.instagram.com/p/CggxMO6sPA8/","2022-07-27 10:15:37",2022,"inainvienna",TRUE,FALSE,"Sidecar","carousel_container","mixed",156,"D","D6","","R3-residual",0,0,0,"","","","","D","D","D",5,2,"#2E402B",FALSE,"Society Magazine dan Dubes Uzbekistan menyelenggarakan bersama acara perpisahan (25/7) untuk Chief of Protocol Kemlu Austria (BMEIA), Dubes Enno Drofenik yang akan menjabat sebagai Dubes Austria untuk Spanyol dan memperkenalkan penggantinya Dubes Maximilian Hennig. 

Pada kesempatan tersebut, Dubes RI Damos Dumoli Agusman juga turut diperkenalkan bersama Dubes Selandia Baru, Peru, Brazil, dan Ukraina sebagai Dubes yang baru tiba di Austria. Acara dihadiri oleh kalangan diplomatik dan sosialita kota Wina, Austria

=========

Society Magazine and the Ambassador of Uzbekistan co-hosted a farewell ceremony (25/7) for the Chief of Protocol of the Austrian Ministry of Foreign Affairs (BMEIA), Ambassador Enno Drofenik who will serve as Austrian Ambassador to Spain and introduced his successor Ambassador Maximilian Hennig.

On this occasion, Indonesian Ambassador Damos Dumoli Agusman was also introduced with the Ambassadors of New Zealand, Peru, Brazil, and Ukraine as ambassadors that had just recently arrived in Austria. The event was attended by diplomatic circles and socialites of the city of Vienna, Austria

#IniDiplomasi #diesediplomatie #indonesiaaustria  #Indonesien<U+00D6>sterreich"
"2891592446438979503","CghAAJ9Mrev","https://www.instagram.com/p/CghAAJ9Mrev/","2022-07-27 12:25:02",2022,"inainvienna",TRUE,FALSE,"Image","feed","mixed",168,"B","B2","","max",1,2,0,"visit","supply chain; partnership","","","B","B","D",1,3,"#19265D",FALSE,"G20 Digital Innovation Network aims to showcase innovative solutions from startups that address issues in the sector, which may support stronger and sustainable post-Covid-19 recovery.

We invite each G20 member country and guest country to choose 5 startups that come from these priority sectors:
1. Healthcare
2. Green and Renewable Energy
3. Education Technology
4. Financial Inclusivity
5. Supply chain
Furthermore, for the solutions to scale, we enhance multi-stakeholder partnerships, as G20 member countries and guest countries choose the best venture capitals to join the network.

Visit g20innovationnetwork.org for more information

*****

G20 Digital Innovation Network (DIN) (@g20innovationnetwork) bertujuan untuk menampilkan solusi inovatif dari perusahaan rintisan yang menangani masalah di sektor ini dan dapat mendukung pemulihan pasca COVID-19 yang lebih kuat dan berkelanjutan.

Maka dari itu, G20 DIN mengundang setiap negara anggota G20 dan negara tamu untuk memilih 5 startup yang berasal dari sektor prioritas berikut:
1. Kesehatan
2. Energi Hijau dan Terbarukan
3. Teknologi Pendidikan
4. Inklusivitas Keuangan
5. Rantai pasokan

G20 DIN juga meningkatkan kemitraan multi-pemangku kepentingan untuk memperbesar dampak dari solusi inovatif tersebut.

Kunjungi g20innovationnetwork.org untuk informasi lebih lanjut.

Reposted from @g20org
#G20Indonesia #PulihBersama 
#diesediplomatie"
"2891609074060826090","CghDyHosRXq","https://www.instagram.com/p/CghDyHosRXq/","2022-07-27 12:58:05",2022,"inainvienna",TRUE,FALSE,"Sidecar","carousel_container","mixed",166,"D","D2","","R3-residual",0,0,0,"","","","diaspora; masyarakat indonesia; community; selamat","D","D","D",7,2,"#E1E2E9",FALSE,"Dalam rangka berakhirnya masa tugas pejabat home staf KBRI/PTRI Wina sebagai berikut:
1. Mohamad Arif Sulaksono, Counsellor;
2. Masagus Salman Isfahani, Sekretaris I; dan
3. Rahmat Kurniawan, Sekretaris II.

KBRI Wina telah menyelenggarakan acara Perpisahan secara Hybrid pada tanggal 22 Juli 2022 di gedung KBRI Wina dan via Zoom. Perpisahan dihadiri oleh segenap pejabat dan pegawai KBRI Wina serta perwakilan masyarakat Indonesia dan diaspora di Austria dan Slovenia.

Selamat jalan dan bertugas kembali di Jakarta dan sukses selalu!

===========

To celebrate the end of the term of office for home staffs of the Indonesian Embassy in Vienna as follows:
1. Mohamad Arif Sulaksono, Counsellor;
2. Masagus Salman Isfahani, First Secretary; and
3. Rahmat Kurniawan, Second Secretary.

The Indonesian Embassy in Vienna held a Hybrid Farewell event on July 22, 2022 at the Indonesian Embassy in Vienna and via Zoom. The farewell was attended by all officials and employees of the Indonesian Embassy in Vienna as well as representatives of the Indonesian community and diaspora in Austria and Slovenia.

Farewell and all the best for upcoming adventure in Jakarta!

#sahabatkemlu #diesediplomatie #indonesiaaustria #indonesien<U+00F6>sterreich"
"2892276587375518768","Cgjbjt2smQw","https://www.instagram.com/p/Cgjbjt2smQw/","2022-07-28 11:04:18",2022,"inainvienna",TRUE,FALSE,"Sidecar","carousel_container","en",22,"C","C3","A","R5.3",2,0,2,"tourism; visit","","visa on arrival; visa","citizens","C","C","D",7,3,"#E0E0E0",FALSE,"The Indonesian Government added countries whose citizens can enter Indonesia with Visa on Arrival (VOA) for tourism purpose. 

For more information, visit www.imigrasi.go.id

#IndonesianWay @safetravel.kemlu #diesediplomatie #indonesiaaustria #Indonesien<U+00D6>sterreich @info_wapena @ppiaustria @ppislovenia"
"2892417153727867758","Cgj7hOeMitu","https://www.instagram.com/p/Cgj7hOeMitu/","2022-07-28 15:43:35",2022,"inainvienna",TRUE,FALSE,"Sidecar","carousel_container","id",56,"B","B2","","max",0,2,0,"","investasi; perdagangan","","bertemu","B","B","D",5,2,"#E9E6E8",FALSE,"Presiden Jokowi <U+0001F1F2><U+0001F1E8> bertemu dengan Presiden Xi Jinping <U+0001F1E8><U+0001F1F3> di Tiongkok (25-26/7). Kedua kepala negara membahas isu regional dan internasional.

Indonesia membawa misi penguatan kerja sama bilateral perdagangan dan investasi. Indonesia juga menekankan bahwa Tiongkok adalah mitra strategis Indonesia.

Jokowi menjadi pemimpin negara asing pertama yang melakukan kunjungan kenegaraan ke Tiongkok sejak Olimpiade Beijing bulan Februari lalu.

Reposted from @kemlu_ri

#inidiplomasi #diesediplomatie #IndonesianWay @ppiaustria @ppislovenia @info_wapena"
"2892907638796861419","CglrCuSgD_r","https://www.instagram.com/p/CglrCuSgD_r/","2022-07-29 07:58:31",2022,"inainvienna",TRUE,FALSE,"Video","feed","mixed",138,"D","D6","","R3-residual",0,0,0,"","","","","D","D","D",1,3,"#392464",FALSE,"On 27 July 2022, a G20 Seminar Series <U+201C>Unlocking Innovative Financing Schemes and Islamic Finance to Accelerate a Just Energy Transition In Emerging Economies<U+201D> was held to promote sustainable financing schemes for a just and inclusive energy transition. 

Organized by Energy Transitions Working Group (ETWG) and Think 20 Indonesia, this event was held to explore comprehensive public and private financing, including non-project and social impact financing as well as innovative financing approaches for energy transition.

*****

Pada 27 Juli 2022, Seri Seminar G20 <U+201C>Unlocking Innovative Financing Schemes and Islamic Finance to Accelerate a Just Energy Transition In Emerging Economies<U+201D> diadakan untuk mempromosikan skema pembiayaan berkelanjutan untuk transisi energi yang adil dan inklusif.

Diselenggarakan oleh Energy Transitions Working Group (ETWG) dan Think 20 Indonesia, acara ini diadakan untuk mengeksplorasi pembiayaan publik dan swasta yang komprehensif, termasuk pembiayaan non-proyek dan dampak sosial serta pendekatan pembiayaan inovatif untuk transisi energi.
Reposted from @g20org

#G20Indonesia #RecoverTogetherRecoverStronger"
"2893104945722259547","CgmX56rs3hb","https://www.instagram.com/p/CgmX56rs3hb/","2022-07-29 14:30:06",2022,"inainvienna",TRUE,FALSE,"Sidecar","carousel_container","id",79,"B","B2","","max",1,5,1,"bali","investasi; perdagangan; kerja sama ekonomi","keamanan","bertemu; pertemuan","B","B","B",5,2,"#E2E2E4",FALSE,"Presiden Jokowi <U+0001F1F2><U+0001F1E8> bertemu dengan Perdana Menteri Kishida <U+0001F1EF><U+0001F1F5> di Tokyo (27/7). Pertemuan ini membahas kerja sama ekonomi kedua negara untuk meningkatkan aspek perdagangan dan investasi.

Kedua kepala negara sepakat akan menandatangani salah satu kerja sama ekonomi bilateral pada KTT G20 di Bali mendatang. Selain isu perdagangan, kedua negara juga membahas isu keamanan regional dan internasional.

Menjelang pertemuan KTT G20 bulan November, PM Kishida mengapresiasi keberhasilan Indonesia dalam penyelenggaraan pertemuan tingkat Menlu dan Menkeu. Jepang yakin bahwa Indonesia dapat menjalankan keketuaan ASEAN pada 2023.

Reposted @g20org

#inidiplomasi #diesediplomatie #IndonesianWay"
"2893631289904225477","CgoPlO5slzF","https://www.instagram.com/p/CgoPlO5slzF/","2022-07-30 07:55:52",2022,"inainvienna",TRUE,TRUE,"Image","feed","id",128,"A","A2","","max",10,1,0,"pariwisata; pulau; budaya; seni; kuliner; festival","produk","","","A","A","A",3,5,"#90B454",FALSE,"Reposted from @pesona.indonesia Ada event seru di kompleks candi terbesar di Pulau Sumatera!<U+0001F440> Yuk, sambut meriahnya Festival Candi Muara Jambi 2022!<U+0001F973> 

Event ini bakal dilaksanakan di Kawasan Cagar Budaya Nasional yang diperkirakan sudah ada sejak abad ke-7 Masehi, lho! 

Mengangkat tema <U+201C>BERKOLABORASI MENUJU PARIWISATA DUNIA<U+201D>, FCMJ XVII diharapkan dapat meningkatkan angka kunjungan ke Kompleks Candi Muara Jambi, sehingga dapat membantu kebangkitan ekonomi negeri dan menciptakan lapangan kerja seluas-luasnya. 

Luangkan waktumu, karena Festival Candi Muara Jambi bakal menghadirkan rangkaian kegiatan spesial: 
Penampilan Seni dan Atraksi Budaya Pameran/ Bazar Produk Unggulan Seloko Budaya Melayu Jambi Kuliner Tradisional Daerah dan Nusantara.

Nah, yang paling penting catat tanggalnya ya!<U+2028><U+0001F4C5> 30 -31 Juli 2022<U+2028><U+0001F4CD>Kawasan Cagar Budaya Percandian Muara Jambi 

Udah siap buat berangkat ke Jambi, Sob? Coba tag siapa yang mau kamu ajak nonton event ini! 

<U+0001F4F8>: @zx.drone

#FestivalCandiMuaraJambi2022 #CekidotEvent #WonderfulIndonesia #WonderfulEvents #BanggaBuatanIndonesia #DiIndonesiaAja"
"2893696334546739883","CgoeXwcgiKr","https://www.instagram.com/p/CgoeXwcgiKr/","2022-07-30 10:06:36",2022,"inainvienna",TRUE,TRUE,"Video","feed","id",62,"A","A1","","max",4,0,0,"destinasi; gunung; lombok; travel","","","selamat","A","A","A",3,5,"#4F6B7F",FALSE,"Reposted from @pesona.indonesia Selamat hari bestie sedunia!<U+0001F91C><U+0001F3FB><U+0001F91B><U+0001F3FB> Eh, hari persahabatan sedunia maksudnya<U+0001F92D>

Sob, pasti seru banget ya bisa traveling ke destinasi #DiIndonesiaAja kaya yang dilakuin sama @zilmizola dan temen-temennya di Bukit Selong, Sembalun, Lombok Timur ini, nih.<U+2728>

Dari atas ketinggian 1800 mdpl, kamu dan bestie akan dimanjakan sama pemandangan Gunung Rinjani yang megah.<U+26F0><U+FE0F>

Udah tahu mau ngajak bestie kamu ke mana? Coba tulis di komentar!

<U+0001F3A5>: @zilmizola
#WonderfulIndonesia #DiIndonesiaAja 
#WunderbaresIndonesien #WundervollesIndonesien 
#Wundersch<U+00F6>neIndonesien"
"2894459580786491606","CgrL6c5gUDW","https://www.instagram.com/p/CgrL6c5gUDW/","2022-07-31 11:22:03",2022,"inainvienna",TRUE,FALSE,"Video","feed","id",73,"A","A1","","max",4,1,0,"wisata; destinasi","quality","","","A","A","A",3,5,"#665F58",FALSE,"Sob, pasti setuju dong kalo destinasi wisata #DiIndonesiaAja itu cantik dan cocok banget buat jadi spot romantis bareng ayang?<U+0001F970>

Yap, saking cantiknya ada banyak seleb di Indonesia yang quality time bareng ayang, lho<U+0001F970>

Eits, Mas Menteri @sandiuno dan Mpok @nurasiauno juga enggak mau ketinggalan, Sob!

Semoga dengan adanya destinasi wisata romantis ini bisa membantu kebangkitan ekonomi di Indonesia dan terbukanya lapangan kerja seluas-luasnya

Jadi, rencana mau ngajak ayang honeymoon di mana nih, Sob?
Reposted from @pesona.indonesia

#WonderfulIndonesia #DiIndonesiaAja 
#WundervollesIndonesien #Wundersch<U+00F6>neIndonesien 
#diesediplomatie"
"2895143149816236536","CgtnVsKs8n4","https://www.instagram.com/p/CgtnVsKs8n4/","2022-08-01 09:59:39",2022,"inainvienna",TRUE,FALSE,"Sidecar","carousel_container","en",150,"A","A1","","max",2,0,0,"visit; art","","","","A","A","D",7,3,"#C3CED7",FALSE,"Did you know that Indonesia has approximately 1,340 ethnic groups spread across almost all of the country, one of which is the Asmat tribe from Papua?
The Asmat tribe is known for its unique wood carvings, which frequently depict their ancestors from their tribe and spiritual matters. The art of wood carving is more of an embodiment of the Asmat tribe's way of performing rituals to commemorate the spirits of their ancestors.
What else should be emulated from the Asmat Tribe's way of life? They believe they are part of nature, which is why they respect and care for their surroundings; in fact, the trees around where they live are thought to be a representation of themselves. The trunk of the tree represents their hands, the fruit their heads, and the roots their feet.
If you want to learn more about the Asmat tribe and other tribes in Indonesia, let's visit Indonesia

#inidipomasi #wunderbaresindonesien
 #wundervollesindonesien #diesediplomatie"
"2895788860892241007","Cgv6KBeA9xv","https://www.instagram.com/p/Cgv6KBeA9xv/","2022-08-02 07:22:52",2022,"inainvienna",TRUE,FALSE,"Video","feed","mixed",195,"B","B2","","max",1,4,0,"visit","bisnis; business; partnership","","","B","B","B",1,3,"#FDFDFD",FALSE,"G20 Digital Innovation Network (@g20innovationnetwork) has three main objectives to foster cooperation between public and private innovation players, startups, and corporates on a global scale:
1. Showcase innovative solutions from startups that address some of the most urgent issues in the key focus areas.
2. Share knowledge and insights on innovation that emerges during the Covid-19 pandemic and supports Covid-19 recovery.
3. Enhance multi-stakeholder partnerships by providing business opportunities and momentums to network and collaborate.<U+2028>
G20 Digital Innovation Network is a premiere forum to share knowledge, encourage discussion, and build partnerships among global innovation players.

Visit g20innovationnetwork.org to get the latest information. 

*****

<U+2028>G20 Digital Innovation Network memiliki tiga tujuan utama untuk mendorong kerja sama antara pemain inovasi publik dan swasta, perusahaan startup, dan perusahaan dalam skala global:
1. Memamerkan solusi inovatif dari perusahaan startup yang menangani beberapa masalah paling mendesak di area fokus utama
2. Berbagi ilmu dan wawasan tentang inovasi yang muncul di masa pandemi Covid-19 dan mendukung pemulihan Covid-19
3. Meningkatkan kemitraan multi-stakeholder dengan memberikan peluang dan momentum bisnis untuk berjejaring dan berkolaborasi.

G20 Digital Innovation Network adalah forum perdana untuk berbagi pengetahuan, mendorong diskusi, dan membangun kemitraan di antara para pemain inovasi global.

Reposted from @g20org
Kunjungi g20innovationnetwork.org untuk mendapatkan informasi terbaru.
#G20Indonesia #RecoverTogetherRecoverStronger 
#diesediplomatie"
"2895886578263006114","CgwQX_3MBui","https://www.instagram.com/p/CgwQX_3MBui/","2022-08-02 10:36:43",2022,"inainvienna",TRUE,FALSE,"Sidecar","carousel_container","unknown",7,"D","D6","","R3-residual",0,0,0,"","","","","D","D","D",2,2,"#1E1D22",FALSE,"Kiprah Duta Bahasa Negara.

Reposted from @bipakemdikbud

#Inidiplomasi #diesediplomatie #IndonesianWay #Indonesia <U+00D6>sterreich #indonesiaaustria"
"2895996016949158399","CgwpQilM2H_","https://www.instagram.com/p/CgwpQilM2H_/","2022-08-02 14:14:09",2022,"inainvienna",TRUE,FALSE,"Sidecar","carousel_container","id",92,"A","A2","","max",11,0,0,"budaya; tari; tarian; culture; art; workshop","","","community","A","A","A",5,3,"#9A9796",FALSE,"Bianca Figl, terpilih dan baru saja menyelesaikan program beasiswa Indonesia Arts and Culture Scholarship (IACS) 2022 dari Kementrian Luar Negeri mewakili negara Austria. Saat program IACS lalu Bianca mengikuti pendidikan budaya dari Kalimantan melalui sanggar Gubang Art Community secara daring.

Salah satu materi budaya yang dipelajari adalah menari Tari Jepen Seraung, berasal dari Kutai Kartanegara, Kalimantan Timur. 

Pada hari Jumaat lalu 29/7 Bianca Figl mengadakan Workshop Tarian Jepen Seraung ke pada group Tari GPN ( Gema Puspa Nusantara ). 

Bagi yang tertarik untuk belajar Tari Jepen Seraung dapat menghubungi Group Tari GPN sdri Ulfa di Whatsapp +43 676 6256697

#inidiplomasi #diesediplomatie #Indonesia<U+00D6>sterreich #indonesiaaustria #Marimenari
@iacs_kemlu @gubangartcommunity"
"2896524812752163872","CgyhfiDMpQg","https://www.instagram.com/p/CgyhfiDMpQg/","2022-08-03 07:44:46",2022,"inainvienna",TRUE,FALSE,"Image","feed","mixed",163,"D","D6","","R3-residual",0,0,0,"","","","","D","D","D",1,3,"#3E1858",FALSE,"Philanthropic foundations play an essential role in sustainable development <U+2013> not only in mobilizing financial resources but also as development actors in their own right (OECD, 2015). 

Nonetheless, despite the promising role of philanthropic institutions, additional efforts from various stakeholders are required to further enhance their contributions to SDGs blended financing. 

Task Force 9 T20 Indonesia, in collaboration with Filantropi Indonesia, will hold a webinar that explores enabling environments to further increase philanthropies' contributions to SDGs financing. 

Participate in the discussion by registering yourself at bit.ly/PhilanthropySDGs

*****

Yayasan filantropi memainkan peran penting dalam pembangunan berkelanjutan <U+2013> tidak hanya dalam memobilisasi sumber daya keuangan tetapi juga sebagai pelaku pembangunan di dalam hak mereka sendiri (OECD, 2015).

Meskipun demikian, terlepas dari peran lembaga filantropi yang menjanjikan, upaya tambahan dari berbagai pemangku kepentingan diperlukan untuk lebih meningkatkan kontribusi terhadap pembiayaan terpadu SDGs.

Gugus Tugas 9 T20 Indonesia, bekerja sama dengan Filantropi Indonesia, akan mengadakan webinar yang mengeksplorasi lingkungan yang memungkinkan untuk meningkatkan kontribusi filantropi terhadap pembiayaan SDGs.

Reposted from @g20org

Ikutilah diskusi tersebut dengan mendaftarkan diri Anda di bit.ly/PhilanthropySDGs
#G20Indonesia #RecoverTogetherRecoverStronger 
#diesediplomatie"
"2896528909463103136","CgyibJaMqag","https://www.instagram.com/p/CgyibJaMqag/","2022-08-03 07:52:55",2022,"inainvienna",TRUE,FALSE,"Sidecar","carousel_container","id",67,"D","D1","","R3-residual",0,0,0,"","","","bertemu","D","D","D",5,2,"#E6E7E9",FALSE,"#SahabatKemlu, mengakhiri kunjungan resminya ke tiga negara di Kawasan Asia Timur, Presiden Joko Widodo melakukan lawatan ke Korea Selatan dan bertemu  dengan Presiden Korea Selatan Yoon Suk-yeol di Kantor Kepresidenan Yongsan, Seoul, Kamis sore, 28 Juli 2022. 

Presiden Jokowi tiba dan disambut langsung oleh Presiden Yoon yang pada kesempatan tersebut  menyampaikan apresiasinya terhadap kepempimpinan Presiden Jokowi dalam mencoba menyelesaikan masalah dunia. 

Reposted from @kemlu_ri

Selengkapnya dapat dilihat pada slide. #inidiplomasi #diesediplomatie #IndonesianWay
@ppiaustria@ppislovenia
Sumber: www.presidenri.go.id"
"2896675006085946713","CgzDpIfgV1Z","https://www.instagram.com/p/CgzDpIfgV1Z/","2022-08-03 12:44:07",2022,"inainvienna",TRUE,FALSE,"Video","clips","en",43,"A","A1","","max",2,0,0,"island","","","","A","A","D",7,3,"#2A3124",FALSE,"Craving a spectacular journey? Experience stunning nature, thrilling adventure, and fascinating traditions in Sumba Island! Unveil its countless hidden gems and delve into the local wisdom. Which of these are you eager to check out on your trip to Sumba Island?

Reposted from @wonderfulindonesia ondonesia

<U+0001F4CD>: #Sumba, #EastNusaTenggara
<U+0001F4F7>: @iamjantrnka
@wedocreativefilms

#WonderfulIndonesia
#WundervollesIndonesien #wunderbaresIndonesien #diesediplomatie @tui_austria"
"2896771332600664671","CgzZi3jMpJf","https://www.instagram.com/p/CgzZi3jMpJf/","2022-08-03 15:54:34",2022,"inainvienna",TRUE,FALSE,"Image","feed","mixed",158,"A","A1","","max",4,0,0,"bali","","","","A","A","A",1,3,"#492855",FALSE,"The Indonesian Ministry of National Development Planning/Bappenas through ICCTF proudly presents a seminar entitled ""Blue Carbon: Enabling Conservation and Financial Capital"" at the G20 - 3rd Side Event series.

This activity will be held both online and offline on:
Day/Date: August 8, 2022
Time: 09.30 <U+2013> 12.00 WITA.
Venue: Singaraja Hall <U+2013> 2, Bali Nusa Dua Convention Center, Bali, Indonesia.

This activity is free and open for public. Due to limited space, registration is required for offline attendance.

Join and register at: https://bit.ly/G20BlueCarbon
*
Kementerian PPN/Bappenas RI melalui ICCTF dengan bangga mempersembahkan seminar bertajuk <U+201C>Blue Carbon: Enabling Conservation and Financial Capital<U+201D> pada rangkaian G20 - 3rd Side Event.

Kegiatan ini akan dilaksanakan baik secara online maupun offline pada:
Hari/Tanggal: 8 Agustus 2022
Waktu : 09.30 <U+2013> 12.00 WITA.
Tempat: Singaraja Hall <U+2013> 2, Bali Nusa Dua Convention Center, Bali, Indonesia.

Kegiatan ini gratis dan terbuka untuk umum dengan kapasitas yang terbatas. Sehingga diperlukan melakukan pendaftaran untuk kehadiran secara offline dan dapat pula disaksikan secara virtual melalui aplikasi zoom.

Reposted from @g20org

Silakan bergabung dan melakukan registrasi di: https://bit.ly/G20BlueCarbon
#G20Indonesia #RecoverTogetherRecoverStronger 
#diesediplomatie"
"2897258080011185005","Cg1IN-Zsmtt","https://www.instagram.com/p/Cg1IN-Zsmtt/","2022-08-04 08:01:39",2022,"inainvienna",TRUE,FALSE,"Image","feed","mixed",188,"A","A1","B","max",15,2,0,"pariwisata; tourism; visit; festival; workshop","produk; product","","","A","A","A",1,3,"#6C6F75",FALSE,"The Indonesian Ministry of Tourism and Creative Economy/Tourism and Creative Economy Agency (MOTCE) is going to hold one of the G20 Summit side events <U+201C>International Wellness Tourism Conference & Festival (IWTCF) 2022<U+201D>, at the Alila Hotel Solo, Central Java, on August 5-7, 2022. 

Under the theme of <U+201C>A Sustainability Strategy for the World Tourism Recovery and Growth through Wellness Tourism for All<U+201D>, the event will present more than 30 speakers from G20 member countries and ASEAN. IWTCF 2022 workshop and exhibition will include product-making and showcasing under the category of personal care and beauty, healthy food, and traditional medicine. 

Visit www.iwtcf.com for more info. 

*****

Kementerian Pariwisata dan Ekonomi Kreatif/Badan Pariwisata dan Ekonomi Kreatif (Kemenparekraf) RI akan menggelar salah satu side event G20 Summit <U+201C>International Wellness Tourism Conference & Festival (IWTCF) 2022<U+201D>, di Alila Hotel Solo, Jawa Tengah, pada 5-7 Agustus 2022.

Mengangkat tema <U+201C>A Sustainability Strategy for the World Tourism Recovery and Growth through Wellness Tourism for All<U+201D>, acara ini akan menghadirkan lebih dari 30 pembicara dari negara anggota G20 dan ASEAN. Workshop dan pameran dalam kegiatan ini akan mencakup pembuatan dan pameran produk di bawah kategori perawatan dan kecantikan pribadi, makanan sehat, dan obat tradisional.

Reposted from @g20org

Kunjungi www.iwtcf.com untuk info lebih lanjut.
#G20Indonesia #RecoverTogetherRecoverStronger 
#diesediplomatie"
"2897979097847291134","Cg3sKKlsdz-","https://www.instagram.com/p/Cg3sKKlsdz-/","2022-08-05 07:54:11",2022,"inainvienna",TRUE,FALSE,"Sidecar","carousel_container","mixed",149,"D","D1","","R3-residual",0,1,0,"","impor","","meeting","D","B","D",1,3,"#600E23",FALSE,"Join the Side Event of G20 Development Working Group 3rd Meeting with the theme of ""Sustainability Compass; VALUE-BASED APPROACHES TO OVERCOMING GLOBAL CHALLENGES"" presented by Values20 (V20).

The side event will discuss on the importance of values at personal, institutional, national and global level, Introduction of Values20 (V20), connection to SDGs, and a proposed set of G20 Institutional Values.

Join the event at bit.ly/V20atG20DWG
And watch the live streaming on Youtube: Bappenas RI, V20 Indonesia 2022 and Pemimpin Indonesia

*****

Mari bergabung di acara Side Event pada G20 Development Working Group 3rd Meeting dengan tema <U+201C>Sustainability Compass: PERAN NILAI-NILAI DALAM MENGHADAPI TANTANGAN GLOBAL<U+201D> persembahan Values 20 (V20).

Kegiatan ini akan membahas makna nilai-nilai di kalangan individu & institusi di jenjang nasional dan global, kaitannya dengan pencapaian SDGs, serta perkenalan Values20 (V20). Acara juga akan memaparkan proposal G20 Institutional Values yang sedang disusun oleh V20.

Reposted from @g20org

Ikuti kegiatan ini di bit.ly/V20atG20DWG
Dan saksikan siaran langsungnya melalui Youtube: Bappenas RI, V20 Indonesia 2022 dan Pemimpin Indonesia
#G20Indonesia #RecoverTogetherRecoverStronger"
"2898724006729539481","Cg6ViBDAt-Z","https://www.instagram.com/p/Cg6ViBDAt-Z/","2022-08-06 08:36:04",2022,"inainvienna",TRUE,TRUE,"Video","clips","id",70,"D","D6","","R3-residual",0,0,0,"","","","","D","D","D",3,5,"#CAE4EF",FALSE,"Reposted from @pesona.indonesia Lagi stres sama kerjaan, Sob? Coba tenangin diri dulu deh sama deburan ombak ini! <U+0001F60C>

Buat ngerasain pemandangan tentram ini secara langsung, Sobat Pesona bisa meluncur ke Aceh dan mampir ke pesisir Desa Lhok Pawoh di selatan <U+0001F30A>

Desa yang satu ini merupakan salah satu dari sekian banyak hidden gems di Aceh <U+0001F48E>

Sobat Pesona punya rekomendasi tempat kece yang wajib dikunjungi di Aceh lainnya? Kasih tau dong di kolom komentar! <U+0001F600><U+0001F447>

<U+0001F4F7>: @fahmy.ei
#DiIndonesiaAja 
#WundervollesIndonesien #WunderbaresIndonesien #diesediplomatie"
"2898941709422589018","Cg7HCAesnRa","https://www.instagram.com/p/Cg7HCAesnRa/","2022-08-06 15:46:43",2022,"inainvienna",TRUE,TRUE,"Sidecar","carousel_container","mixed",141,"D","D5","","R3-residual",0,0,0,"","","","selamat","D","D","D",1,3,"#F4F4F5",FALSE,"Reposted from @g20org The Youth 20 (Y20) Indonesia 2022 Communiqu<U+00E9> has been signed, adopted, and handed over to the Government of the Republic of Indonesia as the G20 current Presidency, in the hope of having the youth<U+2019>s priorities integrated into the G20 leaders<U+2019> declaration. 

The Y20 communiqu<U+00E9> was produced at the Y20 Summit which was held on 17-24 July 2022 in Jakarta & Bandung. The delegates signed the communiqu<U+00E9> in the Museum of the Asian-African Conference, Bandung.

Read and download the Y20 Indonesia 2022 Communiqu<U+00E9> at https://y20-indonesia.org/y20-communique-indonesia/

Congratulations @y20indonesia2022 for the successful summit!

*****

Komunike Youth 20 (Y20) Indonesia 2022 telah ditandatangani, diadopsi, dan diserahkan kepada Pemerintah Republik Indonesia sebagai Presidensi G20 tahun ini, dengan harapan prioritas pemuda diintegrasikan ke dalam deklarasi para pemimpin G20.

Komunike Y20 diproduksi pada KTT Y20 yang diselenggarakan pada 17-24 Juli 2022 di Jakarta & Bandung. Para delegasi menandatangani komunike di Museum Konferensi Asia Afrika, Bandung.

Baca dan unduh Komunike Y20 Indonesia 2022 di https://y20-indonesia.org/y20-communique-indonesia/

Selamat atas KTT Y20 Summit Indonesia yang telah sukses dilaksanakan!
#G20Indonesia #RecoverTogetherRecoverStronger"
"2899451568605790027","Cg869b2Mn9L","https://www.instagram.com/p/Cg869b2Mn9L/","2022-08-07 08:39:43",2022,"inainvienna",TRUE,FALSE,"Image","feed","id",68,"D","D5","","R3-residual",0,0,0,"","","","masyarakat indonesia; HUT RI","D","D","D",5,2,"#FEFEFE",FALSE,"Kepada Yth.
Masyarakat Indonesia 
di
Austria dan Slovenia 

Bersama ini kami sampaikan informasi terkait rencana penyelenggaraan Kegiatan Olah Raga dalam menyongsong HUT RI ke-77 sbb:

Hari/Tgl: Minggu, 14 Agustus 2022
Waktu: 10.00-selesai (09.30 kumpul)
Tempat:  Racketworld - Kendlerstr. 47, 1160 Wien (Tel. 0676 3962538)
Pakaian: nuansa ""merah-putih""
Form Pendaftaran: https://forms.gle/62Sxei3t4x3tmDu78

Silahkan mendaftarkan diri masing-masing utk Badminton dan/atau Tenis Meja dalam rangka memeriahkan HUT RI ke-77.

Salam sehat,

Panitia HUT RI ke-77
KBRI Wina <U+0001F64F><U+263A><U+FE0F><U+0001F1EE><U+0001F1E9><U+0001F1E6><U+0001F1F9><U+0001F1F8><U+0001F1EE>

@info_wapena @ppiaustria @ppislovenia #diesediplomatie 
#HUTRI_77Wina"
"2900139449812995610","Cg_XXbJM04a","https://www.instagram.com/p/Cg_XXbJM04a/","2022-08-08 07:26:25",2022,"inainvienna",TRUE,TRUE,"Image","feed","mixed",167,"B","B2","C","R5.1",0,2,2,"","impor","masyarakat sipil; civil society","","B","B","D",1,3,"#4D1E51",FALSE,"Reposted from @g20org Open governance has been found to play an important contribution in achieving the SDGs. An essential part of open governance is civic participation in contributing to policies that affect their lives. 

With less than a decade left, it is important for the government to involve stakeholders such as civil society, academia, philanthropists, the media, and more in meaningful collaboration. 

Join 3rd G20 DWG Side Event <U+201C>Mainstreaming Open Government Values in Governance and Sustainable Development<U+201D> by signing up at https://daftarhadir.bappenas.go.id/SIDEEVENTG20

Or catch it live on Open Government Indonesia<U+2019>s YouTube account. 

*****

Tata kelola terbuka telah terbukti memainkan kontribusi penting dalam mencapai SDGs. Bagian penting dari pemerintahan terbuka adalah partisipasi masyarakat dalam berkontribusi pada kebijakan yang mempengaruhi kehidupan mereka.

Dengan waktu kurang dari satu dekade, penting bagi pemerintah untuk melibatkan pemangku kepentingan seperti masyarakat sipil, akademisi, filantropis, media, dan lainnya dalam kolaborasi terkait hal ini.

Ikuti Side Event DWG G20 ke-3 <U+201C>Mainstreaming Open Government Values in Governance and Sustainable Development<U+201D> dengan mendaftar di https://daftarhadir.bappenas.go.id/SIDEEVENTG20

Atau tonton langsung di akun YouTube Open Government Indonesia.
#G20Indonesia #RecoverTogetherRecoverStronger 
#diesediplomatie #indonesiaaustria"
"2900218592067950998","Cg_pXGHMZmW","https://www.instagram.com/p/Cg_pXGHMZmW/","2022-08-08 10:03:39",2022,"inainvienna",TRUE,FALSE,"Sidecar","carousel_container","en",114,"B","B3","A","max",4,9,0,"art","export; market; product; products; quality","","","B","B","B",7,3,"#DAD9D3",FALSE,"Mosaic is a two- or three-dimensional work of art that employs materials such as glass, ceramics, or other media that have been cut into pieces or are already in the form of pieces and then arranged by affixing them to a plane to produce patterns, pictures, or paintings of aesthetic value.

Mosaic art is becoming increasingly popular in Indonesia, particularly in the Bantul district of Yogyakarta. Colorful glass art has been exported to several American and European countries.

With competitive prices and high quality mosaic products, Indonesian mosaic products are in high demand around the world; there is even one mosque in Europe that uses Indonesian mosaic decorations. Interested in marketing Indonesian mosaic art products?

#Inidiplomasi #WundervollesIndonesien #Wundersch<U+00F6>neIndonesien #WunderbaresIndonesien #IndonesianWay #indonesiancraft #diesediplomatie"
"2900294358721953626","Cg_6lpTsP9a","https://www.instagram.com/p/Cg_6lpTsP9a/","2022-08-08 12:34:11",2022,"inainvienna",TRUE,FALSE,"Sidecar","carousel_container","en",61,"A","A2","","max",4,0,0,"dance; workshop","","","","A","A","A",14,13,"#71869E",FALSE,"The Embassy of Republic of Indonesia  in Vienna once again held a Poco-Poco Dance workshop, in collaboration with the Welt Museum and AIS (Austria Indonesia Society). The Poco-Poco Dance Workshop was held in front of the Welt Museum courtyard. Poco-poco participants from various circles of Austrian society and tourists who were around at Welt museum on that time.

#Inidiplomasi #sahabatkemlu
#PocopocoinAustria #Indonesien <U+00D6>sterreich #indonesiaaustria
#indonesialinedance"
"2900398972112830896","ChASX-HsYGw","https://www.instagram.com/p/ChASX-HsYGw/","2022-08-08 16:02:02",2022,"inainvienna",TRUE,FALSE,"Image","feed","id",135,"A","A2","","max",4,1,0,"budaya; seni; tari; musik","produk","","diaspora; WNI; HUT RI","A","A","A",5,2,"#F72424",FALSE,"Yth. Bapak dan Ibu WNI dan Diaspora Indonesia di Austria dan Slovenia,

Dengan hormat disampaikan bahwa dalam rangka merayakan HUT RU ke-77, KBRI/PTRI Wina akan menyelenggarakan acara *""Pesta Rakyat 2022""* pada:

Hari/Tanggal: Sabtu, 27 Agustus 2022
Waktu: 10.00 CEST - selesai
Tempat: KBRI/PTRI Wina, Gustav Tschermak Gasse 5-7, 1180 Wina, Austria

Acara akan dimeriahkan dengan stan/booth produk/makanan khas Indonesia, pojok artis Indonesia di Austria, pertunjukan musik, tari, seni budaya daerah, permainan anak-anak, dsb.

Kiranya Bapak dan Ibu *tertarik untuk turut meramaikan dengan berpartisipasi membuka stan/booth dan menyumbang pertunjukkan, mohon diisi formulir online terlampir untuk  didata dan dikurasi Panitia sebelum dihubungi kembali untuk konfirmasi final.
Link: https://forms.gle/iPrcsXeUDCdt3Boy9

Mohon bantuan juga untuk *sebar luaskan informasi kegiatan Pesta Rakyat 2022 kepada rekan, mitra dan keluarga untuk hadir memeriahkan acara kita bersama.

Salam sehat,

Panitia HUT RI ke-77
KBRI/PTRI Wina <U+0001F64F><U+263A><U+FE0F><U+0001F1EE><U+0001F1E9><U+0001F1E6><U+0001F1F9><U+0001F1F8><U+0001F1EE>

#iniDiplomasi #Indonesien<U+00D6>sterreich @info_wapena @ppiaustria @ppislovenia #diesediplomatie #IndonesianWay #HUTRI77"
"2900871479145129583","ChB9z2lgeZv","https://www.instagram.com/p/ChB9z2lgeZv/","2022-08-09 07:42:27",2022,"inainvienna",TRUE,FALSE,"Video","clips","en",39,"D","D6","","R3-residual",0,0,0,"","","","","D","D","D",7,3,"#D5D8D0",FALSE,"It<U+2019>s time for us to rise and shine. We are proud and honored to receive plenty of awards in year 2022. Curious to know what makes us so popular worldwide? Come to #WonderfulIndonesia and experience the journey by yourself! 

Reposted from @wonderfulindonesia 

#WundervollesIndonesien #Wundersch<U+00F6>neIndonesien #wunderbaresIndonesien @tui_austria #diesediplomatie #sahabatkemlu #indonesiaaustria #Indonesien<U+00D6>sterreich"
"2900956857997725765","ChCROR1sBBF","https://www.instagram.com/p/ChCROR1sBBF/","2022-08-09 10:30:27",2022,"inainvienna",TRUE,FALSE,"Sidecar","carousel_container","mixed",177,"D","D6","","R3-residual",0,0,0,"","","","","A","D","D",7,3,"#2F2066",FALSE,"Located on the southeastern coast of East Kalimantan facing the deep Makassar Straits, Balikpapan is known for its capability in applied technology of waste management.

Balikpapan was chosen to host Y20 Pre-Summit III <U+201C>Sustainable and Liveable Planet<U+201D> last May as it<U+2019>s known for its applied technology for solid and liquid waste management that can maintain urban, mangrove, and protected forests by producing oxygen for cleaner and healthy air. 

Balikpapan is expected to become even more well known with the announcement of the relocation of the capital city of Indonesia from Jakarta to East Kalimantan.

*****

Terletak di pesisir tenggara Kalimantan Timur yang menghadap ke dalam Selat Makassar, Balikpapan dikenal dengan kemampuannya dalam penerapan teknologi pengelolaan sampah.

Balikpapan terpilih menjadi tuan rumah Y20 Pre-Summit III <U+201C>Planet Lestari dan Layak Huni<U+201D> pada Mei lalu karena dikenal dengan teknologi terapannya untuk pengelolaan limbah yang dapat menjaga hutan kota, hutan mangrove, dan hutan lindung dengan menghasilkan oksigen untuk udara yang lebih bersih dan sehat.

Balikpapan diperkirakan akan semakin dikenal dengan diumumkannya pemindahan ibu kota Indonesia dari Jakarta ke Kalimantan Timur.

Reposted from @g20org
#G20Indonesia #RecoverTogetherRecoverStronger 
#diesediplomatie #IndonesianWay #indonesiaaustria"
"2901059486492932775","ChCojuEsDqn","https://www.instagram.com/p/ChCojuEsDqn/","2022-08-09 13:54:22",2022,"inainvienna",TRUE,FALSE,"Sidecar","carousel_container","id",30,"D","D5","","R3-residual",0,0,0,"","","","HUT RI; bendera; kemerdekaan","D","D","D",5,2,"#403A32",FALSE,"Persiapan KBRI/PTRI Wina menjelang perayaan HUT RI-77
Pasukan Paskibra telah melakukan Latihan intensif  dan telah siap menjalankan tugas mengibarkan bendera Merah Putih pada hari Kemerdekaan RI 17 Agustus minggu depan.

#inidiplomasi #HUTRI77 #Indonesiaway #IndonesiaAustria #Indonesien<U+00D6>sterreich
#sahabatkemlu @ppiaustria @ppislovenia"
"2901161001576770005","ChC_o9XMynV","https://www.instagram.com/p/ChC_o9XMynV/","2022-08-09 17:16:03",2022,"inainvienna",TRUE,FALSE,"Image","feed","mixed",161,"A","A2","","max",4,0,1,"workshop","","policy","","A","A","A",1,3,"#3B1346",FALSE,"Join <U+201C>Creating A Healthy Online Sphere Through Increased Digital Literacy Skills<U+201D> workshop by Think 20 (T20) Indonesia on August 11th, 2022 at 7.00 PM (GMT+7)

Registration Link: bit.ly/9thgoesmart

This workshop aims to providing a thought-leadership discussion venue at T20 on creating a healthy online sphere by promoting good content moderation through increased digital literacy skills. 

Specifically, the discussion will focus on how we should define the boundaries of content moderation and ensure transparent and reliable due process, as part of and in the margins of the T20 Policy Areas.

*****

Ikuti workshop <U+201C>Creating A Healthy Online Sphere Through Increased Digital Literacy Skills<U+201D> oleh Think 20 (T20) Indonesia pada 11 Agustus 2022 pukul 19.00 (GMT+7)

Link Pendaftaran: bit.ly/9thgoesmart

Workshop ini bertujuan untuk menyediakan tempat diskusi thought-leadership di T20 tentang menciptakan lingkungan online yang sehat dengan mendukung moderasi konten yang baik melalui peningkatan keterampilan literasi digital.

Secara khusus, diskusi ini akan fokus pada bagaimana kita harus mendefinisikan batas-batas moderasi konten dan memastikan proses hukum yang transparan dan dapat diandalkan, sebagai bagian dari dan baras-batas area Kebijakan T20.

Reposted from @g20org
#G20Indonesia #RecoverTogetherRecoverStronger 
#IndonesiaAustria #diesediplomatie #Indonesien<U+00D6>sterreich"
"2901587258153077319","ChEgjzvA4pH","https://www.instagram.com/p/ChEgjzvA4pH/","2022-08-10 07:23:56",2022,"inainvienna",TRUE,FALSE,"Video","clips","mixed",186,"A","A1","","max",2,0,1,"island","","security","pertemuan; meeting","A","A","D",1,3,"#36296F",FALSE,"The discussion of the draft communique to be proposed to the Agriculture Working Group (AWG) G20 has become the main agenda in the second meeting of the Agriculture Deputies Meeting (ADM) on 27-29 July 2022 in Yogyakarta. 

In the drafting session, G20 members emphasized the commitment to reducing food loss and waste (FLW). Knowledge-sharing regarding best practices for sustainable management of Food Loss and Waste was done to strengthen this commitment. 

The concrete deliverables Initiative proposal which aims to strengthen food security and the agricultural sector for Small Island Developing States (SIDS) countries in the Pacific was also discussed in this meeting.

*****

Pembahasan usulan draft komunike pada Agriculture Working Group (AWG) G20 menjadi agenda utama dalam pertemuan kedua Agriculture Deputies Meeting (ADM) pada 27-29 Juli 2022 di Yogyakarta.

Dalam sesi drafting, anggota G20 menekankan komitmen untuk mengurangi food loss and waste (FLW). Berbagi pengetahuan tentang praktik terbaik untuk pengelolaan pangan dan limbah yang berkelanjutan dilakukan untuk memperkuat komitmen ini di dalam pertemuan tersebut.

Proposal Concrete deliverables Initiative yang bertujuan untuk memperkuat ketahanan pangan dan sektor pertanian untuk negara-negara Small Island Developing States (SIDS) di Pasifik juga dibahas dalam pertemuan ini.

Reposted from @g20org 
#G20Indonesia #RecoverTogetherRecoverStronger 
#IndonesiaAustria #Indonesien<U+00D6>sterreich"
"2901687639960954222","ChE3YjlA6Vu","https://www.instagram.com/p/ChE3YjlA6Vu/","2022-08-10 10:44:22",2022,"inainvienna",TRUE,FALSE,"Video","clips","en",38,"D","D6","","R3-residual",0,0,0,"","","","","D","D","D",7,3,"#543E47",FALSE,"The #ASEANParaGames XI 2022 has just successfully been held in #Solo, Central Java! Thank you to all participants, especially the 1.248 inspiring athletes from 11 countries who took part in this glorious event! Check out some highlights of this extraordinary #sport event!

Reposted from @wonderfulindonesia

@aseanpg2022 
#IndonesianWay 
#WonderfulIndonesia @info_wapena @ppiaustria @ppislovenia"
"2902369772021812077","ChHSe4kMQtt","https://www.instagram.com/p/ChHSe4kMQtt/","2022-08-11 09:17:40",2022,"inainvienna",TRUE,FALSE,"Image","feed","en",36,"A","A1","","max",4,0,0,"bali; island; cultural; heritage","","","","A","A","A",7,3,"#313121",FALSE,"Seeking a journey that'll last forever in your memory? Come to the Island of the Gods and enjoy sensational vibrations! Rich in natural and cultural heritage, Bali will provide you with countless unforgettable moments.

Reposted from @wonderfulindonesia

#ItstimeforBali
#WonderfulIndonesia 
#WundervollesIndonesien #Wundersch<U+00F6>neIndonesien #wunderbaresindonesien #diesediplomatie #Indonesientourismus #Indonesien<U+00D6>sterreich #Indonesienaustria"
"2902507610076907301","ChHx0sQgIcl","https://www.instagram.com/p/ChHx0sQgIcl/","2022-08-11 13:52:06",2022,"inainvienna",TRUE,FALSE,"Video","clips","id",36,"D","D5","","R3-residual",0,0,0,"","","","kemerdekaan; peringatan","D","D","D",5,2,"#1B1B1B",FALSE,"Group Aubade anak anak diiringi oleh pianis  Kakak Melisa Syahril berlatih dengan semangat dalam rangka memeriahkan acara peringatan Hari Kemerdekaan Indonesia yang ke 77 di Kedutaan Besar Republik Indonesia Austria.

Hip Hip Hurra<U+2026> Bravo .. Alles Gute Kinder..<U+2764><U+0001F340><U+0001F41E><U+0001F38A><U+0001F973> <U+0001F3B6> <U+0001F3B5> <U+0001F3B6> 

#IniDiplomasi #HutRI77_Austria #HUTRI77 #diesediplomatie #IndonesiaAustria #Indonesien<U+00D6>sterreich"
"2903131897443098968","ChJ_xRLM6FY","https://www.instagram.com/p/ChJ_xRLM6FY/","2022-08-12 10:31:52",2022,"inainvienna",TRUE,FALSE,"Image","feed","id",50,"A","A1","","max",4,0,0,"pulau","","","selamat","A","A","A",3,5,"#46B1B5",FALSE,"Selamat Siang dari Pulau Kelayang <U+0001F3DD><U+FE0F>

Salah satu pulau di Belitung yang menyuguhkan suasana khas pulau tropis. Mulai dari gradasi air biru toscca, hamparan pasir putih, dan tak ketinggalan sebaran batu-batu raksasa di pulau ini jadi pesona tersendiri. <U+0001F607><U+0001F929>

Kapan nih, mau cuss sama ayang atau bestie ke sini? <U+0001F600>

Reposted from @pesona.indonesia

<U+0001F4F7>: @inkkyarista
#DiIndonesiaAja
#WonderfulIndonesia 
#diesediplomatie #indonesienhoneymoon  #Indonesien<U+00D6>sterreich"
"2903339067242588322","ChKu3_Fgiii","https://www.instagram.com/p/ChKu3_Fgiii/","2022-08-12 17:25:16",2022,"inainvienna",TRUE,FALSE,"Video","clips","id",27,"D","D5","","R3-residual",0,0,0,"","","","upacara; kemerdekaan; peringatan","D","D","D",5,2,"#524F31",FALSE,"Bapak DCM , Akio Alfiano Tamala, meninjau langsung pemasangan back drop Upacara Peringatan Hari Kemerdekaan RI ke 77 di halaman belakang KBRI Wina Austria pada hari ini tgl 12 Agustus 2022.

#IniDiplomasi #diesediplomatie #HUTRI_KBRIWina #Indonesien<U+00D6>sterreich #IndonesiaAustria #sahabatkemlu"
"2904815475974295636","ChP-kj3gVBU","https://www.instagram.com/p/ChP-kj3gVBU/","2022-08-14 18:27:40",2022,"inainvienna",TRUE,FALSE,"Video","clips","id",51,"D","D5","","R3-residual",0,0,0,"","","","kemerdekaan","D","D","D",5,2,"#EACF97",FALSE,"Duta Besar Republik Indonesia untuk Austria dan Slovenia Dr. Iur Damos Dumoli beserta Ibu Ermita  membuka acara pertandingan Olah Raga dalam rangka perayaan Hari Kemerdekaan Indonesia yang ke 77 hari ini.

Acara Pertandingan Olah Raga diadakan di Racket World Ottakring sekitar 77 peserta yg mendaftar untuk ikut bertanding Bulu Tangkis dan Bola Pingpong.

#IniDiplomasi#diesediplomatie
#HUTRI_KBRIWina #HUTRI77 #Indonesien<U+00D6>sterreich #IndonesiaAustria #sahabatkemlu"
"2905935654828467413","ChT9RTuMWTV","https://www.instagram.com/p/ChT9RTuMWTV/","2022-08-16 07:22:26",2022,"inainvienna",TRUE,FALSE,"Image","feed","mixed",161,"A","A1","","max",2,0,0,"bali","","","pertemuan; meeting","A","A","D",1,3,"#311C64",FALSE,"The Indonesian Ministry of National Development Planning (Bappenas) kicked off its third DWG Meeting by hosting a series of side events on 8-9 August 2022 at BNDCC, Bali. 

The series of side events were held in collaboration with various development partners, with a view to highlight the global development agenda and further promote the priority issues of DWG under the Indonesian G20 Presidency. 
 
The side events hopefully provided rich insights and enriching discussions regarding the DWG deliverables, while also addressing the urgent development challenges in our dynamic world. 

************************************

Kementerian Perencanaan Pembangunan Nasional (Bappenas) telah memulai Pertemuan DWG ketiga dengan menyelenggarakan rangkaian  side event  pada 8-9 Agustus 2022 di BNDCC, Bali. 

Rangkaian side event ini diselenggarakan melalui kerjasama dengan berbagai mitra pembangunan, dengan tujuan untuk menyoroti agenda pembangunan global dan lebih lanjut mempromosikan isu-isu prioritas DWG di bawah Presidensi G20 Indonesia. 

Diharapkan rangkaian side event ini dapat memberikan wawasan dan diskusi yang memperkaya mengenai hasil kerja DWG, serta mengatasi tantangan pembangunan yang mendesak di dunia yang dinamis.

Reposted from @g20org
#G20Indonesia #RecoverTogetherRecoverStronger"
"2905939320479271080","ChT-GpoAcio","https://www.instagram.com/p/ChT-GpoAcio/","2022-08-16 07:31:13",2022,"inainvienna",TRUE,FALSE,"Video","clips","id",70,"D","D4","","R3-residual",0,0,1,"","","DPR","sidang","D","C","D",14,2,"#FBF8F8",FALSE,"Halo #SobatSetneg!
Pada Sidang Tahunan MPR RI dan Sidang Bersama DPR RI - DPD RI Tahun 2022 sebagai kegiatan rutin tahunan menjelang Perayaan HUT ke-77 RI, Presiden Joko Widodo telah menyampaikan Pidato pada Selasa (16/8). 

Presiden Joko Widodo menyampaikan apresiasi kepada bangsa Indonesia yang telah menghadapi pandemi Covid-19 dengan tangguh. Dengan seluruh lapisan masyarakat saling berbagi dan saling melindungi sejatinya akan membantu Indonesia untuk pulih lebih cepat dan bangkit lebih kuat. <U+270A><U+0001F3FB><U+0001F1F2><U+0001F1E8>

Reposted from @kemensetneg.ri

#PidatoKenegaraan2022
#PulihLebihCepat
#BangkitLebihKuat 
#diesediplomatie #Indonesien<U+00D6>sterreich #IndonesiaAustria @info_wapena @ppiaustria @ppi Slovenia #sahabatkemlu"
"2905942048306761271","ChT-uWHMg43","https://www.instagram.com/p/ChT-uWHMg43/","2022-08-16 07:35:08",2022,"inainvienna",TRUE,FALSE,"Image","feed","id",50,"D","D4","","R3-residual",0,0,1,"","","DPR","sidang","D","C","D",14,2,"#FDFCFC",FALSE,"Hai #SobatSetneg! Pada Selasa (16/8) Presiden Joko Widodo telah menyampaikan Pidato pada Sidang Tahunan MPR RI dan Sidang Bersama DPR RI dan DPD RI Tahun 2022. 

Dalam pidato tersebut, Presiden #JokoWidodo menyampaikan 5 Agenda Besar Bangsa Indonesia. Lalu apa saja yang disampaikan Presiden ya #SobatSetneg?

Mari kita simak infografik berikut yuk! Bersama kita #PulihLebihCepat dan #BangkitLebihKuat <U+2728>

Reposted from @kemensetneg.ri

#KemensetnegRI
#PidatoKenegaraan2022
#GotongRoyongIndonesiaUntukDunia 
@Wapena @ppiaustria @ppislovenia 
#IndonesianWay"
"2905943222359485818","ChT-_biMO16","https://www.instagram.com/p/ChT-_biMO16/","2022-08-16 07:37:28",2022,"inainvienna",TRUE,FALSE,"Image","feed","id",58,"C","C2","","max",0,0,2,"","","DPR","sidang","C","C","D",14,2,"#FDFCFB",FALSE,"Selasa (16/8) Presiden Joko Widodo menyampaikan Pidato pada Sidang Tahunan MPR RI dan Sidang Bersama DPR RI dan DPD RI Tahun 2022, di Ruang Rapat Paripurna, Gedung Nusantara MPR/DPR/DPD RI, Jakarta.

Dalam pidato tersebut, Presiden #JokoWidodo menyampaikan 4 Kekuatan Indonesia. Lalu apa saja #SobatSetneg kekuatan Indonesia yang disampaikan oleh Presiden?

Mari kita simak infografik berikut yuk! Bersama kita #PulihLebihCepat dan #BangkitLebihKuat <U+2728>

Reposted from @kemensetneg.ri

#KemensetnegRI
#PidatoKenegaraan2022
#GotongRoyongIndonesiaUntukDunia 
@info_wapena @ppiaustria @ppislovenia #Indonesiaway #IndonesiaAustria #diesediplomatie"
"2905944821093918623","ChT_WseMGef","https://www.instagram.com/p/ChT_WseMGef/","2022-08-16 07:40:39",2022,"inainvienna",TRUE,FALSE,"Image","feed","id",41,"D","D6","","R3-residual",0,0,0,"","","","","D","D","D",14,2,"#FDFDFC",FALSE,"Hai #SobatSetneg! 
Pada Selasa (16/8), Presiden Joko Widodo telah menyampaikan Pidato Presiden RI mengenai Penyampaian Keterangan Pemerintah atas RUU tentang APBN Tahun Anggaran 2023 beserta Nota Keuangannya.

Bagi yang ingin mengunduh naskah pidato Presiden, dapat memindai barcode berikut atau melalui tautan https://bit.ly/PidatoAPBN2023 ya #SobatSetneg!<U+0001F4AB>

Reposted from @kemensetneg.ri

#KemensetnegRI
#RAPBN2023
#PulihLebihCepat
#BangkitLebihKuat
#GotongRoyongIndonesiaUntukDunia 
@info_wapena @ppiaustria @ppislovenia #IndonesiaAustria #diesediplomatie"
"2906102488898975639","ChUjNEDs7eX","https://www.instagram.com/p/ChUjNEDs7eX/","2022-08-16 12:53:54",2022,"inainvienna",TRUE,FALSE,"Image","feed","id",26,"D","D5","","R3-residual",0,0,0,"","","","HUT RI; upacara; peringatan","D","D","D",5,2,"#FEFEFE",FALSE,"Kepada Yth.
Bapak/Ibu yang berdomilsi di Austria dan Slovenia,
Upacara Peringatan HUT RI ke 77 KBRI/PTRI Wina dapat disaksikan secara live di YouTube

Di Link https://bit.ly/WINAHUTRI-77

#inidiplomasi #diesediplomatie #IndonesiaAustria #HUTRIke77
@PPIAustria
@ppislovenia@info_wapena"
"2907476919822854913","ChZbtqmsCsB","https://www.instagram.com/p/ChZbtqmsCsB/","2022-08-18 10:24:39",2022,"inainvienna",TRUE,FALSE,"Sidecar","carousel_container","id",85,"D","D5","","R3-residual",0,0,0,"","","","diaspora; upacara; bendera; kemerdekaan","D","D","D",5,2,"#B5BCCD",FALSE,"Kemarin, KBRI Wina telah melaksanakan Upacara Pengibaran Bendera Merah Putih dalam rangka memperingati  Hari Kemerdekaan RI ke-77, yang digelar di halaman KBRI Wina. 

Upacara kali ini dimeriahkan oleh penampilan Aubade oleh anak-anak dan dihadiri oleh Perwakilan Kelompok masyarakat/Diaspora Indonesia baik di Wina dan sekitarnya maupun di Slovenia. 

Usai upacara, Dubes RI Wina beserta Ibu Ermita Damos dan seluruh Staf KBRI Wina turut menyaksikan Upacara Penurunan Bendera Merah Putih di Istana Merdeka, secara daring. 

Dirgahayu Republik Indonesia ke-77. 

Pulih Lebih Cepat, Bangkit Lebih Kuat.

#iniDiplomasi #DirgahayuIndonesia #IndonesianWay #pulihlebihcepatbangkitlebihkuat #HUTRI_KBRIWina #IndonesiaAustria #HUTRI77 #IndonesiaIndependeceDay @info_wapena @ppiaustria @ppislovenia"
"2907994827069250298","ChbReNUItr6","https://www.instagram.com/p/ChbReNUItr6/","2022-08-19 03:38:44",2022,"inainvienna",TRUE,FALSE,"Video","clips","id",9,"D","D6","","R3-residual",0,0,0,"","","","","D","D","D",5,2,"#FAF9F9",FALSE,"Dirgahayu Kementerian Luar Negeri RI, 77 tahun mengabdi untuk Indonesia <U+0001F1EE><U+0001F1E9>. 

#77Kemlu"
"2908160274386279612","Chb3FyIsly8","https://www.instagram.com/p/Chb3FyIsly8/","2022-08-19 09:02:21",2022,"inainvienna",TRUE,FALSE,"Image","feed","mixed",274,"B","B3","","max",0,9,0,"","pertumbuhan ekonomi; bisnis; business; UMKM","","","B","B","B",1,3,"#4B1E50",FALSE,"The uncertainty, pandemic and economic challenges have hindered and put great pressure on business actors, especially MSMEs to grow. Yet, at the same time, MSMEs are heavily accounted for in many economies as the source of growth, particularly in developing economies. Regarding this matter, Islamic finance has played a significant role and further has the potential in empowering MSMEs, particularly through its unique, inclusive shariah (risk-sharing) schemes.

The 6th Annual Islamic Finance Conference: <U+201C>Islamic Finance Role in MSMEs Empowerment: Boosting Capability and Fostering Inclusiveness for Sustainable Future<U+201D> will discuss the application of theory, models, Islamic business spheres and instruments of Islamic finance to empower MSMEs and achieve expected outcomes. This event will also discuss the contribution and collaboration between Islamic finance and MSMEs empowerment framework from international entities.

Register yourself and learn more about this event on:
fiskal.id/aifc2022

*****

Masalah ketidakpastian, pandemi serta tantangan ekonomi telah menghambat kapasitas dan memberikan tekanan bagi pelaku usaha terutama UMKM. Di saat yang bersamaan, UMKM dipandang oleh banyak negara sebagai sumber pertumbuhan ekonomi terutama negara berkembang. Sehubungan dengan hal ini, keuangan syariah memiliki peranan penting dalam pemberdayaan UMKM, terutama melalui skema syariah (risk-sharing) yang unik dan inklusif.

The 6th Annual Islamic Finance Conference: <U+201C>Islamic Finance Role in MSMEs Empowerment: Boosting Capability and Fostering Inclusiveness for Sustainable Future<U+201D> akan membahas mengenai penerapan teori, model, ranah bisnis syariah dan instrumen keuangan syariah untuk memberdayakan UMKM dan mencapai hasil yang diharapkan. Selain itu, acara ini juga akan membahas lebih lanjut mengenai kontribusi dan kolaborasi antara keuangan syariah dan kerangka pemberdayaan UMKM dari entitas international.

Untuk pendaftaran dan informasi lebih lanjut, silakan kunjungi link berikut:
fiskal.id/aifc2022

Reposted from @indonesia.g20
#G20Indonesia #RecoverTogetherRecoverStronger #AIFC"
"2910331612458845994","Chjky6TMwcq","https://www.instagram.com/p/Chjky6TMwcq/","2022-08-22 08:56:25",2022,"inainvienna",TRUE,FALSE,"Image","feed","mixed",204,"C","C1","A","R5.3",2,0,2,"bali","","preparedness","pertemuan; meeting","C","C","D",1,3,"#DF0F41",FALSE,"The third Health Working Group (HWG) meeting is currently held in Bali, on 22-23 August 2022 under the theme of ""Expanding Global Manufacturing and Research Hubs for Pandemic, Prevention, Preparedness, and Response,"".

The two-day meeting will discuss two priority issues, namely the expansion of global manufacturing and research centers for vaccines, therapeutics, and diagnostic tools (VTD), especially in developing countries, and strengthening the global network of researchers in the field of public health emergencies.

The meeting is held in a hybrid manner and invited 19 G20 member countries, 5 invitee countries, 5 regional representative countries (Fiji, Congo, Cambodia, Rwanda, Brazil) and 14 international organizations. Watch the full Opening Ceremony on youtu.be/bemscT-wLIw

*****

Health Working Group (HWG) ketiga saat ini digelar pada 22-23 Agustus 2022 di Bali, dengan tema <U+201C>Expanding Global Manufacturing and Research Hubs for Pandemic, Prevention, Preparedness, and Response,<U+201D>. 

Pertemuan yang berlangsung selama dua hari ini akan membahas dua isu prioritas yakni perluasan pusat riset dan manufaktur vaksin, obat-obatan, dan alat diagnostik (VTD), terutama di negara berkembang, dan penguatan jejaring ilmuwan global dalam bidang kedaruratan kesehatan masyarakat. 

Pertemuan akan dilaksanakan secara hybrid, dengan mengundang 19 negara anggota G20, 5 negara undangan, 5 negara perwakilan regional (Fiji, Kongo, Kamboja, Rwanda, Belize) dan 14 organisasi international. Saksikan video pembukaan di youtu.be/bemscT-wLIw

Reposted from @g20org
#G20Indonesia #RecoverTogetherRecoverStronger"
"2910449284445994184","Chj_jQ4MXzI","https://www.instagram.com/p/Chj_jQ4MXzI/","2022-08-22 12:50:13",2022,"inainvienna",TRUE,FALSE,"Image","feed","id",67,"B","B2","","max",0,2,0,"","impor; SME","","diaspora","B","B","D",5,2,"#471656",FALSE,"Kementerian Luar Negeri bekerja sama dengan Kementerian Komunikasi dan Informatika akan menyelenggarakan Diaspora Talk: Indonesia and the G20 Presidency, and Why It Is Important for SMEs yang akan diselenggarakan pada:

Day 1
<U+0001F5D3><U+FE0F> Hari/Tanggal: Selasa, 23 Agustus 2022
<U+23F0> Waktu: 13:30 - 16:30 WIB
<U+0001F517> Tautan Zoom: https://bit.ly/diasporatalk3day1

Kegiatan ini akan menghadirkan narasumber dari KemenkopUKM, BPD HIPMI Kepulauan Riau, dan Rumah Atsiri selaku Official Merchandise G20 Indonesia. Saksikan siaran langsung kegiatan melalui Zoom atau YouTube Ditjen IKP Kominfo.

#G20Indonesien #G20Indonesia #RecoverTogetherRecoverStronger #diesediplomatie @info_wapena"
"2910609936154267416","ChkkFDcMo8Y","https://www.instagram.com/p/ChkkFDcMo8Y/","2022-08-22 18:09:24",2022,"inainvienna",TRUE,FALSE,"Image","feed","id",78,"D","D3","","R6",0,0,0,"","","persyaratan","WNI; paspor; konsuler; selamat","B","D","D",6,2,"#F1FCFD",FALSE,"Selamat malam Bapak Ibu WNI di Austria dan Slovenia,

Izin menginfokan bahwa saat pelaksanaan Pesta Rakyat, KBRI akan membuka layanan
 ""WARUNG KONSULER""
Pada Sabtu, 27 Agustus 2022 pukul 10.00-15.00.

Adapun layanan yg diberikan antara lain:

1. Pembuatan/perpanjangan paspor (foto dan sidik jari biometrik)

2. Penambahan kolom tanda tangan pada paspor RI

3. Penerbitan surat pencatatan dan keterangan 

4. Dan lain-lain

Layanan akan diberikan kepada yg mendaftar via link :

bit.ly/WarkonPestaRakyat2022. 

Adapun persyaratan dokumen yg dibutuhkan dapat diakses di https://bit.ly/DOCSWARKON.

Salam hangat,
Tim Konsuler KBRI Wina.

#IniDiplomasi #IndonesiaAustria #Indonesien <U+00D6>sterreich #WarungKonsulerWina @info_wapena @ppislovenia @ppiaustria #diesediplomatie #HUTRI_KBRIWina"
"2911036956197737720","ChmFLA2M1T4","https://www.instagram.com/p/ChmFLA2M1T4/","2022-08-23 08:17:49",2022,"inainvienna",TRUE,FALSE,"Sidecar","carousel_container","en",55,"D","D6","","R3-residual",0,0,0,"","","","","D","D","D",7,3,"#3361B6",FALSE,"A country's independence is celebrated in various ways; in Indonesia,in addition to the ceremony and parade, people celebrate Independence with joy.Many games and competitions are held with attractive prizes, but the main goal of this activity is to celebrate independence and increase the sense of nationalism.

#Diplomates, how is your country's celebration of independence going?
#inidiplomasi #diesediplomatie #HUTRI_77
#HUTRI_KBRIWina
#IndonesienNationalTag77"
"2911878951543541949","ChpEnqHsJC9","https://www.instagram.com/p/ChpEnqHsJC9/","2022-08-24 12:10:42",2022,"inainvienna",TRUE,FALSE,"Image","feed","mixed",159,"A","A2","","max",2,0,0,"tarian; musik","","","diaspora; lomba; WNI; konsuler; konsularisch; HUT RI","A","A","D",2,2,"#ECF4F5",FALSE,"Yuk, ramaikan Pesta Rakyat HUT RI ke-77 di KBRI Wina! 

Hari/tanggal: Sabtu, 27 Agustus 2022
Pukul: 10.00 <U+2013> 17.00 CEST 
Tempat: KBRI Wina

Selain ada lomba, makanan khas Indonesia, Tombola dan persembahan tarian tradisional dari WNI/Diaspora Indonesia di Austria, Pesta Rakyat kali ini akan dimeriahkan oleh artis Ibukota, Lia Emelia. 

KBRI Wina juga akan membuka layanan Warung Konsuler, mulai pukul 10.00 <U+2013> 15.00 CEST. 

Bagi yang membutuhkan layanan Kekonsuleran, jangan lupa untuk daftar via link: bit.ly/WarkonPestaRakyat2022

Dirgahayu Republik Indonesia ke-77, Merdeka!

______________________________________________________

Kommen Sie und haben Sie Spa<U+00DF> beim dem 77. indonesischen Nationalfeiertag-Volksfest in der indonesischen Botschaft in Wien!

Tag/Datum: Samstag, 27 August 2022
Zeit: 10.00 - 17.00 CEST
Ort: Indonesische Botschaft in Wien.
Gustav Tschermakgasse 5-7,1180 Wien

Es gibt einen indonesischen kulinarischen Bazaar, traditionelle Tanzvorf<U+00FC>hrungen, Live-Musik, S<U+00E4>nger aus Jakarta, traditionelle Spiele und Tombola.

Die indonesische Botschaft in Wien wird au<U+00DF>erdem von 10.00 - 15.00 Uhr CEST  einen Warung  Konsular Service anbieten.

F<U+00FC>r diejenigen, die konsularische Dienstleistungen ben<U+00F6>tigen, vergessen Sie nicht, sich <U+00FC>ber den Link zu registrieren:
bit.ly/WarkonPestaRakyat2022

Alles Gute zum 77. Geburtstag der Republik Indonesien,

#IniDiplomasi #HUTRI_KBRIWina #dieseidiplomatie @info_wapena @ppislovenia @ppiaustria @tui_austria"
"2913178829180813933","ChtsLXggsJt","https://www.instagram.com/p/ChtsLXggsJt/","2022-08-26 07:14:26",2022,"inainvienna",TRUE,FALSE,"Video","clips","en",62,"D","D6","","R3-residual",0,0,0,"","","","","D","D","D",7,3,"#7CA48F",FALSE,"Stoked! That's what they all said throughout the Rip Curl Padang Cup Padang 2022 in #Bali! This sensational surfing event has finally finished and successfully gathered local and international surfers alike, to spend a good time together! Congrats to all the winners and thanks to all the supporters of this glorious event! See you at the next Rip Curl Cup competition!

Reposted from @wonderfulindonesia

Cover image <U+0001F4F8>: @lawrence_photo

#ItstimeforBali
#WonderfulIndonesia 
#ripcurlcup
#itsonwhenitson 
#indonesien<U+00F6>sterreich"
"2916038318833600631","Ch32WaxgQh3","https://www.instagram.com/p/Ch32WaxgQh3/","2022-08-30 06:00:39",2022,"inainvienna",TRUE,FALSE,"Video","clips","mixed",133,"A","A1","","max",2,1,0,"bali","bisnis","","pertemuan; meeting","A","A","D",1,3,"#3A226C",FALSE,"The Fourth Meeting of the G20 Digital Economy Working Group (DEWG) officially begins. The 4th DEWG is held on 29-30 August 2022 in a hybrid manner in Bali. The meeting was opened with the opening remarks from the Indonesian Minister of Communication and Information, Johnny G. Plate.

Aside from the meeting, Industry Task Force (ITF) made up of a total of 12 innovators from various industries participated in the Digital Transformation Expo (DTE) which was exhibited at the venue. 

*****

Pertemuan Keempat Kelompok Kerja Ekonomi Digital (DEWG) G20 resmi dimulai. DEWG ke-4 dilaksanakan pada 29-30 Agustus 2022 secara hybrid di Bali. Pertemuan dibuka dengan kata sambutan dari Menteri Komunikasi dan Informatika RI, Johnny G. Plate.

Selain pertemuan tersebut, Industry Task Force (ITF) yang terdiri dari total 12 pelaku inovasi dari berbagai industri bisnis turut serta dalam Digital Transformation Expo (DTE) yang dipamerkan di venue.

Reposted from @g20org
#G20Indonesia #RecoverTogetherRecoverStronger"
"2916366841707470565","Ch5BDDis57l","https://www.instagram.com/p/Ch5BDDis57l/","2022-08-30 16:47:20",2022,"inainvienna",TRUE,FALSE,"Sidecar","carousel_container","mixed",162,"A","A2","","max",7,0,0,"budaya; seni; festival; cultural; art; performance","","parliament","diaspora; community; WNI; citizens; permanent mission","A","A","A",7,2,"#9E959C",FALSE,"KBRI/PTRI Wina telah selenggarakan Pesta Rakyat pada tanggal 27 Agustus 2022. 

Acara dimeriahkan dengan pertunjukan pentas seni dan budaya serta stand makanan dan minuman oleh kelompok masyarakat WNI dan Diaspora Indonesia di Austria. 

Bintang tamu dari Indonesia Lia Emilia menggoyang panggung dengan lagu pop dan dangdut populer. 

Pesta dihadiri oleh WNI dan Diaspora Indonesia, pejabat pemerintahan dan parlemen kota Wina, mitra kerja KBRI/PTRI Wina, serta perwakilan diplomatik ASEAN dan negara sahabat.

*****

The Indonesian Embassy/Permanent Mission in Vienna has held the Indonesian Folk Festival 2022 on 27 August 2022.

The event featured art and cultural performances as well as food and beverage stands by Indonesian citizen and diaspora community in Austria.

Guest star Lia Emilia from Indonesia rocked the stage with popular pop and dangdut songs.

The festival was attended by Indonesian citizens and Diaspora, government officials and members of parliament from the city of Vienna, partners of the Indonesian Embassy/Permanent Mission in Vienna, as well as diplomatic representatives of ASEAN and friendly countries.

#Inidiplomasi #indonesianAustria #Indonesien<U+00D6>sterreich #diesediplomatie #HUTRI_KBRIWina"
"2916819651315017219","Ch6oATWgqYD","https://www.instagram.com/p/Ch6oATWgqYD/","2022-08-31 07:47:39",2022,"inainvienna",TRUE,FALSE,"Video","clips","en",130,"C","C3","A","R5.3",2,0,2,"bali","","procedure","pertemuan; meeting","C","C","D",1,3,"#1C044B",FALSE,"Supreme Audit Institutions 20 (SAI20) Summit is held on 29-30 August 2022 in Bali. The endorsement of the Rules of Procedures (RoP) and the agreement of the SAI20 Communique will take place at this meeting. 

The meeting on the first day was opened by Indonesian Vice President Ma<U+2019>ruf Amin and Chair of SAI20 Isma Yatun, followed by Sharing Knowledge session on Global Health Architecture by the Indonesian Minister of Health, Budi Gunadi Sadikin.

*****

KTT Supreme Audit Institutions 20 (SAI20) diselenggarakan pada 29-30 Agustus 2022 di Bali. Pengesahan Rules of Procedures (RoP) dan kesepakatan Komunike SAI20 akan berlangsung pada KTT ini.

Pertemuan di hari pertama dibuka oleh Wakil Presiden RI Ma<U+2019>ruf Amin dan Ketua SAI20 Isma Yatun, dilanjutkan dengan sesi Sharing Knowledge tentang Arsitektur Kesehatan Global oleh Menteri Kesehatan RI, Budi Gunadi Sadikin.

Reposted from @g20org
#G20Indonesia #RecoverTogetherRecoverStronger 
#diesediplomatie #indonesien<U+00F6>sterreich 
#sahabatkemlu"
"2916884423389579607","Ch62u3DAYlX","https://www.instagram.com/p/Ch62u3DAYlX/","2022-08-31 10:01:07",2022,"inainvienna",TRUE,FALSE,"Video","clips","unknown",7,"D","D6","","R3-residual",0,0,0,"","","","","D","D","D",5,2,"#F1EEED",FALSE,"Kemeriahan Pesta Rakyat 27 Agustus 2022 di KBRI Wina.
#inidiplomasi #diesediplomatie #Indonesien<U+00D6>sterreich #IndonesianAustria
#sahabatkemlu #HUTRI_KBRIWina #HUTRI_77"
"2916984168686627489","Ch7NaWGASqh","https://www.instagram.com/p/Ch7NaWGASqh/","2022-08-31 13:16:36",2022,"inainvienna",TRUE,FALSE,"Video","clips","id",96,"D","D6","","R3-residual",0,0,1,"","","keamanan","","D","C","D",5,2,"#BD8B8E",FALSE,"Pada 29 Agustus 2022, Dubes RI Wina memenuhi undangan Kementerian Luar Negeri Slovenia, untuk menghadiri Pembukaan Bled Strategic Forum (BSF) 2022, di Slovenia. 

Acara pembukaan BSF 2022 dihadiri oleh  Presiden Slovenia, Y.M. Borut Pahor, Menlu Slovenia, Y.M. Tanja Fajon, dan PM Slovenia, Y.M. Robert Golob, serta Presiden Komisi Uni Eropa dan Kepala Negara/Pemerintahan negara-negara Eropa termasuk Presiden Ukraina yang turut hadir secara virtual. 

Tahun ini, BSF mengusung tema 'The Rule of Power or the Power of Rules?<U+2019> yang secara khusus menyoroti situasi perang Rusia <U+2013> Ukraina, serta dampaknya terhadap ketahanan energi, ekonomi, stabilitas dan keamanan, serta geopolitik dan kerja sama di Kawasan.

#Inidiplomasi #indonesianAustria #IndonesianSlovenia #Indonesien<U+00D6>sterreich #diesediplomatie
#BSF2022"
"2920672841664031672","CiIUHmgg-u4","https://www.instagram.com/p/CiIUHmgg-u4/","2022-09-05 15:26:49",2022,"inainvienna",TRUE,FALSE,"Video","clips","id",80,"A","A1","B","R5.1",2,2,0,"wisata; destinasi","IKN; produk","","pertemuan","B","A","D",5,2,"#C0B6AA",FALSE,"Pada 1 September 2022, Menteri Perhubungan dan Menteri Perencanaan Pembangunan Nasional (PPN) didampingi Duta Besar RI Bern dan Wakil Duta Besar RI Wina, melakukan kunjungan ke perusahaan Doppelmayr Seilbahnen GmbH di Wolfurt, Austria.

Kunjungan ini dalam rangka memenuhi undangan Perusahaan tersebut untuk berdiskusi lebih jauh mengenai pengembangan alternatif moda angkutan berbasis kabel khususnya sistem gondola 3S yang dapat mendukung pembangunan IKN dan destinasi wisata di Indonesia.

Adapun di sela-sela pertemuan, kedua Menteri juga melakukan kunjungan ke pabrik untuk meninjau langsung proses produksi.

#Inidiplomasi #indonesianAustria #IndonesianSlovenia #Indonesien<U+00D6>sterreich #diesediplomatie"
"2920821073626795129","CiI10qSAAx5","https://www.instagram.com/p/CiI10qSAAx5/","2022-09-05 20:17:51",2022,"inainvienna",TRUE,FALSE,"Video","clips","id",75,"D","D3","","R3-residual",0,0,0,"","","","WNI","D","D","D",5,3,"#F01C37",FALSE,"Pada 2 September 2022, Duta Besar RI Wina bersama Kepala Perwakilan negara anggota ASEAN lainnya telah menghadiri Perayaan Hari Ulang Tahun ke-55 ASEAN (ASEAN Day) di Vienna International Center yang diselenggarakan oleh ASEAN Vienna Committee (AVC). 

ASEAN Day dihadiri sekitar 400 orang yang mencakup para Duta Besar/KUAI ASEAN, para pejabat UN Office in Vienna (UNOV), perwakilan Kementerian Luar Negeri Austria, perwakilan misi diplomatik di Austria, mitra AVC di Austria, hingga para WNI yang bekerja di Organisasi Internasional.

#Inidiplomasi #indonesianAustria #IndonesianSlovenia #Indonesien<U+00D6>sterreich #diesediplomatie
#ASEANday #ASEANday2022"
"2921387596157357394","CiK2opgMQ1S","https://www.instagram.com/p/CiK2opgMQ1S/","2022-09-06 15:02:41",2022,"inainvienna",TRUE,FALSE,"Sidecar","carousel_container","id",42,"D","D6","","R3-residual",0,0,0,"","","","","D","D","D",9,10,"#4CB0F6",FALSE,"Surat Edaran (SE) Satgas Penanganan COVID-19 No. 25 Tahun 2022, tentang Protokol Kesehatan Perjalanan Luar Negeri pada Masa Pandemi COVID-19, berlaku efektif sejak 1 September 2022. 

dan 

SE Satgas Penanganan COVID-19 No. 24 Tahun 2022, tentang Perjalanan
Orang Dalam Negeri pada Masa Pandemi COVID-19
berlaku efektif sejak 25 Agustus 2022.

#satgascovid19 
#satgascovid19kbriwina
#Inidiplomasi #indonesianAustria #IndonesianSlovenia #Indonesien<U+00D6>sterreich #diesediplomatie"
"2926268741635450076","CicMeqegqTc","https://www.instagram.com/p/CicMeqegqTc/","2022-09-13 08:41:53",2022,"inainvienna",TRUE,FALSE,"Video","clips","id",139,"D","D2","","R3-residual",1,0,0,"tarian","","","diaspora; komunitas; warga","A","A","D",5,2,"#AF967B",FALSE,"Pada 7 September 2022, KBRI/PTRI Wina bekerjasama dengan Austrian Indonesian Society, Gema Puspa Nusantara, Keluarga Kristen Indonesia Austria dan Diaspora Indonesia di Austria menggelar Malam Konser Amal yang diselenggarakan di Ballroom Barok Bank Austria, Old Town Hall Wina. 

Acara Konser Amal ditujukan untuk membantu pendidikan anak-anak yang kurang mampu di Indonesia dengan dukungan dari Organisasi www.iscofoundation.or.id yang dipimpin oleh Mr. Fuchs, warga Austria yang telah tinggal di Indonesia selama lebih dari 20 tahun. 

Berkat kecintaan dan komitmennya yang besar, Mr. Fuchs telah menerima penghargaan tinggi dari pemerintah Indonesia dan Austria.

Konser Amal dimeriahkan oleh penampilan Mozart hingga komposer kontemporer solo dan paduan suara, tarian khas Indonesia, serta Cello dan Piano dari Indonesianist dan Friends of Indonesia di Wina yang juga melibatkan seluruh komunitas Indonesia di Wina. 

Band Keroncong KBRI/PTRI Wina <U+201C>Zugabe<U+201D>, juga tampil dengan membawakan lagu Bengawan Solo dan Aryati.

#Inidiplomasi #indonesianAustria #IndonesianSlovenia #Indonesien<U+00D6>sterreich #diesediplomatie
#indonesianinvienna 
#IndonesianinAustria
#IndonesianCulturalinVienna
#IndonesianCulturalinAustria"
"2926281090214906990","CicPSW_M8xu","https://www.instagram.com/p/CicPSW_M8xu/","2022-09-13 09:05:11",2022,"inainvienna",TRUE,FALSE,"Image","feed","id",68,"D","D3","","R3-residual",0,0,0,"","","","konsuler","D","D","D",5,2,"#1A1A1A",FALSE,"Innalillahi wa innailaihi roji<U+2019>un, telah wafat Ibu Hj. Sapartini Kuntjoro-Jakti binti Muhammad Singgih, Wakil Duta Besar RI Wina periode 1999 - 2002, pada:

Hari, Tanggal: Minggu, 11 September 2022
Waktu wafat: 06.51 WIB
Tempat: RS Carolus Salemba, Jakarta
Usia: 79 tahun
Pemakaman: TP Giritama Tonjong, Bogor, pukul 14.00 WIB

Semoga Amal Ibadah Almarhumah diterima Allah SWT, serta Keluarga yang ditinggalkan diberikan keikhlasan, kesabaran, ketabahan dan kekuatan. Aamiin YRA

Fungsi Protokol Konsuler
KBRI/PTRI Wina"
"2928635037503169746","CikmgzPI6TS","https://www.instagram.com/p/CikmgzPI6TS/","2022-09-16 15:02:03",2022,"inainvienna",TRUE,FALSE,"Sidecar","carousel_container","id",21,"D","D6","","R3-residual",1,0,0,"pariwisata","","","","D","A","D",9,10,"#2ED8FC",FALSE,"Surat Edaran 

Direktorat Jenderal Imigrasi tentang Kemudahan Keimigrasian dalam Rangka Mendukung Pariwisata Berkelanjutan pada Masa Pandemi COVID-19. 

Efektif berlaku sejak 15 September 2022.

#Inidiplomasi #indonesianAustria #IndonesianSlovenia #Indonesien<U+00D6>sterreich #diesediplomatie #indonesianinvienna #indonesianinaustria"
"2928642493197216802","CikoNS5Imwi","https://www.instagram.com/p/CikoNS5Imwi/","2022-09-16 15:16:52",2022,"inainvienna",TRUE,FALSE,"Sidecar","carousel_container","en",20,"D","D6","","R3-residual",1,0,0,"tourism","","","","D","A","D",12,11,"#09FAFE",FALSE,"Circular Letter Directorate General of Immigration concerning Immigration Facility to Support Sustainable Tourism during the COVID-19 Pandemic. 

Effective since 15 September 2022.

#Inidiplomasi #indonesianAustria #IndonesianSlovenia #Indonesien<U+00D6>sterreich #diesediplomatie
#indonesianinvienna 
#IndonesianinAustria"
"2929863685729108493","Cio93_EM0IN","https://www.instagram.com/p/Cio93_EM0IN/","2022-09-18 07:43:10",2022,"inainvienna",TRUE,FALSE,"Sidecar","carousel_container","en",26,"C","C3","A","max",2,0,3,"wisata; tourism","","visa on arrival; visa","","C","C","C",7,3,"#07FCFE",FALSE,"Daftar tempat pemeriksaan imigrasi Visa Kunjungan saat kedatangan khusus wisata. 

Efektif berlaku sejak 15 September 2022. 

*****

Immigration Check Points Visa on Arrival for Tourism Puspose. 

Effective since 15 September 2022."
"2931353683057736817","CiuQqTNsHxx","https://www.instagram.com/p/CiuQqTNsHxx/","2022-09-20 09:03:31",2022,"inainvienna",TRUE,FALSE,"Sidecar","carousel_container","en",14,"D","D6","","R3-residual",0,0,0,"","","","","D","D","D",7,3,"#321479",FALSE,"Media Registration and Accreditation for the 17th G20 Leaders<U+2019> Summit. 

Registration period: 5 September - 10 October 2022. 

Repost @g20org 
#G20Indonesia
#RecoverTogetherRecoverStronger
#diesediplomatie 
#indonesien<U+00F6>sterreich 
#sahabatkemlu"
"2931416301723253600","Ciue5hZAPtg","https://www.instagram.com/p/Ciue5hZAPtg/","2022-09-20 11:08:31",2022,"inainvienna",TRUE,FALSE,"Video","clips","id",33,"D","D1","","R3-residual",0,0,0,"","","","resepsi","D","D","D",5,2,"#8D96DA",FALSE,"Pada 12 September 2022, Duta Besar/Wakil Tetap RI Wina menghadiri undangan Resepsi Diplomatik Walikota Wina, Michael Ludwig. 

Acara berlangsung di Rathaus dan dihadiri oleh seluruh kepala perwakilan asing dan organisasi internasional di Wina, Austria. 

#Inidiplomasi #indonesianAustria #IndonesianSlovenia #Indonesien<U+00D6>sterreich #diesediplomatie
#indonesianinvienna 
#IndonesianinAustria"
"2936071666494717171","Ci_BZ_sgbzz","https://www.instagram.com/p/Ci_BZ_sgbzz/","2022-09-26 21:18:13",2022,"inainvienna",TRUE,FALSE,"Video","clips","id",97,"D","D2","","R3-residual",0,0,0,"","","","diaspora; masyarakat indonesia; WNI","D","D","D",5,2,"#BFADA4",FALSE,"Pada 19 September 2022, KBRI/PTRI Wina menyelenggarakan kegiatan Temu Masyarakat dan Sosialisasi bersama para Wakil Ketua Lembaga Perlindungan Saksi dan Korban (LPSK), di ruang Nusantara KBRI/PTRI Wina. 

Duta Besar/Watap RI Wina, dalam sambutannya menyampaikan apresiasi kepada para Wakil Ketua LPSK atas waktu yang diberikan kepada masyarakat Indonesia di Wina untuk lebih memahami dan mengetahui tentang tugas dan fungsi LPSK serta latar belakang terbentuknya LPSK. 

WNI dan Diaspora Indonesia di Wina yang hadir sangat aktif berdiskusi dan bertanya mengenai nasib para saksi dan korban dari kasus-kasus sebelumnya hingga yang masih hangat diberitakan di media-media Indonesia. 

#inidiplomasi
#indonesianAustria 
#IndonesianSlovenia 
#Indonesien<U+00D6>sterreich
#indonesianinvienna 
#IndonesianinAustria
#PPIAustria"
"2936072332642431880","Ci_BjsGATOI","https://www.instagram.com/p/Ci_BjsGATOI/","2022-09-26 21:19:12",2022,"inainvienna",TRUE,FALSE,"Video","clips","id",67,"D","D4","","R3-residual",0,0,0,"","","","IAEA; General Conference; sidang; delegasi RI","D","D","D",5,2,"#F5E9DA",FALSE,"Pada 25 September 2022, Dubes/Watap RI Wina lakukan briefing persiapan General Conference ke-66 IAEA kepada Delegasi RI yang dipimpin oleh Kepala BRIN dan juga dihadiri Kepala Bapeten dan anggota DEN, serta Kemlu RI di KBRI/PTRI Wina. 

Sidang General Conference akan dilaksanakan di Wina, Austria, pada 26-30 September 2022.

Indonesia akan terus berkontribusi dalam mendorong kerja sama pemanfaatan energi nuklir  damai yang dapat bermanfaat bagi masyarakat, termasuk pencapaian sustainable development

#inidiplomasi
#indonesianaustria 
#indonesianslovenia 
#indonesien<U+00F6>sterreich 
#indonesianinvienna 
#indonesianinaustria 
#IAEA
#generalconferenceiaea
#generalconferenceiaea2022"
"2936824339657404729","CjBsi1NADE5","https://www.instagram.com/p/CjBsi1NADE5/","2022-09-27 22:13:45",2022,"inainvienna",TRUE,FALSE,"Video","clips","en",66,"D","D4","","R3-residual",0,0,0,"","","","meeting; delegation; IAEA; General Conference","D","D","D",7,2,"#F4EDED",FALSE,"The Indonesian delegation commences its participation in the 66th IAEA General Conference (26/9).

Chairman of BRIN accompanied by the Chairman of Bapeten and members of the DEN had a meeting with the DDG-TC before the opening of the 66th IAEA GC.

Indonesia stands ready to work with the IAEA to strengthen its collaborative cooperation in the peaceful uses of nuclear energy under the IAEA TC Programme framework.

#inidiplomasi"
"2938186968649134657","CjGiXsWA3JB","https://www.instagram.com/p/CjGiXsWA3JB/","2022-09-29 19:21:27",2022,"inainvienna",TRUE,FALSE,"Video","clips","id",25,"D","D4","","R3-residual",0,0,0,"","","","IAEA; General Conference; PBB","D","D","D",5,2,"#111729",FALSE,"Pernyataan Kepala Badan Riset dan Inovasi Nasional (BRIN), Laksana Tri Handoko, di hadapan General Conference ke-66 IAEA, di Markas PBB di Wina, Austria, pada 27 September 2022. 

#inidiplomasi
#indonesianAustria 
#IndonesianSlovenia 
#Indonesien<U+00D6>sterreich
#indonesianinvienna 
#IAEA #IAEAGC66"
"2938205528892054561","CjGmlx6sxwh","https://www.instagram.com/p/CjGmlx6sxwh/","2022-09-29 19:56:55",2022,"inainvienna",TRUE,FALSE,"Image","feed","id",59,"A","A2","","max",5,0,0,"budaya; tari","","","diaspora; warga; WNI","A","A","A",14,13,"#0F060A",FALSE,"Yuk! Ramaikan kegiatan promosi budaya Indonesia di Welt Museum Wien. 

Kegiatan ini, diselenggarakan setiap bulan dan kali ini promosi budaya Indonesia akan dilaksanakan bertepatan dengan acara Lange Nacht  Der Museen. 

Selain mengajak warga Austria poco-poco, promosi budaya Indonesia juga akan menampilkan tari Rantak dan tari Jepen. 

Bagi WNI dan Diaspora Indonesia yang berada di Austria, ditunggu kehadirannya ya<U+2026> <U+0001F64F><U+0001F3FC>

#inidiplomasi
#indonesianAustria 
#IndonesianSlovenia 
#Indonesien<U+00D6>sterreich
#indonesianinvienna 
#IndonesianinAustria
#weltmuseumwien 
#austrianindonesiansociety
#PPIAustria @ppiaustria 
#gemapuspanusantara @gpn_wina"
"2938831222375446187","CjI020Yg_ar","https://www.instagram.com/p/CjI020Yg_ar/","2022-09-30 16:45:52",2022,"inainvienna",TRUE,FALSE,"Video","clips","en",80,"D","D4","","R3-residual",0,0,0,"","","","IAEA; General Conference; statement","D","D","D",5,2,"#362B34",FALSE,"Ambassador Damos Dumoli Agusman made a statement during the discussion on the general issue of nuclear naval propulsion at the 66th IAEA General Conference. 

He reiterated the view of Indonesia that the issue of Nuclear Naval Propulsion creates a precedent and therefore constitutes an issue that requires appropriate and necessary answers, not only on technical and procedural solutions, but also legal matters. 

Indonesia stressed that the discussion on NNP should be transparent, inclusive, and accountable under the relevant mechanism of the IAEA.

#inidiplomasi
#indonesianAustria 
#IndonesianSlovenia 
#Indonesien<U+00D6>sterreich
#indonesianinvienna 
#IAEA #IAEAGC66"
"2942346831846330822","CjVUNq2MlHG","https://www.instagram.com/p/CjVUNq2MlHG/","2022-10-05 13:04:57",2022,"inainvienna",TRUE,FALSE,"Image","feed","en",68,"D","D6","","R3-residual",0,0,0,"","","","","D","D","D",7,3,"#C0E0F0",FALSE,"Dear Friends of Indonesia in Austria and Slovenia, 

Winter Semester 2022  is around the corner. 

Spread the words and tell your families and friends to join the Indonesian Language Course and its FREE of CHARGE!!

The class is going to start on the 10th of October 2022 and we have limited spots. 

The course will be online!! Save your spot and get the Bahasa learning at your own convenient place.

#Inidiplomasi #indonesianAustria #IndonesianSlovenia #Indonesien<U+00D6>sterreich #diesediplomatie
#indonesianinvienna 
#IndonesianinAustria
#IndonesianCulturalinVienna
#IndonesianCulturalinAustria"
"2943206028787908465","CjYXkoWsP9x","https://www.instagram.com/p/CjYXkoWsP9x/","2022-10-06 17:32:01",2022,"inainvienna",TRUE,FALSE,"Sidecar","carousel_container","id",36,"D","D3","","R3-residual",0,0,0,"","","","WNI; lapor diri","D","D","D",5,2,"#F5F6F6",FALSE,"Kepada seluruh WNI yang sedang berada dan menetap di Austria dan Slovenia, Lapor Diri yuk! 

Dengan terdaftar di database KBRI/PTRI Wina, mendapatkan layanan kekonsuleran akan lebih mudah loh! 

Untuk tau tahapannya, silahkan digeser kekiri ya<U+2026> 

#inidiplomasi
#indonesianAustria 
#IndonesianSlovenia 
#Indonesien<U+00D6>sterreich
#indonesianinvienna 
#IndonesianinAustria
#PPIAustria #ppislovenia #lapordiri"
"2948939213107764368","CjsvJcVghyQ","https://www.instagram.com/p/CjsvJcVghyQ/","2022-10-14 15:25:02",2022,"inainvienna",TRUE,FALSE,"Video","clips","id",101,"D","D6","","R3-residual",1,0,0,"lintas agama","","","","D","A","D",5,2,"#F6F5F6",FALSE,"Pada 27-28 September 2022, telah terlaksana Dialog Lintas Agama (DLA) ke-7 RI-Austria.

Kegiatan DLA Indonesia dan Austria  telah berjalan sejak tahun 2009.

Delegasi dari RI dan Austria terdiri atas wakil dari Kementerian Luar Negeri, praktisi, pemuka agama/organisasi keagamaan dan akademisi. 

Kegiatan DLA ke-7 selama dua hari terbagi atas 2 bagian, yaitu Forum Diskusi Terbatas serta kunjungan lapangan ke katedral dan lembaga pendidikan yang mendukung upaya-upaya menjaga kerukunan antar umat beragama di Austria. 

Pada Forum Diskusi Terbatas, Indonesia dan Austria saling memberikan informasi dan perkembangan keberagamaan di kedua negara yang dapat membuka perspektif dan pemahaman lebih mendalam tentang realitas keberagamaan di kedua negara.

#inidiplomasi
#indonesianAustria 
#IndonesianSlovenia 
#Indonesien<U+00D6>sterreich
#indonesianinvienna 
#IndonesianinAustria
#InterfaithDialogue
#InterfaithDialogue2022"
"2950223930153218526","CjxTQiUo7He","https://www.instagram.com/p/CjxTQiUo7He/","2022-10-16 09:55:30",2022,"inainvienna",TRUE,FALSE,"Video","igtv","id",21,"D","D6","","R3-residual",0,0,0,"","","","","D","D","D",5,2,"#705F52",FALSE,"Hari ini, Band <U+201C>Zugabe<U+201D> KBRI/PTRI Wina turut tampil dan memeriahkan acara ASEAN Family Day yang berlangsung di B<U+00FC>hne Donaupark, Wina."
"2950248123259254836","CjxYwl6IXg0","https://www.instagram.com/p/CjxYwl6IXg0/","2022-10-16 10:43:39",2022,"inainvienna",TRUE,FALSE,"Video","igtv","id",15,"D","D6","","R3-residual",0,0,0,"","","","","D","D","D",5,2,"#3B3236",FALSE,"Dubes/Watap RI Wina turut tampil bersama Zugabe Band di ASEAN Family Day di Wina"
"2950998959603272120","Cj0Desvs0m4","https://www.instagram.com/p/Cj0Desvs0m4/","2022-10-17 11:35:11",2022,"inainvienna",TRUE,FALSE,"Image","feed","id",35,"D","D3","","R3-residual",0,0,0,"","","","WNI; konsuler","D","D","D",6,2,"#F9F8F6",FALSE,"Warung Konsuler akan hadir di Graz!! 

Bagi seluruh WNI yang berada di kota Graz dan sekitarnya yang memerlukan layanan kekonsuleran dan ingin hadir acara Sosialisasi-Bimtek silahkan mendaftar terlebih dahulu melalui: 

bit.ly/WarkonGraz

Sampai jumpa di Graz! <U+0001F64F><U+0001F3FC>

#inidiplomasi
#indonesianAustria 
#IndonesianSlovenia 
#Indonesien<U+00D6>sterreich
#indonesianinGraz
#IndonesianinAustria
#WarungKonsuler
#WarungKonsulerKBRIWina"
"2952448426983302288","Cj5NDOcACSQ","https://www.instagram.com/p/Cj5NDOcACSQ/","2022-10-19 11:42:54",2022,"inainvienna",TRUE,FALSE,"Video","clips","en",89,"D","D1","","R3-residual",0,1,1,"","impor","policy","delegation; statement","D","C","D",7,2,"#F3F1F5",FALSE,"On 18 October 2022, Indonesia is taking part in COP11 UNTOC (17-21 October 22) to find global solutions in combatting Transnational Organized Crime (TOC). 

Mr. Krisno H. Siregar, the Director of Indonesian Police for narcotics and drugs crimes, representing Indonesian Delegation, delivered a national statement highlighting efforts to address challenges from crimes like drug trafficking, migrant smuggling, trafficking in persons and cybercrime. 

Indonesia also stressed the importance of policy coordination and integrated actions to combat TOC and criminal networks, strengthen bilateral, regional, and international cooperation and support capacity building for law enforcement and awareness raising.

#inidiplomasi
#indonesianAustria 
#IndonesianSlovenia 
#Indonesien<U+00D6>sterreich
#indonesianinvienna 
#IndonesianinAustria
#transnationalorganizedcrime
#TOC
#UNTOC
#COP11
#COP11UNTOC"
"2955413786271435925","CkDvS4fAEyV","https://www.instagram.com/p/CkDvS4fAEyV/","2022-10-23 13:48:30",2022,"inainvienna",TRUE,FALSE,"Video","clips","id",204,"D","D4","","R3-residual",0,1,0,"","kualitas","","UNODC; United Nations; PBB","D","B","D",5,2,"#FAF8FA",FALSE,"Pada 18 Oktober 2022, di sela-sela rangkaian Konferensi Negara Pihak Konvensi PBB menentang Tindak Pidana Transnasional yang Terrorganisasi (Conference of the Parties to the United Nations Against Transnational Organized Crime/ UNTOC) ke-11, Delegasi Indonesia mengunjungi laboratorium analisis narkotika UNODC. Direktur Tindak Pidana Narkoba, Bareskrim, Brigjen Pol. Krisno H. Siregar; DCM KBRI/PTRI Wina, Bapak A. Alfiano Tamala; didampingi tim dari Kepolisian RI, Kementerian Luar Negeri. Laboratorium ini terletak di Gedung yang juga menjadi markas besar United Nations Office in Vienna (UNOV).

Scientific Affairs Officer, Laboratory and Scientific Section UNODC, Yen Ling Wong, memberikan paparan mengenai program-program Lab UNODC serta kegiatan laboratorium tersebut, termasuk menunjukkan metode analisis narkoba dengan menggunakan reagen test kit dan raman devices.

Laboratorium UNODC juga perkenalkan International Collaborative Exercises (ICE), sebuah layanan independen untuk laboratorium di seluruh dunia yang memiliki spesialisasi analisis narkoba. ICE diharapkan dapat membantu laboratorium partisipan untuk menilai, menjaga, dan meningkatkan kualitas hasil pekerjaan masing-masing.
UNODC juga memiliki program peningkatan kapasitas antara lain: pelatihan bagi petugas laboratorium tentang analisis narkoba; pelatihan bagi APH untuk penanganan materi kimia/narkoba termasuk tata cara pemusnahan narkoba serta pelatihan bagi pembuat kebijakan. UNODC juga sediakan berbagai materi publikasi di website http://www.unodc.org/lab, salah satunya laporan klasifikasi narkoba yang paling berbahaya dan mematikan dari seluruh dunia.

#inidiplomasi
#indonesianAustria 
#IndonesianSlovenia 
#Indonesien<U+00D6>sterreich
#indonesianinvienna 
#IndonesianinAustria
#transnationalorganizedcrime
#TOC
#UNTOC
#COP11UNTOC
#UNODC
#UNODCVienna"
"2957835024033090242","CkMV0h3s4rC","https://www.instagram.com/p/CkMV0h3s4rC/","2022-10-26 21:57:13",2022,"inainvienna",TRUE,FALSE,"Image","feed","unknown",4,"D","D6","","R3-residual",0,0,0,"","","","","D","D","D",7,3,"#F2F0F1",FALSE,"Happy Austrian National Day! <U+0001F1E6><U+0001F1F9> 

#inidiplomasi
#indonesianAustria 
#IndonesianSlovenia 
#Indonesien<U+00D6>sterreich
#indonesianinvienna 
#IndonesianinAustria"
"2961443946975399411","CkZKZRRsw3z","https://www.instagram.com/p/CkZKZRRsw3z/","2022-10-31 21:27:30",2022,"inainvienna",TRUE,FALSE,"Image","feed","en",29,"D","D3","","R3-residual",0,0,0,"","","","consular","D","D","D",7,3,"#F5F3F3",FALSE,"In observance of the All
Saint's Day, Embassy of Indonesia in Vienna
will be closed on November 1st, 2022.

The Embassy will resume all consular services on Wednesday, November 2nd, 2022.

#inidiplomasi
#indonesianAustria 
#IndonesianSlovenia 
#Indonesien<U+00D6>sterreich
#indonesianinvienna 
#IndonesianinAustria"
"2963369717479348300","CkgAQ60gZhM","https://www.instagram.com/p/CkgAQ60gZhM/","2022-11-03 13:14:00",2022,"inainvienna",TRUE,FALSE,"Video","clips","id",91,"D","D4","","R3-residual",0,0,0,"","","","pertemuan; PBB","D","D","D",5,2,"#F2F1F4",FALSE,"Pada 2 November 2022, Duta Besar/Watap RI untuk Austria, Slovenia dan Organisasi Internasional di Wina, Dr. iur Damos Dumoli Agusman, menjadi pembicara pada Focus Group Discussion (FGD), di Jakarta. 

Pertemuan yang dihadiri oleh Kementerian/Lembaga, dan pemangku kepentingan terkait, termasuk dari kalangan akademisi ini diselenggarakan oleh Kementerian Luar Negeri RI untuk membahas  mengenai perkembangan pembahasan Draft Konvensi PBB mengenai kejahatan siber dalam kerangka the Ad Hoc Committee on Countering the Use of ICT for Criminal Purposes.

Indonesia akan terus berkontribusi dan berpartisipasi aktif  dalam perundingan draft Konvensi  PBB mengenai Kejahatan Siber tersebut.

#inidiplomasi
#indonesianAustria 
#IndonesianSlovenia 
#Indonesien<U+00D6>sterreich
#indonesianinvienna 
#IndonesianinAustria"
"2966292679537867849","CkqY3nXsjxJ","https://www.instagram.com/p/CkqY3nXsjxJ/","2022-11-07 14:01:04",2022,"inainvienna",TRUE,FALSE,"Image","feed","id",48,"D","D2","","R3-residual",1,0,0,"tari","","","diaspora; WNI","D","A","D",14,13,"#5B261D",FALSE,"Yuk! Ramaikan kegiatan promosi tari Poco-Poco di Welt Museum Wien. 

Hari/Tanggal: Selasa, 8 November 2022
Pukul: 17.30 (CEST) 
Tempat: Lobby Welt Museum

Kegiatan ini adalah kerjasama antara KBRI/PTRI Wina dengan Welt Museum yang diselenggarakan setiap bulan. 

Bagi WNI dan Diaspora Indonesia yang berada di Austria, ditunggu kehadirannya ya<U+2026> <U+0001F64F><U+0001F3FC>

#inidiplomasi
#indonesianAustria 
#IndonesianSlovenia 
#Indonesien<U+00D6>sterreich
#indonesianinvienna 
#IndonesianinAustria
#weltmuseumwien 
#austrianindonesiansociety
#PPIAustria @ppiaustria 
#gemapuspanusantara @gpn_wina"
"2968286243948020268","CkxeJy6M0Is","https://www.instagram.com/p/CkxeJy6M0Is/","2022-11-10 08:01:56",2022,"inainvienna",TRUE,FALSE,"Image","feed","id",24,"D","D5","","R3-residual",0,0,0,"","","","selamat; hari pahlawan","D","D","D",5,5,"#EFF0F1",FALSE,"Selamat Hari Pahlawan Nasional 10 November 2022. Marilah kita bangkitkan rasa nasionalisme, makin mencintai tanah air, meneruskan semangat dan cita-cita para pahlawan menuju Indonesia maju. 

#inidiplomasi
#indonesianAustria 
#IndonesianSlovenia 
#Indonesien<U+00D6>sterreich
#indonesianinvienna 
#IndonesianinAustria
#PPIAustria
#haripahlawan"
"2968516049721572638","CkySZ6Nsz0e","https://www.instagram.com/p/CkySZ6Nsz0e/","2022-11-10 15:38:31",2022,"inainvienna",TRUE,FALSE,"Sidecar","carousel_container","id",44,"D","D5","","R3-residual",1,0,0,"bhinneka tunggal ika","","","upacara; selamat; peringatan; hari pahlawan","D","A","D",5,2,"#F1F0F2",FALSE,"Hari ini, 10 November 2022, KBRI/PTRI Wina telah melaksanakan Upacara Peringatan Hari Pahlawan. 

Upacara dihadiri oleh seluruh staf KBRI/PTRI Wina dan dipimpin langsung oleh Duta Besar RI, Dr. iur. Damos Dumoli Agusman, telah berlangsung dengan khidmat.

Selamat Hari Pahlawan! Bersatu dalam Bhinneka Tunggal Ika! 

#inidiplomasi
#indonesianAustria 
#IndonesianSlovenia 
#Indonesien<U+00D6>sterreich
#indonesianinvienna 
#IndonesianinAustria
#PPIAustria
#ppislovenia
#haripahlawan"
"2968560922555166680","Ckycm5TAa_Y","https://www.instagram.com/p/Ckycm5TAa_Y/","2022-11-10 17:09:59",2022,"inainvienna",TRUE,FALSE,"Video","clips","id",100,"D","D1","","R3-residual",0,0,0,"","","","penandatanganan","D","D","D",5,2,"#F3F2F3",FALSE,"Hari ini, Pemerintah RI dan Pemerintah Austria sepakat menjalin kerja sama ketenagakerjaan, dalam rangka memperkuat pembangunan Sumber Daya Manusia (SDM)

Penandatanganan MOU RI-Austria untuk Kerja Sama Pelatihan Vokasi dan Pelatihan Berbasis Kinerja dilakukan oleh Menaker RI, @idafauziyahnu dan Menteri Federal Austria untuk Ekonomi dan Tenaga Kerja, Martin Kocher, di Jakarta, pada 10 November 2022. 

MOU akan menjadi payung pengembangan kerja sama bidang ketenagakerjaan, yang meliputi pelatihan vokasi, dan prakarsa penempatan pekerja terampil Indonesia melalui pemagangan di Austria.

Selain itu, juga dibangun Balai Latihan Kerja dan Pendidikan Vokasi di 4 lokasi yaitu Medan, Serang, Banyuwangi dan Makassar, melalui skema pinjaman lunak dari Pemerintah Austria.

#inidiplomasi
#indonesianAustria 
#IndonesianSlovenia 
#Indonesien<U+00D6>sterreich
#indonesianinvienna 
#IndonesianinAustria
#PPIAustria
#PPISlovenia"
"2976629670594870657","ClPHOofsf2B","https://www.instagram.com/p/ClPHOofsf2B/","2022-11-21 20:18:50",2022,"inainvienna",TRUE,FALSE,"Sidecar","carousel_container","id",52,"D","D3","","R6",0,0,0,"","","persyaratan","paspor; konsuler","D","D","D",3,2,"#DFDAD1",FALSE,"Tau ga sih! kalau paspor RI kita masa berlakunya sudah 10 tahun lho!

Silahkan geser ke kiri untuk lihat ketentuan dan persyaratan yang dibutuhkan apa saja.

Coba deh cek paspor kalian, apabila 6 bulan lagi mau habis, segera buat janji temu online ke email: konsuler.wina@kemlu.go.id untuk mendapatkan paspor RI dengan masa berlaku 10 tahun.

#inidiplomasi
#indonesianAustria 
#IndonesianSlovenia 
#Indonesien<U+00D6>sterreich
#indonesianinvienna 
#IndonesianinAustria
#PPIAustria
#PPISlovenia"
"2977822723276961451","ClTWf1ZAnar","https://www.instagram.com/p/ClTWf1ZAnar/","2022-11-23 11:51:20",2022,"inainvienna",TRUE,FALSE,"Video","clips","id",128,"D","D4","","R3-residual",0,1,0,"","inflasi","","pertemuan; CTBTO; sidang","D","B","D",5,2,"#E6E5E5",FALSE,"Pada 21 November, Deputy Chief of Mission KBRI/PTRI Wina, A. Alfiano Tamala, dalam sidang sesi ke-59 Komite Persiapan (Preparatory Committee) CTBTO menyampaikan bahwa Indonesia kembali dorong keberlakuan (entry into force) dan universalisasi Traktat Pelarangan Menyeluruh Uji Coba Nuklir (CTBT).

Indonesia juga dorong negara-negara Annex II yang belum meratifikasi dan menandatangani Traktat untuk segera menjadi pihak pada dalam Traktat.

Indonesia menyadari krisis keuangan global dan angka inflasi yang tinggi di Austria sehingga berpengaruh pada keuangan organisasi. Namun demikian, Indonesia meminta agar pengetatan dan efisensi anggaran tidak mempengaruhi program bantuan teknis dan pengembangan kapasitas Organisasi Traktat Pelarangan Menyeluruh Uji Coba Nuklir, khususnya program yang melibatkan negara berkembang.

Indonesia menerima berbagai bantuan teknis dan pembangunan kapasitas, utamanya di bidang deteksi gempa bumi dan Tsunami. 

Pertemuan Preparatory Committee CTBTO berlangsung pada 21-23 November 2022.

#inidiplomasi
#indonesianAustria 
#IndonesianSlovenia 
#Indonesien<U+00D6>sterreich
#indonesianinvienna 
#IndonesianinAustria
#PPIAustria
#PPISlovenia
#CTBTO"
"2978498864722629303","ClVwO_LslK3","https://www.instagram.com/p/ClVwO_LslK3/","2022-11-24 10:12:35",2022,"inainvienna",TRUE,FALSE,"Sidecar","carousel_container","id",32,"D","D4","","R3-residual",0,0,0,"","","","multilateral","D","D","D",5,2,"#F3F3F5",FALSE,"Hari ini, Deputy Chief of Mission, A. Alfiano Tamala, hadir dalam pembahasan <U+201C>Optimalisasi Keanggotaan Indonesia pada Organisasi Internasional dan Indikator Kinerja Utama Perwakilan<U+201D> secara online yang diselenggarakan oleh Direktorat Jenderal Kerja Sama Multilateral, #Kemlu_RI

#inidiplomasi
#indonesianAustria 
#IndonesianSlovenia 
#Indonesien<U+00D6>sterreich
#indonesianinvienna 
#IndonesianinAustria
#PPIAustria
#PPISlovenia"
"2986558078149958750","ClyYr-lM5xe","https://www.instagram.com/p/ClyYr-lM5xe/","2022-12-05 13:04:48",2022,"inainvienna",TRUE,FALSE,"Image","feed","id",29,"D","D5","","R3-residual",0,0,0,"","","","selamat","D","D","D",10,4,"#0B6894",TRUE,"KBRI/PTRI Wina mengucapkan selamat dan Sukses atas terpilihnya Thomas Troeszter sebagai Ketua @ppiaustria 2023. 

Semoga dengan tugas baru ini, keakraban yang selama ini terjalin dengan baik terus dijaga dan ditingkatkan. 

#inidiplomasi
#indonesianAustria 
#IndonesianSlovenia 
#Indonesien<U+00D6>sterreich
#indonesianinvienna 
#IndonesianinAustria
#PPIAustria
#PPISlovenia"
"2987123095207254034","Cl0ZKDuMZgS","https://www.instagram.com/p/Cl0ZKDuMZgS/","2022-12-06 07:47:23",2022,"inainvienna",TRUE,FALSE,"Image","feed","id",44,"D","D2","","R3-residual",1,0,0,"tari","","","diaspora; WNI","D","A","D",14,13,"#EDEDED",FALSE,"Yuk! Ramaikan kegiatan promosi tari Poco-Poco di Welt Museum Wien. 

Hari/Tanggal: Selasa, 6 Desember 2022
Pukul: 17.30 (CEST) 
Tempat: Lobby Welt Museum

Kegiatan ini adalah kerjasama antara KBRI/PTRI Wina dengan Welt Museum.

Bagi WNI dan Diaspora Indonesia yang berada di Austria, ditunggu kehadirannya ya<U+2026> <U+0001F64F><U+0001F3FC>

#inidiplomasi
#indonesianAustria 
#IndonesianSlovenia 
#Indonesien<U+00D6>sterreich
#indonesianinvienna 
#IndonesianinAustria
#weltmuseumwien 
#austrianindonesiansociety
#PPIAustria"
"2988639276175103339","Cl5x5ZSMpVr","https://www.instagram.com/p/Cl5x5ZSMpVr/","2022-12-08 09:59:46",2022,"inainvienna",TRUE,FALSE,"Image","feed","en",26,"D","D3","","R3-residual",0,0,0,"","","","consular","D","D","D",7,3,"#F3F3F3",FALSE,"In observance of the Mari<U+00E4> Empf<U+00E4>ngnis, Embassy of Indonesia in Vienna will be closed on 8 December 2022. 

The Embassy will resume all consular services on Friday, 9 December 2022.

#inidiplomasi
#indonesianAustria 
#IndonesianSlovenia 
#Indonesien<U+00D6>sterreich
#indonesianinvienna 
#IndonesianinAustria"
"3000826532087209473","CmlE9T1oB4B","https://www.instagram.com/p/CmlE9T1oB4B/","2022-12-25 05:33:40",2022,"inainvienna",TRUE,FALSE,"Image","feed","id",22,"D","D5","","R3-residual",0,0,0,"","","","natal; tahun baru; selamat","D","D","D",10,4,"#FAFAF9",FALSE,"Duta Besar/Watap RI, Dr. iur. Damos Dumoli Agusman, beserta keluarga besar KBRI/PTRI Wina mengucapkan selamat hari Natal dan Tahun Baru. 

#inidiplomasi
#indonesianAustria 
#IndonesianSlovenia 
#Indonesien<U+00D6>sterreich
#indonesianinvienna 
#IndonesianinAustria"
"3001022015661420233","CmlxZ-GoC7J","https://www.instagram.com/p/CmlxZ-GoC7J/","2022-12-25 12:02:14",2022,"inainvienna",TRUE,FALSE,"Video","igtv","unknown",9,"D","D5","","R3-residual",0,0,0,"","","","natal","D","D","D",5,2,"#D5CBBF",FALSE,"Suasana kebersamaan Open House perayaan Natal KBRI/PTRI Wina."
"3001290554221935473","CmmuduIIjtx","https://www.instagram.com/p/CmmuduIIjtx/","2022-12-25 21:10:50",2022,"inainvienna",TRUE,FALSE,"Video","clips","id",120,"D","D5","","R3-residual",0,0,0,"","","","resepsi; komunitas; WNI; natal","D","D","D",5,2,"#EAE5E6",FALSE,"Pada 17 Desember 2022, KBRI/PTRI Wina bersama Komunitas Kristen Indonesia di Austria (KKIA) telah menyelenggarakan Perayaan Natal di Pfarre Am Tabor, Wina. 

Acara dimulai dengan Doa Bersama Natal bagi WNI umat Kristen di Austria yang dipimpin oleh Romo Tanto, kemudian dilanjutkan dengan resepsi Natal. 

Dalam sambutannya Duta Besar RI, Dr. iur. Damos Dumoli Agusman menyampaikan bahwa Indonesia adalah contoh negara berpenduduk Muslim terbesar dunia yang demokratis, moderat, toleran dan saling menghargai. Hal ini tercermin dari persembahan kue tart dari umat Islam bagi umat Kristen Indonesia di Austria yang dipotong simbolis oleh Dubes RI. 

Acara hiburan dimeriahkan dengan pertunjukan drama Natal berjudul <U+201C>Aku Haus<U+201D> karya Suster Bene Xaverius serta pertunjukan band Keroncong <U+201C>Zugabe<U+201D> KBRI/PTRI Wina yang membawakan lagu-lagu nuansa Natal. 

#inidiplomasi
#indonesianAustria 
#IndonesianSlovenia 
#Indonesien<U+00D6>sterreich
#indonesianinvienna 
#IndonesianinAustria"
"3004154131274435567","Cmw5kQFIovv","https://www.instagram.com/p/Cmw5kQFIovv/","2022-12-29 19:50:36",2022,"inainvienna",TRUE,FALSE,"Video","clips","id",201,"D","D2","","R3-residual",0,0,0,"","","","diaspora; masyarakat indonesia; komunitas; dharma wanita; DWP; natal","D","D","D",5,2,"#261C1B",FALSE,"Pada 25 Desember 2022, Duta Besar RI, Dr. iur. Damos Dumoli Agusman beserta Ibu Ermita Agusman menggelar Open House dalam rangka perayaan Hari Natal 2022 di Wisma Duta. Pada acara Open House, telah hadir para tamu undangan Duta Besar seperti mantan Dubes Austria untuk Indonesia (2007), Mr. Klaus W<U+00F6>lfer beserta keluarga.

Open House Natal tersebut dibagi menjadi dua sesi, yaitu sesi pagi untuk masyarakat Indonesia yang non-Kristen serta undangan tamu Dubes RI. Di sesi sore khusus untuk masyarakat Indonesia yang merayakan Natal.

Kegiatan perayaan natal juga dihadiri sekitar 300 undangan lainnya dari perwakilan masyarakat Indonesia yang menetap di Austria. Komunitas masyarakat Indonesia tersebut berasal dari semua kelompok dan organisasi, baik Islam, Hindu maupun Buddha. Serta komunitas masyarakat dari berbagai daerah di Indonesia, Dharma Wanita Persatuan (DWP) dan segenap staf KBRI/PTRI Wina, serta diaspora dan friends of Indonesia telah hadir bersama meramaikan hari bahagia ini dalam kehangatan dan perdamaian.

Pada kesempatan ini, berbagai hidangan khas Indonesia dihidangkan untuk menambah hangat suasana Open House Perayaan Natal.

Pada sesi pagi, Band KBRI/PTRI Wina <U+201C>Zugabe<U+201D> juga tampil membawakan lagu-lagu nuansa Natal serta lagu populer Indonesia. Duta Besar RI beserta Ibu Ermita Agusman dan Bapak DCM, A. Alfiano Tamala juga turut mengiringi acara hiburan pada Open House Natal 2022.

#inidiplomasi
#indonesianAustria 
#IndonesianSlovenia 
#Indonesien<U+00D6>sterreich
#indonesianinvienna 
#IndonesianinAustria
#PPIAustria
#PPISlovenia"
"3010090576895946867","CnF_W55ojBz","https://www.instagram.com/p/CnF_W55ojBz/","2023-01-07 00:35:07",2023,"inainvienna",TRUE,FALSE,"Video","clips","id",270,"D","D4","","R3-residual",1,0,0,"gunung","","","mahasiswa; UNOOSA","A","A","D",5,2,"#D9D7E3",FALSE,"Satelit yang dikembangkan oleh para mahasiswa Universitas Surya, Indonesia, didukung Badan Perserikatan Bangsa-Bangsa yang menangani Antariksa (UNOOSA) yang berkantor di Wina, Austria, dan bekerja sama dengan Jepang, telah berhasil mengorbit bumi, Jumat, 6 Januari 2023. Pelepasan ke orbit berlangsung sekitar pukul 15.00 WIB (09.00 waktu Wina).

Satelit yang bernama Surya Satellite-1 (SS-1) ini merupakan sebuah CubeSat yang dikembangkan oleh Universitas Surya dan merupakan satelit kelima yang pengembangan dan peluncurannya di bawah naungan UNOOSA dengan dukungan Japan Aerospace Exploration Agency (JAXA).

CubeSat dikategorikan sebagai satelit nano yang berukuran sekitar 10 cm3 dengan berat sekitar 1 kilogram dan dapat digunakan untuk melakukan tes instrumen, percobaan ilmiah, dan mendukung proyek pendidikan. 

Upaya pengembangan satelit oleh Universitas yang berlokasi di Tangerang ini juga mendapatkan dukungan antara lain dari dari LAPAN (sekarang BRIN), ORARI, dan Kementerian Kominfo.

Peluncuran adalah momen bersejarah sebab SS-1 merupakan student satellite Indonesia pertama yang dikembangkan dan dilepaskan dengan dukungan KiboCube, sebuah Modul percobaan Jepang, yang saat ini merupakan satu-satunya modul yang digunakan untuk meluncurkan satelit dari International Space Station. 

SS-1 dilengkapi dengan Automatic Package Reporting System (APRS) yang akan berkomunikasi dua arah dengan bumi dengan frekuensi radio amatir, yang merupakan langkah maju penting dalam aktifitas keantariksaan di Indonesia.

Satelit nano dapat didesain untuk mengumpulkan data bencana alam dan alat komunikasi laboratorium, perusahaan dan radio amatir di wilayah Indonesia. Satelit juga diharapkan dapat dimanfaatkan untuk melacak posisi kendaraan, pendaki gunung, kapal nelayan dan hotspot kebakaran hutan. 

Tim Universitas Surya ini terpilih pada putaran ketiga (tahun 2018) program yang diinisiasi oleh UNOOSA dan JAXA. Peluncuran SS-1 merupakan capaian karya anak bangsa yang membanggakan dan diharapkan semakin mendorong ilmu pengetahuan dan teknologi antariksa Indonesia ke depan.

Sumber gambar: 
https://www.youtube.com/watch?v=vTXFm3YVozk"
"3011886068941384190","CnMXmwLMun-","https://www.instagram.com/p/CnMXmwLMun-/","2023-01-09 11:47:00",2023,"inainvienna",TRUE,FALSE,"Image","feed","id",34,"D","D6","","R3-residual",0,0,0,"","","","","D","D","D",5,2,"#0B0909",FALSE,"Yuk ikutan nonton, malam Penganugerahan Hassan Wirajuda Pelindungan Award (HWPA) 2022

Yang akan dilaksanakan hari ini, Senin, 9 Januari 2023
Jam 19.30 WIB / 13.30 CEST (zoom dibuka)

Acara dapat disaksikan Bapak dan Ibu secara live melalui webinar dengan tautan: 

https://bit.ly/hwpa2022 

#inidiplomasi
#indonesianAustria 
#IndonesianSlovenia 
#Indonesien<U+00D6>sterreich
#indonesianinvienna 
#IndonesianinAustria
#PPIAustria
#PPISlovenia
#HWPA2022"
"3011941188831499344","CnMkI2kq1RQ","https://www.instagram.com/p/CnMkI2kq1RQ/","2023-01-09 13:46:17",2023,"inainvienna",TRUE,FALSE,"Video","clips","id",54,"D","D6","","R3-residual",0,0,0,"","","","","D","D","D",14,2,"#DC8A9C",FALSE,"Jangan lupa saksikan Pernyataan Pers Tahunan Menteri Luar Negeri #PPTM2023 pada Rabu, 11 Januari 2023 dengan tema <U+201C>Leadership in a Challenging World<U+201D>. 

Apa aja sih capaian diplomasi Indonesia di tahun 2022 dan kira-kira proyeksi diplomasi Indonesia tahun 2023 seperti apa ya? 

Nah, untuk kamu yang penasaran jangan lupa untuk mengikuti PPTM 2023 melalui link: 

https://www.youtube.com/c/MoFAIndonesia 

Acara akan dimulai pukul 10.00 - 12.00 WIB / 04.00 - 06.00 CEST

#inidiplomasi
#indonesianAustria 
#IndonesianSlovenia 
#Indonesien<U+00D6>sterreich
#indonesianinvienna 
#IndonesianinAustria
#PPIAustria
#PPISlovenia
#PPTM2023"
"3014981864615313175","CnXXggko_8X","https://www.instagram.com/p/CnXXggko_8X/","2023-01-13 18:18:27",2023,"inainvienna",TRUE,FALSE,"Video","clips","mixed",80,"D","D4","","R3-residual",0,0,0,"","","","PBB; delegasi RI","D","D","D",5,2,"#2D1413",FALSE,"Pada 9 - 13 Januari 2023, Delegasi RI berpartisipasi pada the 4th Session of the Ad Hoc Committee on Countering the Use of Information and Communications Technologies for Criminal Purposes (AHC). 

Peran aktif Pemri dalam proses penyusunan Konvensi Siber PBB  termasuk dengan menjadi Rapporteur AHC. 

Sejumlah masukan Pemri telah disampaikan terkait elemen General Provision, Criminalization, dan Procedural Measures and Law Enforcement. Indonesia akan terus berkontribusi dalam penyusunan Konvensi Siber PBB yang akan mendorong dan meningkatkan kerja  sama internasional dalam pencegahan dan penanggulangan kejahatan siber.

#inidiplomasi
#indonesianAustria 
#IndonesianSlovenia 
#Indonesien<U+00D6>sterreich
#indonesianinvienna 
#IndonesianinAustria
#PPIAustria
#PPISlovenia"
"3016976401400301085","CnedA1tM4Yd","https://www.instagram.com/p/CnedA1tM4Yd/","2023-01-16 12:20:35",2023,"inainvienna",TRUE,FALSE,"Sidecar","carousel_container","id",41,"D","D3","","R6",0,0,0,"","","pemilihan umum; persyaratan","WNI; PPLN; pemilih","D","D","D",5,2,"#FBFBFE",FALSE,"*PENGUMUMAN*

Yth. Seluruh WNI di Austria dan Slovenia,

Disampaikan informasi pendaftaran Calon Anggota Panitia Pemilihan Umum Luar Negeri (PPLN) mulai tanggal 16 - 20 Januari 2023.

Persyaratan untuk mendaftar tercantum dalam flyer ini.

Formulir pendaftaran yang ditentukan dapat diunduh di https://bit.ly/PPLN2024WINA

CP: Sdri. Fritska Pasaribu +436766945293 / PPLN2024@kbriwina.at

#inidiplomasi
#indonesianAustria 
#IndonesianSlovenia 
#Indonesien<U+00D6>sterreich
#indonesianinvienna 
#IndonesianinAustria
#PPIAustria
#PPISlovenia
#PPLN2024"
"3017060898798920968","CnewOcCoWUI","https://www.instagram.com/p/CnewOcCoWUI/","2023-01-16 15:09:56",2023,"inainvienna",TRUE,FALSE,"Video","clips","id",7,"D","D6","","R3-residual",0,0,0,"","","","","D","D","D",5,2,"#1E1612",FALSE,"Kaleidoskop Kegiatan KBRI/PTRI Wina di tahun 2022. 

#inidiplomasi
#indonesianAustria 
#IndonesianSlovenia 
#Indonesien<U+00D6>sterreich
#indonesianinvienna 
#IndonesianinAustria
#PPIAustria
#PPISlovenia"
"3017111483431617688","Cne7uipsYSY","https://www.instagram.com/p/Cne7uipsYSY/","2023-01-16 16:48:58",2023,"inainvienna",TRUE,FALSE,"Sidecar","carousel_container","id",45,"D","D3","","R6",0,0,0,"","","pemilu; persyaratan","WNI; pemilih","D","D","D",5,2,"#290302",FALSE,"Kepada seluruh WNI di Austria dan Slovenia,

Tertarik menjadi anggota Panitia Pemilihan Luar Negeri untuk PEMILU 2024?

Daftar yuk!! 

Persyaratan untuk mendaftar tercantum dalam post ini, geser foto ke kiri ya<U+2026> 

Formulir pendaftarannya dapat diunduh di: 

https://bit.ly/PPLN2024WINA

Untuk informasi lebih lanjut bisa kontak, Sdri. Fritska Pasaribu +436766945293 / PPLN2024@kbriwina.at

#inidiplomasi
#indonesianAustria 
#IndonesianSlovenia 
#Indonesien<U+00D6>sterreich
#indonesianinvienna 
#IndonesianinAustria
#PPIAustria
#PPISlovenia
#PPLN2024"
"3017677524032295295","Cng8bhCoBF_","https://www.instagram.com/p/Cng8bhCoBF_/","2023-01-17 11:35:17",2023,"inainvienna",TRUE,FALSE,"Video","clips","id",78,"D","D3","","R3-residual",0,0,0,"","","","diaspora; WNI; konsuler","D","D","D",5,2,"#0B0C0B",FALSE,"Yth. Bapak dan Ibu WNI dan Diaspora di Austria dan Slovenia,

Sehubungan dengan pemutakhiran sistem di Indonesia, telah diluncurkan pada bulan November 2022 sistem e-Customs Declaration bagi pelaku perjalanan Internasional memasuki Indonesia. e-CD kiranya dapat diisi sebelum ketibaan di Indonesia dan pengganti formulir bea cukai kedatangan yang format kertas.

Informasi lebih lanjut dapat dilihat di website resmi Bea Cukai RI atau di link sbb: https://www.instagram.com/reel/CllElE9pvmF/?utm_source=ig_web_copy_link

Atas perhatian dan kerjasamanya diucapkan terima kasih.

Salam hormat, 

Tim Protokol dan Konsuler
KBRI Wina
<U+0001F64F><U+263A><U+FE0F><U+0001F1EE><U+0001F1E9><U+0001F1E6><U+0001F1F9><U+0001F1F8><U+0001F1EE>
#inidiplomasi #ditjenbeacukai #austriaindonesia @info_wapena @ppiaustria @ppislovenia"
"3017903406262087912","CnhvyiQsXDo","https://www.instagram.com/p/CnhvyiQsXDo/","2023-01-17 19:02:22",2023,"inainvienna",TRUE,FALSE,"Image","feed","id",45,"D","D3","","R6",0,0,0,"","","pemilu","meeting; PPLN; pemilu luar negeri","D","D","D",5,2,"#F9F8F6",FALSE,"Yuk! Ikutan acara *Sosialisasi Pendaftaran PPLN 2024* via Zoom yang akan diselenggarakan:

Rabu, 18 Januari 2023, pukul 19.30 CEST
Meeting ID: 891 8860 5744
Passcode: PPLN2024

Yang ingin tau lebih banyak tentang apa aja sih tugas Anggota Panitia Pemilu Luar Negeri 2024? Syarat untuk jadi anggotanya gimana ya?

Nah, makanya ikutan sosialisasinya ya<U+2026>! 

#inidiplomasi
#indonesianAustria 
#IndonesianSlovenia 
#Indonesien<U+00D6>sterreich
#indonesianinvienna 
#IndonesianinAustria
#PPIAustria
#PPISlovenia
#PPLN2024"
"3018532990400845173","Cnj-8MLo9V1","https://www.instagram.com/p/Cnj-8MLo9V1/","2023-01-18 15:55:34",2023,"inainvienna",TRUE,FALSE,"Video","clips","id",38,"D","D5","","R3-residual",0,0,0,"","","","upacara","D","D","D",13,3,"#010101",FALSE,"Pada Upacara Penutupan rangkaian KTT ASEAN ke-40 dan ke-41, Indonesia menerima estafet keketuaan ASEAN dari Kamboja dan secara resmi menjadi Ketua ASEAN 2023 dengan mengusung tema ""ASEAN Matters: Epicentrum of Growth""

Yuk kita simak Video Keketuaan Indonesia di ASEAN 2023

#ASEAN 
#ASEANMatters
#ASEANepicentrumofgrowth 
#IndonesiaketuaASEAN2023 
#IndonesiaASEAN2023
#inidiplomasi
#indonesianAustria 
#IndonesianSlovenia 
#Indonesien<U+00D6>sterreich
#indonesianinvienna 
#IndonesianinAustria
#PPIAustria
#PPISlovenia"
"3019060682306023039","Cnl27HkMu5_","https://www.instagram.com/p/Cnl27HkMu5_/","2023-01-19 09:21:40",2023,"inainvienna",TRUE,FALSE,"Image","feed","id",49,"D","D6","","R3-residual",0,0,0,"","","","","D","D","D",5,2,"#E8E6E6",FALSE,"Innalillahi wa inna ilaihi raji'un

Keluarga Besar KBRI/PTRI Wina
turut berduka cita atas wafatnya,
Bapak Muhammad Prakosa,
Duta Besar Indonesia untuk Italia, pada 17 Januari 2022, pukul 10.55 WS di Roma, Italia. 

Teriring doa semoga Almarhum Husnul Khotimah, diterima di sisi-Nya, dan keluarga yang ditinggalkan diberi ketabahan dan keikhlasan."
"3021130153316129022","CntNd4ooRj-","https://www.instagram.com/p/CntNd4ooRj-/","2023-01-22 05:54:01",2023,"inainvienna",TRUE,FALSE,"Video","clips","en",83,"A","A2","","max",2,0,0,"dance","","","","A","A","D",7,3,"#010000",FALSE,"Indonesian Embassy in cooperation with @weltmuseumwien invites you all to experience a glimpse of #ChineseNewYear celebration in Indonesia. 

In Indonesia Chinese New Year is known as #Imlek and just like the Western one, #ChineseNewYear swathed in traditions & rituals. Some of which will be presented at #WeltMuseumWien namely Barongsai (lion dance) and other Indonesian traditional dances performed by @gpn_wina. For foodies we will also show one of traditional dishes <U+201C>Yu Sheng<U+201D> that usually served on this special occasion. 

Curious much?? Join us today, Sunday 22 January 2022, from 2 pm, at Welt Museum Hall. 

#IndonesiaASEAN2023
#inidiplomasi
#indonesianAustria 
#IndonesianSlovenia 
#Indonesien<U+00D6>sterreich
#indonesianinvienna 
#IndonesianinAustria
#PPIAustria
#PPISlovenia
#ASEAN 
#ASEANMatters
#ASEANepicentrumofgrowth 
#IndonesiaketuaASEAN2023 
#Imlek2023
#ChineseNewYear2023"
"3021514985365035807","Cnuk97aM9sf","https://www.instagram.com/p/Cnuk97aM9sf/","2023-01-22 18:37:56",2023,"inainvienna",TRUE,FALSE,"Sidecar","carousel_container","id",119,"D","D3","","R6",0,0,0,"","","pemilihan umum","WNI; PPLN; pemilih","B","D","D",5,2,"#FDF4F1",FALSE,"Yth. Bapak dan Ibu WNI di Austria dan Slovenia,

Alhamdulillah per 22 Januari 2023 telah terlaksana proses seleksi administratif para calon anggota Panitia Pemilihan Umum Luar Negeri (PPLN) untuk Austria dan Slovenia.

Telah diterima Tim Seleksi pengajuan sebanyak 7 nama calon anggota PPLN dari teman-teman kita yang berdomisiili di kota Wina dan sekitarnya. 

Kepada para calon diucapkan terima kasih sudah mencalonkan diri untuk kepentingan kita semua <U+0001F64F>

Tahap berikutnya dari KPU adalah Tim Seleksi akan membuka kanal komunikasi dengan seluruh WNI di wilayah Austria dan Slovenia mulai tgl 22-24 Januari 2023, jika ada tanggapan dan masukan terkait para calon yang perlu perhatian Tim, dilanjutkan dengan periode wawancara para calon tgl 24-25 Januari 2023.

Semoga terpilih anggota PPLN yang terbaik untuk melayani WNI di Austria dan Slovenia.

#PPLN2024
#PPLN
#ASEAN 
#ASEANMatters
#ASEANepicentrumofgrowth 
#IndonesiaketuaASEAN2023 
#IndonesiaASEAN2023
#inidiplomasi
#indonesianAustria 
#IndonesianSlovenia 
#Indonesien<U+00D6>sterreich
#indonesianinvienna 
#IndonesianinAustria
#PPIAustria
#PPISlovenia"
"3024333776754888064","Cn4l4vdsM2A","https://www.instagram.com/p/Cn4l4vdsM2A/","2023-01-26 15:58:22",2023,"inainvienna",TRUE,FALSE,"Image","feed","en",23,"D","D6","","R3-residual",0,0,0,"","","","","D","D","D",7,3,"#2D0807",FALSE,"Indonesian Embassy in Vienna would like to congratulate H.E.Alexander Van der Bellen on today<U+2019>s inauguration as the President of the Republic of Austria. 

#ASEAN 
#ASEANMatters
#ASEANepicentrumofgrowth 
#IndonesiaketuaASEAN2023 
#IndonesiaASEAN2023
#inidiplomasi
#indonesianAustria 
#IndonesianSlovenia 
#Indonesien<U+00D6>sterreich
#indonesianinvienna 
#IndonesianinAustria
#PPIAustria
#PPISlovenia
#inaugurationofpresident"
"3024385801693763456","Cn4xtzdsReA","https://www.instagram.com/p/Cn4xtzdsReA/","2023-01-26 17:41:44",2023,"inainvienna",TRUE,FALSE,"Sidecar","carousel_container","id",70,"D","D3","","R3-residual",0,0,0,"","","","masyarakat indonesia; WNI; PPLN","D","D","D",5,2,"#FDFDFD",FALSE,"Yth. Bapak Ibu WNI di Austria dan Slovenia,

Dengan ini diinfokan bahwa seleksi wawancara calon anggota PPLN 2024 telah dilaksanakan secara daring pada tanggal 24-25 Januari 2023. 

KBRI/PTRI Wina telah mengusulkan 6 (enam) nama yang lolos seleksi wawancara kepada KPU untuk dipertimbangkan dan ditetapkan menjadi 3 (tiga) Anggota PPLN 2024 Austria dan Slovenia pada tanggal 28 - 30 Januari 2023 nanti.

Kami ucapkan terima kasih atas partisipasi dari seluruh calon dan dukungan dari masyarakat Indonesia di Austria dan Slovenia.

#PPLN2024
#PPLN
#ASEAN 
#ASEANMatters
#ASEANepicentrumofgrowth 
#IndonesiaketuaASEAN2023 
#IndonesiaASEAN2023
#inidiplomasi
#indonesianAustria 
#IndonesianSlovenia 
#Indonesien<U+00D6>sterreich
#indonesianinvienna 
#IndonesianinAustria
#PPIAustria
#PPISlovenia"
"3025121062745603996","Cn7Y5QrgP-c","https://www.instagram.com/p/Cn7Y5QrgP-c/","2023-01-27 18:16:50",2023,"inainvienna",TRUE,FALSE,"Video","clips","en",77,"D","D5","","R3-residual",1,0,0,"culture","","","imlek","D","A","D",7,3,"#BE2018",FALSE,"On the occasion of <U+201C>Imlek<U+201D> or Chinese New Year, Indonesian Embassy in cooperation with @weltmuseumwien and Austrian - Indonesian Society held a successful event at the Welt Museum Hall on the 22 January 2023. 

May the year of Rabbit bring you much luck with lots of opportunities, peace & longevity. 

Gong Xi Fa Cai!

Thank you for the continuous support of Welt Museum on promoting Indonesian cultures and thanks to everyone who are present to witness a glimpse of Indonesian Chinese New Year celebration! 

#Imlek2023
#chinesenewyear2023 
#Weltmuseum
#Weltmuseumwien
#ASEAN 
#ASEANMatters
#ASEANepicentrumofgrowth 
#IndonesiaketuaASEAN2023 
#IndonesiaASEAN2023
#inidiplomasi
#indonesianAustria 
#IndonesianSlovenia 
#Indonesien<U+00D6>sterreich
#indonesianinvienna 
#IndonesianinAustria
#PPIAustria
#PPISlovenia"
"3027289861368317484","CoDGBbzAAYs","https://www.instagram.com/p/CoDGBbzAAYs/","2023-01-30 17:58:57",2023,"inainvienna",TRUE,FALSE,"Video","clips","id",60,"D","D1","","R3-residual",0,0,0,"","","","resepsi; tahun baru","D","D","D",5,2,"#100302",FALSE,"Pada 30 Januari 2023, Dubes/Watap RI Wina, Bapak Dr. iur. Damos Dumoli Agusman beserta Ibu Ermita Sitorus, menghadiri acara Resepsi Diplomatik Tahun Baru atas undangan Presiden Slovenia, H.E. Natasa Pirc Musar, PhD dan Perdana Menteri Slovenia, H.E. Dr. Robert Golob. 

Acara berlangsung di Brdo Congress Centre, Ljubjana dan dihadiri Kepala Perwakilan Asing yang terakreditasi untuk Slovenia termasuk Duta Besar dari negara-negara ASEAN. 

#ASEAN 
#ASEANMatters
#ASEANepicentrumofgrowth 
#IndonesiaketuaASEAN2023 
#IndonesiaASEAN2023
#inidiplomasi
#indonesianAustria 
#IndonesianSlovenia 
#Indonesien<U+00D6>sterreich
#indonesianinvienna 
#IndonesianinAustria
#PPIAustria
#PPISlovenia"
"3029480681709247768","CoK4KEPMB0Y","https://www.instagram.com/p/CoK4KEPMB0Y/","2023-02-02 18:24:21",2023,"weltmuseumwien",FALSE,FALSE,"Sidecar","carousel_container","en",17,"D","D6","","R3-residual",0,0,0,"","","","","D","D","D",7,3,"#D3C9BA",FALSE,"Thank you to everyone who came to our #Imlek celebrations! <U+0001F9E7><U+0001F389> May you have a prosperous year of the rabbit. <U+0001F407>

#indonesia #imlek #chinesenewyear #yearoftherabbit #weltmuseum #museum #museumlover #celebrate #celebrations #vienna #wien #vienna_austria #viennagoforit #visitvienna #wienliebe #1000thingsinvienna #viennagram #museumwien #dragon #indonesian #culture"
"3029494600596408043","CoK7UnNg0br","https://www.instagram.com/p/CoK7UnNg0br/","2023-02-02 18:53:05",2023,"inainvienna",TRUE,FALSE,"Video","clips","id",61,"D","D3","","R6",0,0,0,"","","pemilu","PPLN; selamat","D","D","D",5,2,"#080708",FALSE,"Pada Kamis, 2 Februari 2023 di KBRI Wina, Duta Besar/Wakil Tetap RI Dr. iur. Damos Dumoli Agusman melantik 3 (tiga) Anggota PPLN untuk Pemilu 2024 di Austria dan Slovenia, antara lain Sdr. Kabul Kurniawan, Rehmadanta Sitepu dan Shahnaz Nabila Fuady.

Pelantikan dilakukan secara langsung dan disaksikan oleh perwakilan pejabat dan staff KBRI/PTRI Wina.

Kami ucapkan selamat bertugas kepada seluruh Anggota PPLN untuk Pemilu 2024! <U+0001F1EE><U+0001F1E9><U+0001F1E6><U+0001F1F9><U+0001F1F8><U+0001F1EE>

#PPLN2024
#PPLN
#ASEAN 
#ASEANMatters
#ASEANepicentrumofgrowth 
#IndonesiaketuaASEAN2023 
#IndonesiaASEAN2023
#inidiplomasi
#indonesianAustria 
#IndonesianSlovenia 
#Indonesien<U+00D6>sterreich
#indonesianinvienna 
#IndonesianinAustria
#PPIAustria
#PPISlovenia"
"3032315247177338866","CoU8qbDAY_y","https://www.instagram.com/p/CoU8qbDAY_y/","2023-02-06 16:22:55",2023,"inainvienna",TRUE,FALSE,"Video","clips","id",48,"D","D2","","R3-residual",1,0,0,"tari","","","diaspora; WNI","D","A","D",14,13,"#010000",FALSE,"Yuk! Ramaikan kegiatan promosi tari Poco-Poco di Welt Museum Wien. 

Hari/Tanggal: Selasa, 7 Februari 2023
Pukul: 17.30 (CEST) 
Tempat: Lobby Welt Museum

Kegiatan ini adalah kerjasama antara KBRI/PTRI Wina dengan Welt Museum dan Austrian - Indonesian Society. 

Bagi WNI dan Diaspora Indonesia yang berada di Austria, ditunggu kehadirannya ya<U+2026> <U+0001F64F><U+0001F3FC>

#inidiplomasi
#indonesianAustria 
#IndonesianSlovenia 
#Indonesien<U+00D6>sterreich
#indonesianinvienna 
#IndonesianinAustria
#weltmuseumwien 
#austrianindonesiansociety
#PPIAustria
#PPISlovenia
#ASEANMatters
#ASEANepicentrumofgrowth
#ASEAN2023
#IndonesiaKetuaASEAN2023
#Welmuseum
#Weltmuseumwien"
"3033695795175109399","CoZ2kCkAjMX","https://www.instagram.com/p/CoZ2kCkAjMX/","2023-02-08 14:13:43",2023,"inainvienna",TRUE,FALSE,"Video","clips","id",64,"D","D1","","R3-residual",1,0,1,"bali","","DPR","pertemuan","D","C","D",5,2,"#D3BC98",FALSE,"Pada 25 - 31 Januari 2023, Delegasi Universitas Ljubljana, Slovenia melakukan kunjungan ke Indonesia untuk dapat mengenal lebih jauh tentang Indonesia dan penjajakan kerja sama di bidang pendidikan. 

Delegasi Universitas melakukan rangkaian pertemuan antara lain dengan DPR RI, KADIN, UNPAD dan Common Room Networks Foundation di Bandung. 

Rencananya delegasi Universitas Ljubljana akan melakukan pertemuan dengan beberapa Universitas lainnya di Yogyakarta dan Bali sebelum kembali ke Slovenia pada 9 Februari 2023. 

#universityofljubljana 
#ASEAN 
#ASEANMatters
#ASEANepicentrumofgrowth 
#IndonesiaketuaASEAN2023 
#IndonesiaASEAN2023
#inidiplomasi
#indonesianAustria 
#IndonesianSlovenia 
#Indonesien<U+00D6>sterreich
#indonesianinvienna 
#IndonesianinAustria
#PPIAustria
#PPISlovenia"
"3037356335146634168","Com236Esou4","https://www.instagram.com/p/Com236Esou4/","2023-02-13 15:11:52",2023,"inainvienna",TRUE,FALSE,"Image","feed","id",52,"D","D3","","R6",0,0,0,"","","pemilu","PPLN; selamat","D","D","D",5,2,"#9B2121",FALSE,"Pada 12 Februari 2023, Ketua PPLN Wina, Sdr. Kabul Kurniawan, telah melantik secara daring, 2 (dua) orang PANTARLIH LN terpilih yaitu: Sdr. Wisnu Arfian A. Sudjarwo dan Fernando Siahaan. 

Acara pelantikan juga dihadiri oleh tim sekretariat PPLN Wina. 

Selamat kepada PANTARLIH LN Wina 2024. Kami ucapkan selamat bertugas. 

Untuk mendapatkan informasi tentang persiapan PEMILU 2024 jangan lupa follow @pplnwina2024 <U+0001F64F><U+0001F3FC>

#PPLN2024 
#PPLNWina2024
#PEMILU2024
#inidiplomasi
#ASEANMatters
#ASEANepicentrumofgrowth
#IndonesiaKetuaASEAN2023
#IndonesiainAustria
#IndonesiainSlovenia
#PPIAustria
#PPISlovenia"
"3037998269875651057","CopI1SYMIHx","https://www.instagram.com/p/CopI1SYMIHx/","2023-02-14 12:27:17",2023,"inainvienna",TRUE,FALSE,"Image","feed","en",71,"D","D6","","R3-residual",0,0,0,"","","","","D","D","D",7,3,"#FAEBCA",FALSE,"Dear Friends of Indonesia in
Austria and Slovenia,

Indonesian Language Online Course for
Summer Semester 2023 is around the corner.

Spread the words and tell your families and friends to join the Indonesian Language Course FREE of CHARGE!!

The class will start on the 1st of March 2023 and we have limited spots.

It's an online course!! Save your spot and get the Bahasa learning at your own convenient place.

Register now at: 
https://bit.ly/BIPA_Summer_2023

#Inidiplomasi #indonesianAustria #IndonesianSlovenia
#Indonesien<U+00F6>sterreich 
#diesediplomatie 
#indonesianinvienna
#IndonesianinAustria
#IndonesianCulturalinVienna #IndonesianCulturalinAustria
#ASEAN2023
#ASEANMatters
#ASEANEpicentrumofGrowth"
"3038705767319549160","CorpsuuAzTo","https://www.instagram.com/p/CorpsuuAzTo/","2023-02-15 12:13:22",2023,"inainvienna",TRUE,FALSE,"Video","clips","id",50,"D","D1","","R3-residual",0,0,0,"","","","resepsi; tahun baru","D","D","D",5,2,"#3F4438",FALSE,"Pada 14 Februari 2023, Duta Besar/Watap RI Wina, Dr. iur. Damos Dumoli Agusman beserta Ibu Ermita Sitorus, menghadiri Resepsi Diplomatik Tahun Baru atas undangan Presiden Austria, H.E. Van der Bellen.

Acara berlangsung di Hofburg Zeremoniensaal, Wina dan dihadiri oleh Kepala Perwakilan Asing lainnya yang terakreditasi untuk Austria dan Organisasi Internasional di Wina. 

#ASEAN 
#ASEANMatters
#ASEANepicentrumofgrowth 
#IndonesiaketuaASEAN2023 
#IndonesiaASEAN2023
#inidiplomasi
#indonesianAustria 
#IndonesianSlovenia 
#Indonesien<U+00D6>sterreich
#indonesianinvienna 
#IndonesianinAustria
#PPIAustria
#PPISlovenia"
"3040789789431316827","CozDjPjsEFb","https://www.instagram.com/p/CozDjPjsEFb/","2023-02-18 08:53:32",2023,"inainvienna",TRUE,FALSE,"Sidecar","carousel_container","id",34,"B","B1","","max",0,3,0,"","PDB; ekonomi indonesia","","","B","B","B",13,5,"#D22936",FALSE,"#Repost @asean_ri
<U+30FB><U+30FB><U+30FB>
Tau gak? Kalau Indonesia ternyata menduduki peringkat pertama sebagai negara dengan ekonomi terbesar di Asia Tenggara.

PDB yang dihasilkan Indonesia diperkirakan mencakup sepertiga total PDB ASEAN.

Ekonomi Indonesia sendiri diproyeksikan akan meningkat 5,3% pada tahun 2023.

#ASEANIndonesia2023
#ASEANmatters
#ASEANepicentrumofgrowth

#IndonesiaketuaASEAN2023 
#IndonesiaASEAN2023
#inidiplomasi
#indonesianAustria 
#IndonesianSlovenia 
#Indonesien<U+00D6>sterreich
#indonesianinvienna 
#IndonesianinAustria
#PPIAustria
#PPISlovenia"
"3043913845798103169","Co-J4PxsGiB","https://www.instagram.com/p/Co-J4PxsGiB/","2023-02-22 16:20:28",2023,"inainvienna",TRUE,FALSE,"Sidecar","carousel_container","id",171,"D","D3","","R6",0,0,0,"","","pemilu; pemilihan umum","masyarakat indonesia; WNI; lapor diri; PPLN; pemilih","D","D","D",5,2,"#9D1D1D",FALSE,"Dalam rangka persiapan menuju Pemilihan Umum 2024, dua orang Petugas Pemutakhiran Data Pemilih Luar Negeri (PANTARLIH) LN, Sdr. Fernando Siahaan dan Sdr. Wisnu Arfian akan melakukan pencocokan dan penelitian (COKLIT) kepada seluruh WNI di Austria dan Slovenia, mulai 12 Februari-14 Maret 2023.

Pantarlih LN akan melakukan COKLIT dengan beberapa cara:
1. Sinkronisasi data dengan database KBRI Wina
2. Menghubungi calon pemilih melalui kontak telepon, e-mail, website dan atau media sosial resmi PPLN Wina
3. Memanfaatkan kegiatan masyarakat IndonesiaKBRI atau tempat lainnya untuk coklit secara langsung
4. Mengirimkan surat konfirmasi (formulir model A) kepada masyarakat melalui pos atau e-mail sebagai tanda pendaftaran pemilih luar negeri

Bagi WNI yang baru datang, pindah alamat, melakukan pembaharuan kontak (email/telefon), ataupun sudah tidak berada di Austria dan Slovenia dan belum lapor diri, dapat menghubungi PANTARLIH LN ataupun Sekretariat PPLN melalui: 
email: pplnwina2024@kpu.go.id, Whatsapp: +436766073363 atau media sosial PPLN Wina: facebook PPLN Wina atau Instagram: @pplnwina2024 

PPLN Wina 2024 bersama PANTARLIH LN mengharapkan dukungan Bapak/Ibu seluruh WNI di Austria dan Slovenia untuk menyukseskan kegiatan COKLIT ini demi terciptanya basis data pemilih yang akurat untuk Pemilu 2024 mendatang. 

#PPLN2024
#PPLN
#ASEAN 
#ASEANMatters
#ASEANepicentrumofgrowth 
#IndonesiaketuaASEAN2023 
#IndonesiaASEAN2023
#inidiplomasi
#indonesianAustria 
#IndonesianSlovenia 
#Indonesien<U+00D6>sterreich
#indonesianinvienna 
#IndonesianinAustria
#PPIAustria
#PPISlovenia"
"3044467046747051946","CpAHqYTvZeq","https://www.instagram.com/p/CpAHqYTvZeq/","2023-02-23 10:41:06",2023,"pplnwina2024",FALSE,FALSE,"Video","clips","id",64,"D","D3","","R3-residual",0,0,0,"","","","WNI; PPLN","D","D","D",5,2,"#030102",FALSE,"Pada 22 Februari 2023, Duta Besar RI untuk Austria dan Slovenia, Dr. iur. Damos Dumoli Agusman beserta Ibu Ermita Sitorus, telah dicocokkan dan diteliti datanya oleh Pantarlih LN Wina. 
Kegiatan Coklit dilaksanakan di Wisma Duta Besar RI Wina, dihadiri oleh PPLN dan Sekretariat PPLN Wina, dan beberapa staf KBRI Wina.
Dubes menghimbau kepada seluruh WNI yang ada di Austria dan Slovenia untuk menyukseskan kegiatan Coklit ini."
"3048172301392549909","CpNSI7msBgV","https://www.instagram.com/p/CpNSI7msBgV/","2023-02-28 13:21:16",2023,"inainvienna",TRUE,FALSE,"Image","feed","id",32,"D","D1","","R3-residual",1,0,0,"bahasa indonesia","","","meeting","D","A","D",5,2,"#F6EACB",FALSE,"Yuk hadirin acara pembukaan kursus Bahasa Indonesia <U+201C>Summer Semester<U+201D> secara daring, yang akan diadakan pada: 

Hari/Tanggal: Rabu, 1 Maret 2023
Pukul: 13.00 CET/19.00 WIB (zoom akan dibuka mulai 12.30 CET/18.30WIB)

Join Zoom Meeting: 

https://us02web.zoom.us/j/81283194254?pwd=bFQxK2MxTGVJN3NZb1ZIT1FsdGxEUT09

Passcode: 01032023

#inidiplomasi 
#ASEANMatters
#IndonesiaKetuaASEAN2023
#ASEANepicentrumofGrowth
#BIPAKemdikbud
#BIPASummerSemester2023"
"3052498824736169354","Cpcp4Idsl2K","https://www.instagram.com/p/Cpcp4Idsl2K/","2023-03-06 12:37:17",2023,"inainvienna",TRUE,FALSE,"Image","feed","id",38,"D","D3","","R6",0,0,0,"","","pemilu","WNI; pemilih","D","D","D",5,2,"#F9F8F8",FALSE,"Kepada Bapak/Ibu WNI yang berdomisili di Austria dan Slovenia, diinfokan agar dapat melakukan Coklit mandiri untuk memeriksa data diri/mendaftarkan namanya sebagai Pemilih LN untuk Pemilu 2024 sebelum 14 Maret 2023 melalui link berikut: 

http://pplnwina.id/coklit

Untuk informasi lebih lanjut silahkan follow @pplnwina2024 

#PPLN2024
#PPLNwina
#inidiplomasi
#ASEANMatters
#ASEANEpicentrumofGrowth
#IndonesiaKetuaASEAN2023"
"3052646761718924840","CpdLg5hAMYo","https://www.instagram.com/p/CpdLg5hAMYo/","2023-03-06 17:34:04",2023,"inainvienna",TRUE,FALSE,"Video","clips","id",48,"D","D2","","R3-residual",1,0,0,"tari","","","diaspora; WNI","D","A","D",14,13,"#010000",FALSE,"Yuk! Ramaikan kegiatan promosi tari Poco-Poco di Weltmuseum Wien. 

Hari/Tanggal: Selasa, 7 Maret 2023
Pukul: 17.30 (CEST) 
Tempat: Lobby Welt Museum

Kegiatan ini adalah kerjasama antara KBRI/PTRI Wina dengan Friends of Weltmuseum dan Austrian - Indonesian Society. 

Bagi WNI dan Diaspora Indonesia yang berada di Austria, ditunggu kehadirannya ya<U+2026> <U+0001F64F><U+0001F3FC>

#inidiplomasi
#indonesianAustria 
#IndonesianSlovenia 
#Indonesien<U+00D6>sterreich
#indonesianinvienna 
#IndonesianinAustria
#weltmuseumwien 
#austrianindonesiansociety
#PPIAustria
#PPISlovenia
#ASEANMatters
#ASEANepicentrumofgrowth
#ASEAN2023
#IndonesiaKetuaASEAN2023
#Weltmuseumwien"
"3057734671978982052","CpvQXvMs-qk","https://www.instagram.com/p/CpvQXvMs-qk/","2023-03-13 17:59:59",2023,"inainvienna",TRUE,FALSE,"Image","feed","id",50,"D","D6","","R3-residual",0,0,0,"","","","","D","D","D",3,5,"#FBFDFD",FALSE,"#Repost @kemenkes_ri 

Udah pada tau gak sih! Kalau aplikasi PeduliLindungi telah bertransisi menjadi SATUSEHAT Mobile.

Sekarang fiturnya semakin lengkap dan mudah digunakan berkat pembaruan di beberapa fitur yang #GakCumaCOVID19.

Saat ini, tahap awal pembaruan baru dapat diakses oleh pengguna IOS, sementara untuk pengguna android akan menyusul dalam waktu dekat. 

Yuk update aplikasimu sekarang!! 

#SatuSehat
#ASEAN 
#ASEANMatters
#ASEANepicentrumofgrowth 
#IndonesiaketuaASEAN2023 
#IndonesiaASEAN2023
#inidiplomasi
#indonesianAustria 
#IndonesianSlovenia 
#Indonesien<U+00D6>sterreich
#indonesianinvienna 
#IndonesianinAustria
#PPIAustria
#PPISlovenia"
"3059121849381173188","Cp0Lx01ADfE","https://www.instagram.com/p/Cp0Lx01ADfE/","2023-03-15 16:12:30",2023,"inainvienna",TRUE,FALSE,"Video","clips","id",134,"A","A2","","max",2,0,0,"gamelan; musik","","","pertemuan; CND; PBB; sidang","A","A","D",5,2,"#BEBCC1",FALSE,"Pemri menghadiri Sidang Komisi Narkoba (Commission on Narcotics Drugs) Ke-66 di Wina, Austria, 13-17 Maret 2023. 

Ketua BNN, Komisaris Jenderal Polisi Dr. Petrus Richard Golose memimpin Delri dan telah menyampaikan pernyataan nasional Indonesia.

Indonesia sampaikan komitmen untuk mendorong upaya global pencegahan dan pemberantasan narkoba serta pencalonan Indonesia sebagai anggota CND periode 2024 <U+2013> 2027. 

Selama pagelaran Sesi Ke-66 Komisi Narkoba, Indonesia juga menyelenggarakan pameran di PBB yang menunjukkan sejumlah capaian Indonesia dalam pencegahan dan pemberantasan narkoba, termasuk sejumlah hasil dari progam alternative development. Pagelaran juga menampilkan musik khas Indonesia yakni Gamelan Jawa, yang ditampilkan oleh Pejabat dan Staf KBRI/PTRI Wina. 

Delri juga menyelenggarakan side event berjudul <U+201C>Professionalizing Drug Treatment Work Forces<U+201D> pada 14 Maret 2023.

Pada kesempatan yang sama, Delri juga telah menyelenggarakan berbagai pertemuan bilateral yang membahas upaya penguatan kerja sama dengan negara mitra dalam pencegahan dan pemberantasan narkoba.

#BNNRI
#inidiplomasi 
#ASEAN 
#ASEANMatters
#ASEANepicentrumofgrowth 
#IndonesiaketuaASEAN2023 
#IndonesiaASEAN2023
#indonesianAustria 
#IndonesianSlovenia 
#Indonesien<U+00D6>sterreich
#indonesianinvienna 
#IndonesianinAustria
#PPIAustria
#PPISlovenia"
"3059810543145587064","Cp2oXo4MBF4","https://www.instagram.com/p/Cp2oXo4MBF4/","2023-03-16 14:44:22",2023,"inainvienna",TRUE,FALSE,"Sidecar","carousel_container","en",55,"A","A2","","max",6,0,0,"visit; culture; art","","","","A","A","A",7,3,"#C81316",FALSE,"Indonesian Arts & Culture Scholarship is Back!! 

To all Friends of Indonesia in Austria and Slovenia, your chances to visit & to learn about Indonesian Arts & Culture is now open!! 

Make sure you apply by 27 March 2023, slide left to get the details. 

For further information visit: 
https://bit.ly/BSBI_KBRI_Wina 

Send your application form with the supporting documents to: 
Pensosbud.wina@kemlu.go.id

#IACS
#IACS2023
#BSBI
#BSBI2023
#ASEANMatters
#ASEANEpicentrumofGrowth
#IndonesiaKetuaASEAN2023
#PPIAustria
#PPISlovenia"
"3063458926518355968","CqDl6mrIEgA","https://www.instagram.com/p/CqDl6mrIEgA/","2023-03-21 15:33:03",2023,"inainvienna",TRUE,FALSE,"Image","feed","en",115,"A","A1","","max",4,0,0,"bali; travel; holiday","","","consular; nyepi","A","A","A",7,3,"#261D14",FALSE,"In observance of Balinese <U+201C>Day of Silent<U+201D>, Embassy of Indonesia in Vienna
will be closed on 22 - 23 March 2023. 

The Embassy will resume all consular services on Friday, 24 March 2023. 

Balinese <U+201C>Day of Silent<U+201D> or known as Nyepi is a celebration mainly celebrated in Bali but it is a public holiday in Indonesia. 

Nyepi is a day of silence, fasting and meditation for the Balinese and primarily a Hindu holiday. It<U+2019>s also a day reserved for self-reflection, and anything that might interfere with that purpose is restricted. 

The main restrictions are no lighting fires, no working, no entertainment or pleasure, no traveling and for some no talking or eating at all. Non-Hindu residents and tourists are NOT exempt from the restrictions. 

#ASEANMatters
#ASEANEpicentrumofGrowth
#IndonesiaKetuaASEAN2023
#Nyepi2023
#inidiplomasi
#indonesianAustria 
#IndonesianSlovenia 
#Indonesien<U+00D6>sterreich
#indonesianinvienna 
#IndonesianinAustria"
"3064660341036170988","CqH3FfIsD7s","https://www.instagram.com/p/CqH3FfIsD7s/","2023-03-23 07:20:03",2023,"inainvienna",TRUE,FALSE,"Image","feed","unknown",15,"D","D5","","R3-residual",0,0,0,"","","","selamat","D","D","D",10,4,"#0F301A",FALSE,"Keluarga BesarKBRI/PTRI Wina, mengucapkan: 

Selamat menunaikan ibadah Puasa 1444H, kepada seluruh umat muslim. 

Ramadan Mubarak! 

#ASEANMatters
#ASEANEpicentrumofGrowth
#IndonesiaKetuaASEAN2023
#inidiplomasi
#indonesianAustria 
#IndonesianSlovenia 
#Indonesien<U+00D6>sterreich
#indonesianinvienna 
#IndonesianinAustria"
"3065508230282185181","CqK335iAYnd","https://www.instagram.com/p/CqK335iAYnd/","2023-03-24 11:30:22",2023,"inainvienna",TRUE,FALSE,"Video","clips","id",87,"D","D4","","R3-residual",0,0,0,"","","","pertemuan; mahasiswa; UNOOSA; statement; PBB; sidang","A","D","D",5,2,"#1A346B",FALSE,"Pada pertemuan UNCOPUOS, 23 Maret 2023, yang bahas penerapan hukum internasional dalam kegiatan satelit kecil, Indonesia  sampaikan keberhasilan peluncuran satelit nano pertama buatan mahasiswa Indonesia yang diluncurkan pada 6 Januari 2023 (Surya Satellite-1/SS-1) yang didukung JAXA (Jepang) dan UNOOSA. 

Selain itu, dalam statement yang dibacakan Kuasa Usaha Sementara KBRI/PTRI Wina, A. Alfiano Tamala, Indonesia juga tekankan pentingnya pengaturan internasional pengoperasian satelit mikro, mengingat permintaan dan pengembangan satelit ini semakin meluas. 

Sidang Sesi ke-62 Legal Subcommittee Komite tentang Penggunaan Antariksa Secara Damai PBB (UNCOPUOS), berlangsung 2 minggu di Wina, dari  tanggal 20-31 Maret 2023.

#UNCOPOUS
#ViennaInternationalCenter
#ASEAN 
#ASEANMatters
#ASEANepicentrumofgrowth 
#IndonesiaketuaASEAN2023 
#IndonesiaASEAN2023
#inidiplomasi
#indonesianAustria 
#IndonesianSlovenia 
#Indonesien<U+00D6>sterreich
#indonesianinvienna 
#IndonesianinAustria
#PPIAustria
#PPISlovenia"
"3073458557623021898","CqnHkY3ATFK","https://www.instagram.com/p/CqnHkY3ATFK/","2023-04-04 10:41:57",2023,"inainvienna",TRUE,FALSE,"Video","clips","id",48,"D","D2","","R3-residual",1,0,0,"tari","","","diaspora; WNI","D","A","D",14,13,"#2E0403",FALSE,"Yuk! Ramaikan kegiatan promosi tari Poco-Poco di Weltmuseum Wien. 

Hari/Tanggal: Selasa, 4 April 2023
Pukul: 17.30 (CEST) 
Tempat: Lobby Weltmuseum Wien

Kegiatan ini adalah kerjasama antara KBRI/PTRI Wina dengan Friends of Weltmuseum dan Austrian - Indonesian Society. 

Bagi WNI dan Diaspora Indonesia yang berada di Austria, ditunggu kehadirannya ya<U+2026> <U+0001F64F><U+0001F3FC>

#inidiplomasi
#indonesianAustria 
#IndonesianSlovenia 
#Indonesien<U+00D6>sterreich
#indonesianinvienna 
#IndonesianinAustria
#weltmuseumwien 
#austrianindonesiansociety
#PPIAustria
#PPISlovenia
#ASEANMatters
#ASEANepicentrumofgrowth
#ASEAN2023
#IndonesiaKetuaASEAN2023
#Weltmuseumwien"
"3075855139814416228","CqvofP9Mp9k","https://www.instagram.com/p/CqvofP9Mp9k/","2023-04-07 18:02:07",2023,"inainvienna",TRUE,FALSE,"Image","feed","unknown",11,"D","D5","","R3-residual",0,0,0,"","","","selamat","D","D","D",10,4,"#619A2D",FALSE,"Keluarga BesarKBRI/PTRI Wina, mengucapkan: 

Selamat Paskah 2023, kepada seluruh umat Kristen. 

#ASEANMatters
#ASEANEpicentrumofGrowth
#IndonesiaKetuaASEAN2023
#Paskah2023
#inidiplomasi
#indonesianAustria 
#IndonesianSlovenia 
#Indonesien<U+00D6>sterreich
#indonesianinvienna 
#IndonesianinAustria"
"3084636365379580655","CrO1G5js7Lv","https://www.instagram.com/p/CrO1G5js7Lv/","2023-04-19 20:48:51",2023,"inainvienna",TRUE,FALSE,"Image","feed","id",32,"D","D6","","R3-residual",0,0,0,"","","","","D","D","D",15,2,"#FEFEFD",FALSE,"Dalam rangka hari libur Idul Fitri 1444 H maka KBRI/PTRI Wina dan Pelayanan Kekonsuleran tutup pada hari Rabu, 19 April 2023 sampai dengan Selasa, 25 April 2023.
Untuk keperluan darurat selama hari libur tersebut, silahkan menghubungi Hotline: +436763401946. 

#inidiplomasi
#IdulFitri
#IdulFitri2023
#ASEANMatters
#ASEANEpicentrumofGrowth
#IndonesiaKetuaASEAN2023"
"3084695923614535209","CrPCplfI84p","https://www.instagram.com/p/CrPCplfI84p/","2023-04-19 22:47:11",2023,"inainvienna",TRUE,FALSE,"Image","feed","id",63,"D","D2","","R3-residual",0,0,0,"","","","diaspora; WNI","D","D","D",15,2,"#0A316F",FALSE,"Informasi Pelaksanaan Sholat Idul Fitri & Halal Bihalal

Sholat Idul Fitri 1444 H akan berlangsung di KBRI/PTRI Wina dan terbuka untuk seluruh WNI/Diaspora yang berada di Austria dan Slovenia.

Berikut ketentuan mengikuti sholat Idul Fitri: 
1. Tidak ada pendaftaran
Dimohon membawa peralatan ibadah (mukenah/sajadah) dan wadah alas kaki masing-masing.
2. Sudah berwudhu dari rumah.
3. Setelah sholat Idul Fitri berlangsung akan dilanjutkan dengan halal bihalal. 

#inidiplomasi
#IdulFitri
#IdulFitri2023
#ASEANMatters
#ASEANEpicentrumofGrowth
#IndonesiaKetuaASEAN2023"
"3085656582799814310","CrSdFBEoO6m","https://www.instagram.com/p/CrSdFBEoO6m/","2023-04-21 06:36:09",2023,"inainvienna",TRUE,FALSE,"Video","igtv","unknown",8,"D","D6","","R3-residual",0,0,0,"","","","","D","D","D",15,2,"#33312A",FALSE,"Suasana Sholat Idul Fitri di KBRI/PTRI Wina.

#Idulfitri
#Idulfitri2023
#SholatIdulFitri"
"3086721826492176484","CrWPSWkgthk","https://www.instagram.com/p/CrWPSWkgthk/","2023-04-22 17:59:28",2023,"inainvienna",TRUE,FALSE,"Video","clips","id",29,"D","D5","","R3-residual",0,0,0,"","","","selamat hari raya; selamat","D","D","D",10,4,"#E0DEDE",FALSE,"Duta Besar/Wakil Tetap RI Wina, Bapak @damos.agusman dan segenap keluarga besar KBRI/PTRI Wina mengucapkan Selamat Hari Raya Idul Fitri 1444H.

Minal Aidin Wal Faizin mohon maaf lahir dan batin.

#IniDiplomasi
#Idulfitri
#IdulFitri2023
#ASEANMatters
#ASEANEpicentrumofgrowth
#IndonesiaKetuaASEAN2023"
"3086936147132274160","CrXABIOIdXw","https://www.instagram.com/p/CrXABIOIdXw/","2023-04-23 01:13:02",2023,"inainvienna",TRUE,FALSE,"Video","clips","id",68,"D","D1","","R3-residual",0,0,0,"","","","bertemu; sidang","D","D","D",5,2,"#7A4629",FALSE,"Dalam rangka perayaan hari Idul Fitri 1444H, KBRI/PTRI Wina mempersembahkan, lagu <U+201C>Bertemu lagi Ramadan<U+201D> ciptaan DCM KBRI/PTRI Wina, Bapak A. Alfiano Tamala, dengan video klip yang diperankan oleh seluruh Home Staff dan Local Staff KBRI/PTRI Wina. 

Video klip menggambarkan suasana berpuasa ditengah kesibukan menghadiri sidang di Vienna International Centre yang dikemas dengan nuansa menghibur. 

Lagu & Video klip untuk pertama kalinya diunggah di media sosial KBRI/PTRI Wina. 

#inidiplomasi
#IdulFitri
#IdulFitri2023
#IdulFitri1444H"
"3093801514653830398","CrvZBX-gcz-","https://www.instagram.com/p/CrvZBX-gcz-/","2023-05-02 12:20:36",2023,"inainvienna",TRUE,FALSE,"Video","clips","id",49,"D","D2","","R3-residual",1,0,0,"tari","","","diaspora; WNI","D","A","D",14,13,"#230101",FALSE,"Yuk! Ramaikan kegiatan promosi tari Poco-Poco di Weltmuseum Wien. 

Hari/Tanggal: Selasa, 2 Mei 2023
Pukul: 17.30 (CEST) 
Tempat: Lobby Weltmuseum Wien

Kegiatan ini adalah kerjasama antara KBRI/PTRI Wina dengan Friends of Weltmuseum Wien dan Austrian - Indonesian Society. 

Bagi WNI dan Diaspora Indonesia yang berada di Austria, ditunggu kehadirannya ya<U+2026> <U+0001F64F><U+0001F3FC>

#inidiplomasi
#indonesianAustria 
#IndonesianSlovenia 
#Indonesien<U+00D6>sterreich
#indonesianinvienna 
#IndonesianinAustria
#weltmuseumwien 
#austrianindonesiansociety
#PPIAustria
#PPISlovenia
#ASEANMatters
#ASEANepicentrumofgrowth
#ASEAN2023
#IndonesiaKetuaASEAN2023
#Weltmuseumwien"
"3096252175530344021","Cr4GPLxhD5V","https://www.instagram.com/p/Cr4GPLxhD5V/","2023-05-05 21:27:23",2023,"inainvienna",TRUE,FALSE,"Image","feed","id",36,"D","D6","","R3-residual",0,1,0,"","investasi","","","D","B","D",5,2,"#072442",FALSE,"Gabung yuks! Kuliah Umum Hukum Investasi, Penyelesaian Sengketa Arbitrase dan Mediasi kerja sama UNCITRAL, FH UNPAD dan KBRI/PTRI Wina, 
Pada hari Kamis, 11 Mei 2023, pukul 13.30 - 15.30 WIB. 

Pendafataran pada link:
https://bit.ly/uncitral-unpad

Kuliah umum ini terbuka untuk umum loh!! 

#inidiplomasi
#ASEANMatters
#ASEANEpicentrumofGrowth
#IndonesiaKetuaASEAN2023
#KuliahUmumFHJNPAD
#FHUNPAD"
"3097534192125155777","Cr8pu-xPxnB","https://www.instagram.com/p/Cr8pu-xPxnB/","2023-05-07 15:54:32",2023,"inainvienna",TRUE,FALSE,"Image","feed","id",57,"D","D3","","R6",0,0,0,"","","persyaratan","WNI; konsuler","D","D","D",6,2,"#D0D5E6",FALSE,"Layanan WARUNG KONSULER akan hadir di kota INNSBRUCK!! 

KBRI/PTRI Wina akan mengadakan layanan *WARUNG KONSULER* di kota INNSBRUCK pada;

Hari: Sabtu-Minggu
Tanggal: 13-14 Mei 2023
Tempat: Hotel Grauer B<U+00E4>r

Bagi Bapak dan Ibu WNI di Austria dan Slovenia yang memerlukan layanan kekonsuleran di kota Innsbruck, silahkan melakukan RSVP (Wajib) terlebih dahulu melalui link: 
bit.ly/Warkon2023

Persyaratan dokumen dengan link: 
bit.ly/DOCSWARKON2023

#inidiplomasi 
#warungkonsuler
#warungkonsulerkbriwina
#ASEANMatters
#ASEANEpicentrumofGrowth"
"3098744249479341986","CsA83ogACei","https://www.instagram.com/p/CsA83ogACei/","2023-05-09 08:02:57",2023,"inainvienna",TRUE,FALSE,"Video","clips","id",71,"D","D6","","R3-residual",0,0,0,"","","","","D","D","D",13,15,"#3A3A3A",FALSE,"Perdana Menteri Timor-Leste, Taur Matan Ruak dipastikan akan hadir dan berpartisipasi dalam KTT ke-42 ASEAN 2023 dengan status pengamat. Kehadiran tersebut istimewa karena pertama kalinya dalam sejarah dan menegaskan komitmen Indonesia dalam mendorong Timor-Leste bergabung sebagai anggota ASEAN.

Indonesia juga telah memberikan beberapa program bantuan peningkatan kapasitas Aparatur Sipil Negara bagi Timor-Leste.

Ingin tahu lebih banyak mengenai ASEAN dan Keketuaan ASEAN Indonesia 2023? Yuk baca ASEANpedia yang dapat diakses melalui https://s.id/aseanpedia

#ASEAN2023
#ASEANIndonesia2023
#IndonesiaKetuaASEAN
#IndonesiauntukASEAN
#ASEANMatters
#EpicentrumofGrowth"
"3098777784995058929","CsBEfo4gJTx","https://www.instagram.com/p/CsBEfo4gJTx/","2023-05-09 09:05:34",2023,"inainvienna",TRUE,FALSE,"Video","clips","en",11,"D","D6","","R3-residual",1,0,0,"labuan bajo","","","","D","A","D",13,3,"#708787",FALSE,"Labuan Bajo is ready to Welcome the 42nd ASEAN Summit 2023 Delegates

#ASEAN2023
#ASEANIndonesia2023
#IndonesiaKetuaASEAN
#IndonesiauntukASEAN
#ASEANMatters#WonderfulIndonesia
#Indonesiatravel
#EpicentrumofGrowth"
"3098794510839279577","CsBITCCgW_Z","https://www.instagram.com/p/CsBITCCgW_Z/","2023-05-09 09:42:18",2023,"inainvienna",TRUE,FALSE,"Video","clips","id",10,"D","D6","","R3-residual",1,0,0,"labuan bajo","","","","D","A","D",13,3,"#436F72",FALSE,"Satu Hari menjelang ASEAN Summit ke 42 tahun 2023 di Labuan Bajo.

#ASEAN2023
#ASEANIndonesia2023
#IndonesiaKetuaASEAN
#IndonesiauntukASEAN
#ASEANMatters#WonderfulIndonesia
#Indonesiatravel
#EpicentrumofGrowth"
"3098823926788432096","CsBO_FxtKDg","https://www.instagram.com/p/CsBO_FxtKDg/","2023-05-09 10:37:00",2023,"inainvienna",TRUE,FALSE,"Sidecar","carousel_container","id",100,"A","A1","","max",4,0,0,"komodo","","","","A","A","A",13,15,"#262728",FALSE,"Bandara Komodo menjadi pintu masuk utama bagi para delegasi kenegaraan Konferensi Tingkat Tinggi (KTT) ke-42 ASEAN 2023. Bandara yang berlokasi di Nusa Tenggara Timur ini memiliki ciri khas bentuk bangunan yang menyerupai hewan endemik Indonesia yaitu Komodo.
Pemerintah melalui Kementerian Perhubungan RI, Bandara Komodo siap melayani penerbangan VVIP dan komersial, serta jadi tempat pendaratan pesawat delegasi peserta KTT ke-42 ASEAN 2023. Bandara Komodo memiliki panjang landasan pacu sebesar 2.650 dan lebar 45 meter, serta terminal penumpang Luas seluas 13.366 m2. Saat ini bandara sudah dapat melayani pesawat tipe A320 dan B738. Ingin tahu lebih banyak mengenai ASEAN dan Keketuaan ASEAN Indonesia 2023? Yuk baca ASEANpedia yang dapat diakses melalui https://s.id/aseanpedia

#ASEAN2023
#ASEANIndonesia2023
#IndonesiaKetuaASEAN
#IndonesiauntukASEAN
#ASEANMatters
#EpicentrumofGrowth"
"3098916585968466591","CsBkDdXN3qf","https://www.instagram.com/p/CsBkDdXN3qf/","2023-05-09 13:41:06",2023,"inainvienna",TRUE,FALSE,"Sidecar","carousel_container","id",98,"D","D6","","R3-residual",0,0,0,"","","","","D","D","D",13,15,"#4E7BBD",FALSE,"Keketuaan Indonesia pada Perhimpunan Bangsa-Bangsa Asia Tenggara (ASEAN) berada pada titik sejarah yang penting. Asia Tenggara sebagai salah satu dari sedikit titik pertumbuhan dunia menjadi kawasan yang penting untuk membantu pemulihan global.

Karena itu, Konferensi Tingkat Tinggi (KTT) ASEAN 2023 harus bisa menerjemahkan ASEAN Outlook on Indo-Pacific.

<U+201C>Termasuk dalam kerja sama-kerja sama yang konkret dan berdampak pada sentralitas ASEAN di Indo-Pasifik,"" <U+2013> ungkap Shofwan Al Banna Choiruzzad, Sekretaris Eksekutif Pusat Studi ASEAN Fakultas Ilmu Sosial dan Ilmu Politik UI

Ingin tahu lebih banyak mengenai ASEAN dan Keketuaan ASEAN Indonesia 2023? Yuk baca ASEANpedia yang dapat diakses melalui https://s.id/aseanpedia

#ASEAN2023
#ASEANIndonesia2023
#IndonesiaKetuaASEAN
#IndonesiauntukASEAN
#ASEANMatters
#EpicentrumofGrowth"
"3098943473143044123","CsBqKt_tNgb","https://www.instagram.com/p/CsBqKt_tNgb/","2023-05-09 14:34:31",2023,"inainvienna",TRUE,FALSE,"Sidecar","carousel_container","id",117,"A","A1","","max",6,0,0,"pantai; bali; labuan bajo; komodo; budaya","","","pertemuan","A","A","A",13,3,"#243A56",FALSE,"Serba-serbi KTT ke-42 ASEAN 2023

Labuan Bajo menjadi tuan rumah perhelatan Konferensi Tingkat Tinggi ( KTT ) ASEAN 2023 atau ASEAN Summit ke-42 yang akan berlangsung pada 9-11 Mei 2023.

Ini menandai ke lima kalinya Indonesia menjadi penyelenggara.
KTT ASEAN merupakan pertemuan antara kepala negara dan pemerintatahan dari negara-negara anggota ASEAN dalam hubungannya dengan perkembangan ekonomi dan budaya antara negara ASEAN. KTT ASEAN pertama kali dilaksanakan di Bali pada 23-24 Februari 1976
Selain Indonesia sebagai tuan rumah, KTT ASEAN 2023 akan dihadiri negara anggota ASEAN lainnya yaitu, Malaysia, Singapura, Thailand, Filipina, Brunei Darussalam, Vietnam, Kamboja, Laos dan Myanmar

Lokasi yang akan menjadi venue KTT ASEAN 2023 di Labuan Bajo diantaranya:
1.	Waterfront Pantai Marina
2.	Creative Hub Puncak Waringin 
3.	Hotel Meruorah, Hotel Ayana 
 Komodo dan Sudamala Resort

#ASEAN2023
#ASEANIndonesia2023
#IndonesiaKetuaASEAN
#IndonesiauntukASEAN
#ASEANMatters #WonderfulIndonesia
#Indonesiatravel
#EpicentrumofGrowth"
"3098958395310659759","CsBtj3WNNiv","https://www.instagram.com/p/CsBtj3WNNiv/","2023-05-09 15:04:10",2023,"inainvienna",TRUE,FALSE,"Sidecar","carousel_container","unknown",3,"D","D6","","R3-residual",0,0,0,"","","","","D","D","D",13,3,"#C0C0C0",FALSE,"ASEAN Summit member

#ASEAN2023
#ASEANIndonesia2023
#IndonesiaKetuaASEAN
#IndonesiauntukASEAN
#ASEANMatters#WonderfulIndonesia
#Indonesiatravel
#EpicentrumofGrowth"
"3099107215144012274","CsCPZengkny","https://www.instagram.com/p/CsCPZengkny/","2023-05-09 20:00:28",2023,"inainvienna",TRUE,FALSE,"Video","clips","id",82,"B","B3","","max",1,5,0,"labuan bajo","produk; UMKM; kualitas","","","B","B","B",13,15,"#010101",FALSE,"Sebanyak 10 pelaku usaha mikro kecil dan menengah (UMKM) terbaik akan memamerkan produknya di gelaran KTT ke-42 ASEAN 2023 di Labuan Bajo, Manggarai Barat, Nusa Tenggara Timur (NTT) pada 9 hingga 11 Mei mendatang.

Kehadiran acara internasional akan semakin menumbuhkan rasa percaya diri para pelaku usaha dan perajin untuk meningkatkan kualitas produknya. Dukungan dari pemerintah Indonesia dalam memfasilitasi UMKM mampu memberikan semangat dan optimistis pelaku usaha untuk naik kelas.

Ingin tahu lebih banyak mengenai ASEAN dan Keketuaan ASEAN Indonesia 2023? Yuk baca ASEANpedia yang dapat diakses melalui https://s.id/aseanpedia

#ASEAN2023
#ASEANIndonesia2023
#IndonesiaKetuaASEAN
#IndonesiauntukASEAN
#ASEANMatters
#EpicentrumofGrowth"
"3099444184428556211","CsDcBBuA6-z","https://www.instagram.com/p/CsDcBBuA6-z/","2023-05-10 07:09:46",2023,"inainvienna",TRUE,FALSE,"Video","clips","id",70,"B","B2","","max",0,2,0,"","perdagangan","","WNI","B","B","D",13,15,"#912C65",FALSE,"Presiden RI Joko Widodo dalam konferensi pers Senin, 8 Mei 2023 menyampaikan isu-isu prioritas Indonesia terkait perdagangan manusia dan isu Myanmar yang akan dibahas lebih lanjut dalam KTT Ke-42 ASEAN 2023.

Salah satu yang Indonesia usung untuk dibahas dalam KTT ASEAN adalah pemberantasan perdagangan manusia, karena korbannya adalah rakyat ASEAN dan sebagai besar merupakan WNI. 

Ingin tahu lebih banyak mengenai ASEAN dan Keketuaan ASEAN Indonesia 2023? Yuk baca ASEANpedia yang dapat diakses melalui https://s.id/aseanpedia

#ASEAN2023
#ASEANIndonesia2023
#IndonesiaKetuaASEAN
#IndonesiauntukASEAN
#ASEANMatters
#EpicentrumofGrowth"
"3099658089159345585","CsEMpwBgkWx","https://www.instagram.com/p/CsEMpwBgkWx/","2023-05-10 14:14:51",2023,"inainvienna",TRUE,FALSE,"Video","clips","id",81,"D","D6","","R3-residual",0,1,0,"","pertumbuhan ekonomi","","","D","B","D",13,15,"#544E41",FALSE,"Indonesia memastikan akan mengawal capaian-capaian tiga pilar utama dalam Keketuaannya di ASEAN 2023, demikian ditegaskan Juru Bicara Kementerian Luar Negeri - Teuku Faizasyah.

Melalui tema Keketuaan ASEAN yaitu: <U+201C>ASEAN Matters: Epicentrum of Growth"", Indonesia bertekad mengarahkan kerja sama ASEAN tahun 2023 untuk melanjutkan dan memperkuat relevansi ASEAN dalam merespon tantangan kawasan dan global, serta memperkuat posisi ASEAN sebagai pusat pertumbuhan ekonomi kawasan, untuk kemakmuran rakyat ASEAN.

Ingin tahu lebih banyak mengenai ASEAN dan Keketuaan ASEAN Indonesia 2023? Yuk baca ASEANpedia yang dapat diakses melalui https://s.id/aseanpedia

#ASEAN2023
#ASEANIndonesia2023
#IndonesiaKetuaASEAN
#IndonesiauntukASEAN
#ASEANMatters
#EpicentrumofGrowth"
"3099698915063187870","CsEV72HAUme","https://www.instagram.com/p/CsEV72HAUme/","2023-05-10 15:36:23",2023,"inainvienna",TRUE,FALSE,"Video","clips","id",97,"A","A1","B","max",5,4,0,"destinasi; pantai; pulau; labuan bajo","produk; UMKM; SME","","","A","A","A",13,15,"#956C46",FALSE,"Aneka hidangan laut akan menjadi suguhan bagi para delegasi KTT ke-42 ASEAN 2023. Hidangan laut akan diolah oleh Chef Arnold Purnomo bersama timnya. Hidangan tersebut merepresentasikan Labuan Bajo sebagai destinasi yang terkenal dengan keunikan sumber daya maritim seperti pantai dan pulau-pulau kecilnya.

Indonesia juga akan menggelar program khusus, yakni SME's Hub dengan dukungan dari BUMN serta pelaku UMKM untuk menjajakan produknya. Tersedia 50 stan pameran di berbagai titik,rinciannya 10 stan menjajakan makanan, dan sisanya menawarkan aneka produk kerajinan tangan khas daerah. 

Ingin tahu lebih banyak mengenai ASEAN dan Keketuaan ASEAN Indonesia 2023? Yuk baca ASEANpedia yang dapat diakses melalui https://s.id/aseanpedia

#ASEAN2023
#ASEANIndonesia2023
#IndonesiaKetuaASEAN
#IndonesiauntukASEAN
#ASEANMatters
#EpicentrumofGrowth"
"3100158691958063983","CsF-eetgANv","https://www.instagram.com/p/CsF-eetgANv/","2023-05-11 06:49:48",2023,"inainvienna",TRUE,FALSE,"Video","clips","id",43,"A","A1","","max",2,0,0,"labuan bajo; komodo","","","pertemuan","A","A","D",13,15,"#B3C1C7",FALSE,"Presiden RI Joko Widodo secara resmi membuka rangkaian pertemuan puncak Konferensi Tingkat Tinggi ke-42 ASEAN 2023, Rabu, 10 Mei 2023 di Hotel Meurorah Komodo, Labuan Bajo, Nusa Tenggara Timur.

Ingin tahu lebih banyak mengenai ASEAN dan Keketuaan ASEAN Indonesia 2023? Yuk baca ASEANpedia yang dapat diakses melalui https://s.id/aseanpedia

#ASEAN2023
#ASEANIndonesia2023
#IndonesiaKetuaASEAN
#IndonesiauntukASEAN
#ASEANMatters
#EpicentrumofGrowth"
"3100201585888886326","CsGIOqzAn42","https://www.instagram.com/p/CsGIOqzAn42/","2023-05-11 08:15:04",2023,"inainvienna",TRUE,FALSE,"Video","clips","id",65,"A","A1","","max",3,0,0,"labuan bajo; komodo; beach","","","pertemuan","A","A","A",13,15,"#6C787D",FALSE,"Pada hari pertama KTT ke-42 ASEAN Presiden Joko Widodi memimpin 5 rangkaian
pertemuan yang akan berlangsung di Hotel Meruorah, Labuan Bajo.
Lima rangkaian pertemuan KTT ASEAN itu, akan ditutup secara langsung oleh
Presiden Joko Widodo pada waktu malam hari bertepatan dengan kegiatan
Welcoming Dinner di Ayana Komodo Waecicu Beach.
Ingin tahu lebih banyak mengenai ASEAN dan Keketuaan ASEAN Indonesia 2023? Yuk
baca ASEANpedia yang dapat diakses melalui https://s.id/aseanpedia
#ASEAN2023
#ASEANIndonesia2023
#IndonesiaKetuaASEAN
#IndonesiauntukASEAN
#ASEANMatters
#EpicentrumofGrowth"
"3100207262899475917","CsGJhR7NZXN","https://www.instagram.com/p/CsGJhR7NZXN/","2023-05-11 08:25:27",2023,"inainvienna",TRUE,FALSE,"Image","feed","id",96,"D","D6","","R3-residual",1,0,0,"labuan bajo","","","","D","A","D",13,15,"#3F3030",FALSE,"Presiden Republik Indonesia Joko Widodo (Jokowi) membicarakan dinamika global yang
menurutnya semakin tidak terprediksi saat ini. Hal itu disampaikan saat membuka KTT ke-
42 ASEAN, di Hotel Meruorah, Labuan Bajo, Nusa Tenggara Timur (NTT), Rabu
(10/5/2023).
Presiden RI Joko Widodo lantas mengajak negara-negara ASEAN untuk tak tinggal diam
menghadapi tantangan global tersebut.
Indonesia meyakini ASEAN bisa menghadapi segala tantangan yang. Dia lantas
menekankan pentingnya persatuan negara ASEAN. Indonesia yakin ASEAN mampu
menjadi pemain sentral untuk membawa pertumbuhan dan perdamaian dunia.
Ingin tahu lebih banyak mengenai ASEAN dan Keketuaan ASEAN Indonesia 2023? Yuk
baca ASEANpedia yang dapat diakses melalui https://s.id/aseanpedia
#ASEAN2023
#ASEANIndonesia2023
#IndonesiaKetuaASEAN
#IndonesiauntukASEAN
#ASEANMatters
#EpicentrumofGrowth"
"3100214606245126401","CsGLMI8t-EB","https://www.instagram.com/p/CsGLMI8t-EB/","2023-05-11 08:40:02",2023,"inainvienna",TRUE,FALSE,"Image","feed","id",74,"D","D6","","R3-residual",0,0,0,"","","","","D","D","D",13,15,"#FDFDFD",FALSE,"Presiden Republik Indonesia Joko Widodo (Jokowi) meyakini ASEAN mampu mengatasi
dinamika dunia dengan adanya persatuan. Menurutnya, dengan persatuan ASEAN akan
mampu menjadi pemain sentral dalam membawa perdamaian dan pertumbuhan.
Indonesia meyakini bahwa ASEAN punya aset kuat sebagai epicentrum of growth.
Pasalnya, ekonomi ASEAN tumbuh jauh di atas rerata dunia, memiliki bonus demografi,
serta kestabilan kawasan yang terjaga.
Ingin tahu lebih banyak mengenai ASEAN dan Keketuaan ASEAN Indonesia 2023? Yuk
baca ASEANpedia yang dapat diakses melalui https://s.id/aseanpedia
#ASEAN2023
#ASEANIndonesia2023
#IndonesiaKetuaASEAN
#IndonesiauntukASEAN
#ASEANMatters
#EpicentrumofGrowth"
"3100222683040016561","CsGNBrDNWix","https://www.instagram.com/p/CsGNBrDNWix/","2023-05-11 08:56:05",2023,"inainvienna",TRUE,FALSE,"Image","feed","id",109,"D","D6","","R3-residual",1,0,0,"labuan bajo","","","","D","A","D",13,15,"#342E30",FALSE,"Presiden RI Joko Widodo (Jokowi) secara resmi membuka Konferensi Tingkat Tinggi (KTT) ke-42 ASEAN, Rabu (10/05/2023), di Hotel Meruorah, Labuan Bajo, Manggarai Barat, Nusa Tenggara Timur.

Pada keketuaan di ASEAN kali ini, Indonesia mengangkat tema ASEAN Matters: Epicentrum ofGrowth, yaitu ASEAN relevan dan penting sebagai pusat pertumbuhan dunia. Karena itu, Presiden RI
Joko Widodo berharap ke depan ASEAN harus semakin memperkuat integrasi ekonominya hingga
mempererat kerja sama inklusif.

<U+201C>Ke depan ASEAN harus semakin memperkuat integrasi ekonominya, mempererat kerja sama
inklusif, termasuk implementasi RCEP, dan memperkokoh arsitektur kesehatan, pangan, energi, dan
stabilitas keuangan,<U+201D> ucapnya.

Ingin tahu lebih banyak mengenai ASEAN dan Keketuaan ASEAN Indonesia 2023? 
Yuk baca
ASEANpedia yang dapat diakses melalui 
https://s.id/aseanpedia

#ASEAN2023
#ASEANIndonesia2023
#IndonesiaKetuaASEAN
#IndonesiauntukASEAN
#ASEANMatters
#EpicentrumofGrowth"
"3100235023756143642","CsGP1QPNawa","https://www.instagram.com/p/CsGP1QPNawa/","2023-05-11 09:20:36",2023,"inainvienna",TRUE,FALSE,"Image","feed","id",76,"D","D6","","R3-residual",1,0,0,"labuan bajo","","","","D","A","D",13,15,"#FAF9F9",FALSE,"Presiden RI Joko Widodo (Jokowi) secara resmi membuka Konferensi Tingkat Tinggi (KTT) ke-42 ASEAN, Rabu (10/05/2023), di Hotel Meruorah, Labuan Bajo, Manggarai Barat, Nusa Tenggara Timur.

Dalam KTT ke-42 ASEAN kali ini, Presiden Jokowi mengajak para pemimpin ASEAN untuk bersama
menjadikan ASEAN relevan dan penting serta sebagai pusat pertumbuhan. 
<U+201C>Mari bekerja keras
menjadikan ASEAN Matters: Epicentrum of Growth,<U+201D> tandas Presiden.
Ingin tahu lebih banyak mengenai ASEAN dan Keketuaan ASEAN Indonesia 2023? Yuk baca
ASEANpedia yang dapat diakses melalui 

https://s.id/aseanpedia

#ASEAN2023
#ASEANIndonesia2023
#IndonesiaKetuaASEAN
#IndonesiauntukASEAN
#ASEANMatters
#EpicentrumofGrowth"
"3100243747883373189","CsGR0NNttKF","https://www.instagram.com/p/CsGR0NNttKF/","2023-05-11 09:37:56",2023,"inainvienna",TRUE,FALSE,"Sidecar","carousel_container","id",74,"A","A1","","max",2,0,0,"wisata; labuan bajo","","","jamuan","A","A","D",13,15,"#A6B1BD",FALSE,"Presiden Republik Indonesia Joko Widodo menjamu pemimpin negara anggotaASEAN di atas kapal pinisi pada hari pertama puncak KTT ke-42 ASEAN
Indonesia pada Rabu (10/5) sore.
Presiden RI didampingi oleh Iriana Widodo dalam jamuan tersebut memperlihatkan keindahan Labuan Bajo dari kapal wisata. Secara bergantian satu per satu pemimpin
ASEAN naik ke geladak kapal pinisi untuk menikmati momen matahark tenggelam. Ingin tahu lebih banyak mengenai ASEAN dan Keketuaan ASEAN Indonesia 2023?
Yuk baca ASEANpedia yang dapat diakses melalui 
 https://s.id/aseanpedia

#ASEAN2023
#ASEANIndonesia2023
#IndonesiaKetuaASEAN
#IndonesiauntukASEAN
#ASEANMatters
#EpicentrumofGrowth"
"3100255264926914718","CsGUbzTANie","https://www.instagram.com/p/CsGUbzTANie/","2023-05-11 10:01:36",2023,"inainvienna",TRUE,FALSE,"Video","clips","id",45,"D","D6","","R3-residual",0,0,0,"","","","","D","D","D",13,3,"#828595",FALSE,"ASEAN Leaders<U+2019> Interface with Representatives of ASEAN Youth

Generasi Muda memiliki peran penting dalam pembangunan dan menjaga stabilitas Kawasan ASEAN.
Hal ini didukung dengan populasi generasi muda di Kawasan ASEAN mencapai 34%, oleh karena itu generasi mudah harus merumuskan gagasan-gagasan terbaik untuk mengembangkan potensi tersebut.

#ASEAN2023
#ASEANIndonesia2023
#IndonesiaKetuaASEAN
#IndonesiauntukASEAN
#ASEANMatters
#EpicentrumofGrowth"
"3100329934077692971","CsGlaYXNgwr","https://www.instagram.com/p/CsGlaYXNgwr/","2023-05-11 12:29:10",2023,"inainvienna",TRUE,FALSE,"Sidecar","carousel_container","id",96,"A","A1","","max",5,0,0,"wisata; pulau; labuan bajo; komodo","","","jamuan; selamat","A","A","A",13,15,"#2D2225",FALSE,"Presiden Joko Widodo (Jokowi) menggelar jamuan makan malam bersama para pemimpin
negara ASEAN yang hadir di Konferensi Tingkat Tinggi (KTT) ke-42 ASEAN. Adapun jamuan
makan malam itu digelar di Hotel Ayana, Labuan Bajo, Rabu (10/5/2023) malam. Jamuan makan malam dilakukan setelah Jokowi bersama para pemimpin negara ASEAN
menikmati sunset di Labuan Bajo menggunakan kapal pinisi.
Dalam sambutannya, Jokowi mengucapkan kembali selamat datang kepada para pimpinan
negara ASEAN yang hadir dalam KTT ke-42 ini dan menggambarkan tentang keindahan wisata
Pulau Komodo.

Ingin tahu lebih banyak mengenai ASEAN dan Keketuaan ASEAN Indonesia 2023?
 Yuk baca
ASEANpedia yang dapat diakses melalui
 https://s.id/aseanpedia

#ASEAN2023
#ASEANIndonesia2023
#IndonesiaKetuaASEAN
#IndonesiauntukASEAN
#ASEANMatters
#EpicentrumofGrowth"
"3100350527649029229","CsGqGDntxxt","https://www.instagram.com/p/CsGqGDntxxt/","2023-05-11 13:10:05",2023,"inainvienna",TRUE,FALSE,"Sidecar","carousel_container","id",69,"C","C1","","max",0,0,2,"","","aman; parliament","pertemuan","C","C","D",13,15,"#1A1716",FALSE,"Para pemimpin negara ASEAN menghadiri pertemuan dengan organisasi antarparlemen negara ASEAN atau 
ASEAN-Inter Parliamentary Assembly (AIPA) dalam puncak KTT ke-42 ASEAN Indonesia 2023. 

Dalam pidatonya, Presiden Republik Indonesia Joko Widodo menyampaikan bahwa dalam jangka panjang, peran parlemen sangat dibutuhkan untuk menyusun agenda ASEAN tahun 2045. 

Negara ASEAN diminta harus memastikan ASEAN mampu lebih tanggap dan resilient menghadapi tantangan, sehingga menjadi pusat pertumbuhan dan menjadi kawasan yang aman, stabil, dan demokratis.

#ASEAN2023
#ASEANIndonesia2023
#IndonesiaKetuaASEAN
#IndonesiauntukASEAN
#ASEANMatters
#EpicentrumofGrowth"
"3100367754927251000","CsGuAvxg544","https://www.instagram.com/p/CsGuAvxg544/","2023-05-11 13:45:29",2023,"inainvienna",TRUE,FALSE,"Video","clips","id",42,"D","D1","","R3-residual",0,1,0,"","business","","pertemuan","D","B","D",13,15,"#947D80",FALSE,"Pertemuan Antarmuka Pemimpin ASEAN dengan Perwakilan ASEAN Business Advisory Council (ASEAN-BAC). ASEAN telah mampu melewati pandemi covid-19 berkat sinergi antara pemerintah dan dunia usaha.

Ingin tahu lebih banyak mengenai ASEAN dan Keketuaan ASEAN Indonesia 2023? 

Yuk baca ASEANpedia yang dapat diakses melalui

https://s.id/aseanpedia

#ASEAN2023
#ASEANIndonesia2023
#IndonesiaKetuaASEAN
#IndonesiauntukASEAN
#ASEANMatters
#EpicentrumofGrowth"
"3100417007036897124","CsG5NdYA5dk","https://www.instagram.com/p/CsG5NdYA5dk/","2023-05-11 15:24:24",2023,"inainvienna",TRUE,FALSE,"Video","clips","id",42,"D","D6","","R3-residual",0,0,0,"","","","","D","D","D",13,15,"#8C7C7A",FALSE,"Membahas dua isu penting yakni review implementasi Five point consensus dan implementasi AOIP. Indonesia sebagai ketua terus berupaya agar ada langkah maju dari implementasi tersebut.

Ingin tahu lebih banyak mengenai ASEAN dan Keketuaan ASEAN Indonesia 2023? Yuk baca ASEANpedia yang dapat diakses melalui https://s.id/aseanpedia

#ASEAN2023
#ASEANIndonesia2023
#IndonesiaKetuaASEAN
#IndonesiauntukASEAN
#ASEANMatters
#EpicentrumofGrowth"
"3100499393913280442","CsHL8WIg9e6","https://www.instagram.com/p/CsHL8WIg9e6/","2023-05-11 18:07:07",2023,"inainvienna",TRUE,FALSE,"Video","clips","id",63,"D","D1","","R3-residual",0,0,0,"","","","pertemuan; jamuan","D","D","D",13,15,"#C4D2DA",FALSE,"Ibu Iriana Joko Widodo melakukan pertemuan dengan para pendamping pemimpin ASEAN di Puncak Waringin, Kabupaten Manggarai Barat, pada Rabu, 10 Mei 2023.
Kegiatan para pendamping pemimpin ASEAN diakhiri dengan jamuan minum teh bersama Ibu Iriana seraya diiringi persembahan lagu-lagu dari sejumlah negara ASEAN, termasuk lagu daerah NTT
Ingin tahu lebih banyak mengenai ASEAN dan Keketuaan ASEAN Indonesia 2023? Yuk baca ASEANpedia yang dapat diakses melalui https://s.id/aseanpedia

#ASEAN2023
#ASEANIndonesia2023
#IndonesiaKetuaASEAN
#IndonesiauntukASEAN
#ASEANMatters
#EpicentrumofGrowth"
"3100907559531638936","CsIov7_NPCY","https://www.instagram.com/p/CsIov7_NPCY/","2023-05-12 07:36:48",2023,"inainvienna",TRUE,FALSE,"Image","feed","id",73,"D","D3","","R6",0,0,0,"","","persyaratan","WNI; paspor; lapor diri; konsuler","D","D","D",6,2,"#C7CEE5",FALSE,"Yth. WNI di Austria & Slovenia,

Diinfokan kembali pelaksanaan Warung Konsuler KBRI Wina di Innsbruck pada Sabtu-Minggu, 13-14 Mei 2023 di Hotel Grauer B<U+00E4>r. Detail terlampir pada flyer berikut.

Layanan yang diberikan:
- Perpanjangan/pembuatan paspor
- Kolom tanda tangan paspor
- Pencatatan dokumen sipil
- Sosialisasi & Bimtek Lapor Diri Online
- Soft launching penerbitan NIT/NIK bagi yang belum pernah memiliki KTP

Silakan mendaftar melalui bit.ly/Warkon2023
dan melihat dokumen persyaratan di bit.ly/DOCSWARKON2023

Demikian disampaikan, terima kasih.

Salam hangat,
Konsuler KBRI Wina

#inidiplomasi 
#warungkonsulerwina"
"3100926778651357598","CsItHnMArGe","https://www.instagram.com/p/CsItHnMArGe/","2023-05-12 08:16:28",2023,"inainvienna",TRUE,FALSE,"Video","clips","id",60,"D","D6","","R3-residual",1,0,0,"labuan bajo","","","","D","A","D",13,15,"#423D54",FALSE,"Implementasi tindak lanjut dari Five-Point Consensus di Myanmar menjadi isu penting yang dibahas dalam KTT ASEAN hari kedua di Labuan Bajo.
Presiden Joko Widodo mengharapkan adanya dialog untuk menghentikan kekerasan yang terjadi di Myanmar. Sejalan dengan itu Indonesia juga berupaya memfasilitasi bantuan kemanusiaan untuk masyarakat Myanmar. 

Para pemimpin ASEAN berharap isu Myanmar tidak menghambat percepatan membangunan di kawasan ASEAN. 

#ASEAN2023
#ASEANIndonesia2023 #IndonesiaKetuaASEAN #IndonesiauntukASEAN #ASEANMatters 
#EpicentrumofGrowth"
"3100963770835472254","CsI1h62AQ9-","https://www.instagram.com/p/CsI1h62AQ9-/","2023-05-12 09:29:46",2023,"inainvienna",TRUE,FALSE,"Video","clips","id",75,"A","A1","","max",2,0,0,"labuan bajo","","","","A","A","D",13,15,"#786D6A",FALSE,"Presiden Jokowi mengajak para pemimpin ASEAN menikmati suasana matahari tenggelam dari atas kapal pinisi di perairan Pelabuhan Labuan Bajo. Di atas kapal pinisi disediakan kursi-kursi yang disusun melingkari meja sebagai tempat para pemimpin ASEAN dan pendampingnya bercengkerama.

Kegiatan ini sejalan dengan niatan Presiden Jokowi menjadikan KTT ke-42 ASEAN 2023 sebagai momentum mempromosikan Labuan Bajo agar semakin dikenal dunia.

Ingin tahu lebih banyak mengenai ASEAN dan Keketuaan ASEAN Indonesia 2023? Yuk baca ASEANpedia yang dapat diakses melalui https://s.id/aseanpedia

#ASEAN2023
#ASEANIndonesia2023
#IndonesiaKetuaASEAN
#IndonesiauntukASEAN
#ASEANMatters
#EpicentrumofGrowth"
"3101085273052902426","CsJRKAmg3Qa","https://www.instagram.com/p/CsJRKAmg3Qa/","2023-05-12 13:30:24",2023,"inainvienna",TRUE,FALSE,"Video","clips","id",45,"B","B1","","max",1,2,0,"labuan bajo","pertumbuhan ekonomi; kerja sama ekonomi","","","B","B","D",1,3,"#705E52",FALSE,"KTT IMT-GT ke-15 baru saja digelar di Labuan Bajo. Diusianya yang sudah 30 tahun, IMT-GT ini menjadi forum kerja sama ekonomi bagi 85 juta di 3 negara yaitu Indonesia, Malaysia dan Thailand.

Diharapkan kedepannya IMT-GT semakin mampu mendorong percepatan pertumbuhan ekonomi yang inklusif an berkelanjutan

#ASEAN2023
#ASEANIndonesia2023
#IndonesiaKetuaASEAN
#IndonesiauntukASEAN
#ASEANMatters
#EpicentrumofGrowth"
"3101125313257967452","CsJaQq8to9c","https://www.instagram.com/p/CsJaQq8to9c/","2023-05-12 14:49:27",2023,"inainvienna",TRUE,FALSE,"Sidecar","carousel_container","id",110,"A","A2","","max",3,0,0,"budaya; kain; tenun","","","","A","A","A",13,15,"#1E1B2A",FALSE,"Pada puncak perhelatan KTT ASEAN ke-42 hari kedua, 11 Mei 2023, terlihat para pemimpin ASEAN mengenakan kemeja dengan warna bermacam-macam sesuai pilihan langsung oleh Presiden RI Joko Widodo.

Kemeja yang dikenakan itu merupakan tenun asli Indonesia yang berasal dari Manggarai Barat. Motif kain yang dipakai bernama Manuk, yang merupakan hasil karya Maria Elisabeth C. Pranda, istri Bupati pertama Manggarai Barat. 

Motif mata manuk dengan model trapesium itu memiliki filosofi nilai budaya dan religius yang sangat tinggi bagi masyarakat Manggarai Barat. Manuk sering digunakan sebagai sarana penyembahan kepada sang pencipta dan leluhur, alam ritus-ritus adat. 

Ingin tahu lebih banyak mengenai ASEAN dan Keketuaan ASEAN Indonesia 2023? Yuk baca ASEANpedia yang dapat diakses melalui https://s.id/aseanpedia

#ASEAN2023
#ASEANIndonesia2023
#IndonesiaKetuaASEAN
#IndonesiauntukASEAN
#ASEANMatters
#EpicentrumofGrowth"
"3102321779289362643","CsNqTixgBDT","https://www.instagram.com/p/CsNqTixgBDT/","2023-05-14 06:32:54",2023,"inainvienna",TRUE,FALSE,"Video","clips","en",39,"D","D1","","R3-residual",0,0,0,"","","","meeting","D","D","D",7,3,"#3E3232",FALSE,"Indonesian Foreign Minister, H.E. Retno Marsudi (@retno_marsudi) pull aside meeting with Foreign Minister, H.E. Alexander Schallenberg of Austria at the margin of the EU Indo-Pacific Ministerial Forum in Stockholm hosted and organized by the Government of Sweden on Saturday 13 May 2023.

#inidiplomasi
#Eu-IndoPacificForum
#IndonesiaAustria
#ASEANMatters
#IndonesiaKetuaASEAN2023
#ASEANEpicentrumofGrowth"
"3102697807132573594","CsO_zd_hT-a","https://www.instagram.com/p/CsO_zd_hT-a/","2023-05-14 19:09:14",2023,"inainvienna",TRUE,FALSE,"Video","clips","id",86,"D","D1","","R3-residual",0,0,0,"","","","pertemuan","D","D","D",5,2,"#191A44",FALSE,"Pernyataan pers Menteri Luar Negeri RI, @retno_marsudi pada 13 Mei 2023, dari Stockholm, Swedia. 

Dalam pernyataannya disampaikan bahwa Indonesia selaku Ketua ASEAN 2023 diundang sebagai salah satu keynote speakers dalam pertemuan Indo-pasifik Ministerial forum yang diselenggarakan oleh Uni Eropa. 

Disela-sela pertemuan Menteri Luar Negeri RI, melakukan pertemuan dengan duapuluhdua Menteri Luar Negeri atau setingkat Menteri Luar Negeri. 

Secara khusus dengan Austria, Indonesia menyambut baik kerja sama kedua negara di bidang transportasi dan juga waste manajemen serta indikasi kunjungan Menteri Luar Negeri Austria ke Jakarta dalam waktu dekat. 

Sumber: https://youtu.be/bOnKuUSyufg

#inidiplomasi
#ASEANMatters
#ASEANEpicentrumofGrowth
#IndonesiaKetuaASEAN2023"
"3103376655511456991","CsRaKA0AAzf","https://www.instagram.com/p/CsRaKA0AAzf/","2023-05-15 17:32:01",2023,"inainvienna",TRUE,FALSE,"Video","clips","id",189,"A","A2","","max",13,0,0,"bali; budaya; seni; tari; tarian; kuliner; musik","","","pertemuan; masyarakat indonesia; warga; WNI","A","A","A",5,2,"#2B1110",FALSE,"Pada 5 Mei 2023, KBRI/PTRI Wina telah mengadakan Malam Pertemuan Indonesia-Austria di kote Eisenstadt negara bagian Burgenland, berkolaborasi dengan Paroki Eisenstadt-Oberberg dan Eisenstadt-Kleinh<U+00F6>flein sebagai tuan rumah, serta dukungan dari kelompok masyarakat Indonesia antara lain yang tergabung dalam Perhimpunan untuk Indonesia Maju (PERINMA) dan kelompok seni budaya Bali Shivanata. Acara juga digunakan untuk kegiatan Charity bagi pembangunan gereja di Flores, Indonesia.

Pada kesempatan tersebut hadir Kuasa Usaha ad interim KBRI Wina, Bapak Akio Alfiano Tamala yang memberikan sambutan singkat setelah acara dibuka oleh Pastor dan Dekan Militer Dr. Alexander Wessely. Acara kolaborasi tersebut menampilkan grup band militer Eisenstadt, pertunjukan kulintang oleh PERINMA, dan tarian Bali oleh grup tari Shivanata dari Wina. Ikut meramaikan acara adalah Band Keroncong <U+201C>Zugabe<U+201D> KBRI Wina yang membawakan lagu Aryati dan Bengawan Solo. 

Dalam sambutannya, KUAI KBRI Wina sampaikan kekayaan budaya Indonesia dari Sabang sampai Marauke dan khusus untuk acara dipertunjukkan sebagian kecil dari kekayaan seni budaya Indonesia.

Selain atraksi seni musik dan tari Indonesia, kesempatan juga digunakan untuk mempromosikan kuliner Indonesia dengan menu nasi goreng, ayam kalio, capcay dan kue-kue kecil khas Indonesia yang dinikmati sekitar 350 WNI dan warga Austria yang hadir. 

#inidiplomasi
#PromosiBudayaIndonesiadiAustria
#PromosiBudayaIndonesia
#ASEANMatters
#IndonesiaKetuaASEAN2023
#PERINMA
#Shivanata"
"3103700316454106525","CsSjv5jg7Wd","https://www.instagram.com/p/CsSjv5jg7Wd/","2023-05-16 04:08:04",2023,"inainvienna",TRUE,FALSE,"Video","clips","id",88,"D","D3","","R3-residual",0,0,0,"","","","masyarakat indonesia; WNI; paspor; konsuler","D","D","D",6,2,"#745C4D",FALSE,"Pada 13-14 Mei 2023, KBRI Wina mengadakan pelayanan jemput bola Warung Konsuler (Warkon) di kota Innsbruck, Provinsi Tirol, Austria.

Berbagai pelayanan diberikan antara lain pembuatan paspor dengan masa berlaku 10 tahun, pencetakan kolom tanda tangan pada paspor, sosialisasi/bimtek Portal Peduli WNI, sosialisasi Apostille, konsultasi isu kekonsuleran, pencatatan dokumen sipil, hingga penerbitan NIT bagi WNI yang belum memiliki KTP.

Adapun KBRI/PTRI Wina telah melaksanakan Warung Konsuler di kota Innsbruck sebanyak 4 kali, dimana terakhir dilaksanakan pada tahun 2018, antusiasme masyarakat Indonesia di Innsbruck sangat tinggi terhadap pelaksanaan layanan Warung Konsuler kali ini.

#inidiplomasi 
#warungkonsulerKBRIWina
#WarkonKBRIWina"
"3105318281020946659","CsYToYex7jj","https://www.instagram.com/p/CsYToYex7jj/","2023-05-18 09:40:07",2023,"inainvienna",TRUE,FALSE,"Image","feed","id",8,"D","D5","","R3-residual",0,0,0,"","","","selamat","D","D","D",10,2,"#8BC6EF",FALSE,"Selamat hari Kenaikan Isa Almasih kepada yang merayakan <U+0001F64F><U+0001F3FC>

#inidiplomasi
#harirayaisaalmasih
#ASEANMatters
#ASEANEpicentrumofGrowth"
"3105578274437250260","CsZOvyOALzU","https://www.instagram.com/p/CsZOvyOALzU/","2023-05-18 18:25:31",2023,"inainvienna",TRUE,FALSE,"Video","clips","id",99,"A","A2","","max",3,0,0,"budaya; seni; musik","","pemilu","pertemuan; jamuan; masyarakat indonesia; konsuler; PPLN","A","A","A",5,2,"#D9CBBC",FALSE,"Pada tanggal 13 Mei 2023, Duta Besar RI Damos Dumoli Agusman beserta Ibu Ermita Sitorus mengadakan Temu Masyarakat Indonesia di kota Innsbruck, Provinsi Tirol, Austria. 

Temu Masyarakat Indonesia di Innsbruck sekaligus bersinergi bersama PPLN Wina menyelenggarakan sosialisasi tahapan Pemilu 2024 di Austria dan Slovenia. 

Dubes RI bersama Hermann Delago, artis musik Austria asal Tirol yang pakar dalam seni budaya Batak, menghibur masyarakat pada jamuan malam perkenalan, silaturahmi, dan sosialisasi PPLN Wina tersebut.

Pertemuan ini merupakan rangkaian kegiatan Warung Konsuler sekaligus sosialisasi tahapan Pemilu 2024 di Austria dan Slovenia. Seluruh Masyarakat yang hadir sangat senang dengan pertemuan kali ini yang terakhir diadakan tahun 2018 lalu.

#inidiplomasi
#PPLNWina2024
#PPLNWina
#ASEANMatters
#ASEANEpicentrumofGrowth
#IndonesiaKetuaASEAN2023"
"3106582179600206697","CsczAhwoQtp","https://www.instagram.com/p/CsczAhwoQtp/","2023-05-20 03:33:52",2023,"inainvienna",TRUE,FALSE,"Video","clips","id",52,"D","D1","","R3-residual",0,0,0,"","","","pertemuan","D","D","D",5,2,"#0D0203",FALSE,"Pada tanggal 17 Mei 2023, Duta Besar/Wakil Tetap RI Wina telah menerima Dr. Albert van Jaarsveld, Dirjen International Institute for Applied System Analysis (IIASA) beserta tim. 

Dalam pertemuan, di samping mendengarkan paparan terkait organisasi IIASA, juga dibahas mengenai kelanjutan keanggotaan dan berbagai potensi pemanfaatan serta kerja sama IIASA bagi dunia riset di Indonesia. 

#inidiplomasi #indonesiaaustria #indonesiainvienna #indonesiainaustria #ASEANMatters #ASEANEpicentrumofGrowth"
"3106849510562749370","CsdvytHsFu6","https://www.instagram.com/p/CsdvytHsFu6/","2023-05-20 12:22:24",2023,"inainvienna",TRUE,FALSE,"Image","feed","id",12,"D","D5","","R3-residual",0,0,0,"","","","selamat","D","D","D",10,4,"#FEFEFE",FALSE,"<U+201C>Semangat untuk Bangkit<U+201C>. KBRI/PTRI Wina mengucapkan Selamat Hari Kebangkitan Nasional ke - 115"
"3108929589133469806","CslIv1QAGhu","https://www.instagram.com/p/CslIv1QAGhu/","2023-05-23 09:20:33",2023,"inainvienna",TRUE,FALSE,"Video","clips","id",51,"D","D4","","R3-residual",0,0,0,"","","","pertemuan; CCPCJ; delegasi RI","D","D","D",5,2,"#CDD3CE",FALSE,"Pada 21 Mei 2023, Dubes / Watap RI Wina menerima Delegasi RI yang akan berpartisipasi pada sesi ke-32 Commission on Crime Prevention and Criminal Justice (CCPCJ) di Wina, Austria, pada tanggal 22 <U+2013> 26 Mei 2023.

Dubes / Watap RI juga melakukan briefing kepada Delri mengenai isu-isu yang menjadi perhatian CCPCJ dan persiapan partisipasi Pemri pada pertemuan tersebut. 

#CCPCJ
#inidiplomasi
#ASEANMatters
#IndonesiaKetuaASEAN2023
#ASEANEpicentrumofGrowth"
"3109230274831314048","CsmNHYoNeyA","https://www.instagram.com/p/CsmNHYoNeyA/","2023-05-23 19:16:58",2023,"inainvienna",TRUE,FALSE,"Video","clips","id",58,"D","D5","","R3-residual",0,0,0,"","","","upacara","D","D","D",5,4,"#251916",FALSE,"Pada tanggal 22 Mei 2023 KBRI/PTRI Wina telah menyelenggarakan Upacara Perayaan Hari Kebangkitan Nasional ke-115 dengan Dubes RI sebagai Pembina Upacara dan dihadiri segenap pejabat dan karyawan Kedutaan Besar Republik Indonesia di Wina. 
Tema pelaksanaan Harkitnas ke-115 tahun 2023 adalah <U+201C>Semangat untuk Bangkit<U+201D>, bersama bangkitkan semangat nasionalisme untuk mengejar ketertinggalan akibat masa pandemi Covid-19 yang melanda dunia dua tahun terakhir.

#inidiplomasi #indonesiaustria #indonesiainvienna #indonesiainaustria #ASEANmatters #ASEANEpicentrumofGrowth"
"3109918146312548545","CsophO3gDDB","https://www.instagram.com/p/CsophO3gDDB/","2023-05-24 17:59:44",2023,"inainvienna",TRUE,FALSE,"Video","clips","id",166,"D","D4","","R3-residual",0,0,1,"","","aman; peraturan","pertemuan; warga; CCPCJ; sidang","C","C","D",5,2,"#3E3236",FALSE,"Dalam Sidang Sesi ke-32 Komisi Pencegahan Kejahatan dan Peradilan Pidana (the Commission on Crime Prevention and Criminal Justice <U+2013> CCPCJ) di Wina, Austria, pada 22 Mei 2023, Indonesia tunjukkan upaya nasional dalam meningkatkan akses pada keadilan bagi semua warga negara Indonesia.

Tujuh puluh delapan negara, termasuk Indonesia, telah sampaikan pandangan dalam agenda Debat Umum pertemuan yang tahun ini bertema peningkatan fungsi sistem peradilan kriminal untuk memastikan akses pada keadilan dan mewujudkan masyarakat yang aman. 

<U+201C>Pada tahun 2019, untuk pertama kalinya Indonesia telah selesaikan indeks Akses pada Keadilan yang akan menjadi benchmark bagi Pemerintah Indonesia untuk menyediakan akses pada keadilan bagi seluruh warga negara<U+201D> demikian diungkapkan Deputi Bidang Kerja Sama Internasional Badan Nasional Penanggulangan Terorisme (BNPT), Andhika Chrisnayudanto, saat membacakan pernyataan nasional Indonesia di hadapan  seluruh negara peserta pertemuan CCPCJ  di Wina, Austria. 

Selain itu, pernyataan nasional Indonesia juga mengemukakan kisah sukses program keadilan restoratif  sejak Peraturan Kejaksaan No. 5/2020 tentang Penghentian Penuntutan Berdasarkan Keadilan Restoratif dikeluarkan. Kejaksaan Agung telah menyelesaikan 2.795 perkara melalui keadilan restorative dan membangun 3411 rumah keadilan restoratif di 33 propinsi. 

#inidiplomasi
#CCPCJ
#BNPT
#BNPTRI 
#ASEANMatters"
"3109959248470233000","Csoy3WPAk-o","https://www.instagram.com/p/Csoy3WPAk-o/","2023-05-24 19:25:27",2023,"inainvienna",TRUE,FALSE,"Video","clips","id",130,"D","D4","","R3-residual",0,0,0,"","","","pertemuan; pemilih; UNODC; CCPCJ","D","D","D",5,2,"#E2D5CF",FALSE,"Pada 22 Mei 2023, di sela-sela CCPCJ, Kejaksaan Agung menyelenggarakan pameran capaian keadilan restoratif di Indonesia yang akan berlangsung selama pertemuan dan telah dibuka oleh Jaksa Agung Muda Tindak Pidana Umum, Fadil Zumhana, disaksikan Duta Besar RI di Wina, Damos Dumoli Agusman. Dalam sambutannya pada pembukaan pameran ini, Anna Giudice yang mewakili UNODC terkesan dengan capaian jumlah perkara yang telah diselesaikan sejauh ini melalui program tersebut dan jumlah rumah keadilan resoratif di lebih dari 30 provinsi di Indonesia.

CCPCJ merupakan badan pembuat kebijakan utama Perserikatan Bangsa-Bangsa di bidang pencegahan kejahatan dan peradilan pidana dengan mandat untuk memperbaiki langkah internasional untuk memerangi kejahatan nasional dan transnasional, serta meningkatkan efisiensi dan keadilan sistem administrasi peradilan pidana. 

Indonesia terpilih sebagai salah satu anggota CCPCJ untuk periode 2024-2026 dalam pemilihan pada April 2023 lalu di New York.

#Inidiplomasi
#CCPCJ
#UNODC
#BNPT
#BNPTRI"
"3110518430179942389","CsqyAgyLl_1","https://www.instagram.com/p/CsqyAgyLl_1/","2023-05-25 13:58:00",2023,"inainvienna",TRUE,FALSE,"Video","clips","id",71,"D","D1","","R3-residual",0,0,0,"","","","bertemu; pertemuan; menerima kunjungan","D","D","D",5,2,"#F0E2DB",FALSE,"Pada 24 Mei 2023, Menteri Luar Negeri RI H.E. @retno_marsudi menerima kunjungan Menteri Luar Negeri Slovenia H.E. @tanja.fajon 

Dalam pertemuan, kedua Menlu membahas sejumlah isu antara lain peningkatan hubungan ekonomi kedua negara, ASEAN, Myanmar, Ukraina dan Afghanistan.

Menlu kedua negara juga sepaham mengenai pentingnya peningkatan hubungan people-to-people untuk mendukung kerja sama kedua negara.

Dalam kunjungannya ke Jakarta, 24-25 Mei 2023, Menlu Slovenia juga dijadwalkan bertemu Sekjen ASEAN, KADIN, serta kunjungan ke Masjid Istiqlal. 

<U+0001F1EE><U+0001F1E9> <U+0001F91D> <U+0001F1F8><U+0001F1EE> 
<U+0001F4F7>: BDSP & Dit. Infomed, Lusinta @kemlu_ri

#inidiplomasi 
#IndonesiaSlovenia
#ASEANMatters
#ASEANEpicentrumofGrowth
#IndonesiaKetuaASEAN2023"
"3110993247284165828","Cssd-ArAvzE","https://www.instagram.com/p/Cssd-ArAvzE/","2023-05-26 05:42:57",2023,"inainvienna",TRUE,FALSE,"Video","clips","id",106,"D","D4","","R3-residual",0,0,0,"","","","pertemuan; CCPCJ; statement; PBB; sidang","D","D","D",5,2,"#E6B72D",FALSE,"Pada 25 Mei 2023, Indonesia sebagai Ketua MIKTA, mewakili negara-negara MIKTA, sampaikan Pernyataan Bersama (Joint Statement) pada Sidang Commission on Crime Prevention and Criminal Justice (CCPCJ) Ke-32 di Vienna International Center, Austria

MIKTA dorong kerja sama internasional atasi kejahatan dan penguatan langkah tanggulangi kejahatan baru yang muncul, termasuk kejahatan transasional yg salahgunakan kemajuan teknologi. 

Upaya itu melalui kerja sama dan bantuan teknis, termasuk dengan saling bagi informasi, bagi pengalaman dan praktek terbaik dalam kerangka CCPCJ. 

CCPCJ adalah mekanisme pertemuan PBB yang membahas isu pencegahan kejahatan dan peradilan pidana.

Saat ini (tahun 2023), Indonesia menjabat Keketuaan MIKTA yang terdiri dari 5 (lima) negara yaitu Meksiko, Indonesia, Korea Selatan, Turkiye, Australia. 

#inidiplomasi 
#MIKTA 
#IndonesiaMIKTA2023
#ASEANMatters
#IndonesiaKetuaASEAN2023"
"3111741141113095615","CsvIBTFA8W_","https://www.instagram.com/p/CsvIBTFA8W_/","2023-05-27 06:22:55",2023,"kejaksaan.ri",FALSE,FALSE,"Video","clips","id",50,"D","D1","","R3-residual",0,0,0,"","","","pertemuan","D","D","D",5,2,"#F6F6F6",FALSE,"Perwakilan Kejaksaan RI yang dipimpin oleh Jampidum berpartisipasi pada pertemuan Sesi ke-32 Commission on Crime Prevention and Criminal Justice di Vienna International Center, Austria. Dalam kegiatan tersebut Perwakilan Kejaksaan RI tergabung didalam Delegasi Republik Indonesia yang terdiri dari beberapa unsur Kementerian/Lembaga terkait yang hadir secara in-person maupun virtual
.
.
.
#kejaksaanri #jaksa #vienna #pidum #jampidum #austria"
"3115426511037072797","Cs8N-fSMwWd","https://www.instagram.com/p/Cs8N-fSMwWd/","2023-06-01 08:23:22",2023,"inainvienna",TRUE,FALSE,"Image","feed","en",27,"D","D3","","R3-residual",0,0,0,"","","","consular; waisak","D","D","D",7,3,"#C8D5D5",FALSE,"In observance of Pancasila Day &  Waisak Day, Embassy of Indonesia in Vienna will be closed on 1 - 2 June 2023. 

The Embassy will resume all consular services on Monday, 5 June 2023. 

#ASEANMatters
#ASEANEpicentrumofGrowth
#IndonesiaKetuaASEAN2023
#inidiplomasi
#indonesianAustria 
#IndonesianSlovenia 
#Indonesien<U+00D6>sterreich
#indonesianinvienna 
#IndonesianinAustria"
"3119074439929768955","CtJLa10A6v7","https://www.instagram.com/p/CtJLa10A6v7/","2023-06-06 09:15:24",2023,"inainvienna",TRUE,FALSE,"Video","clips","id",273,"D","D4","","R3-residual",0,1,0,"","resilience","","bertemu; pertemuan; UNODC; CCPCJ; United Nations; PBB; sidang","D","B","D",5,2,"#E6D9DB",FALSE,"Kepala Badan Nasional penanggulangan Terorisme (BNPT), Komjen Pol Prof. Dr.  Rycko Amelza Dahniel bertemu dengan Direktur Eksekutif Kantor PBB Urusan Narkoba dan kejahatan/ Dirjen Kantor PBB di Wina, Gadha Fathy Ismail Waly, di sela-sela Sidang Komisi Pencegahan Kejahatan dan Peradilan Pidana (the Commission on Crime Prevention and Criminal Justice <U+2013> CCPCJ) Sesi ke-32 di Wina, Austria, pada Jumat, 26 Mei 2023. 

Kepala BNPT menyampaikan apresiasi atas kerja sama UNODC dengan Indonesia termasuk dalam pengembangan National Action Plan on Preventing and Countering Violent Extremism Leading to Terorism sejak 2017, dan kerja sama dalam kerangka South-east Asia Preventing and Countering Violent Extrimism Practitioners Network (SEAN PCVE), Strengthening Resilience to Violent Extremism (STRIVE), the Fpreign Terrorist Fighters (FTF) Frontline and Cross-Border Information Activities, serta Chemical Weapons Terrorism.

Direktur Eksekutif UNODC juga garisbawahi tantangan penanggulanagan  terorisme  termasuk munculnya upaya radikalisasi menggunakan teknologi internet. Selain itu ditekankan pula Menekankan education dan peran religious leaders dalam penanggulangan kejahatan terorisme.

Indonesia telah mensahkan Rencana Aksi Nasional Pencegahan dan Penanggulangan Ekstremisme Berbasis Kekerasan yang Mengarah pada Terorisme melalui Keputusan Presiden pada tahun 2021. 

Selama pertemuan CCPCJ, delegasi Indonesia telah sampaikan pernyataan nasional, dan terlibat dalam pembahasan berbagai agenda pertemuan, negosiasi sejumlah resolusi, dan beberapa pertemuan bilateral. 

BNPT telah menyelenggarakan side event terkait pemajuan Jejaring Kemitraan antar Praktisi Regional Asia Tenggara dalam upaya Pencegahan Ekstrimisme Kekerasan (SEAN-PVE) serta sebagai panelis dalam beberapa side event, termasuk tentang pencegahan dan penanggulangan kekerasan pada anak. 

Pertemuan CCPCJ kali ini juga berhasil mensahkan resolusi yang dinegosiasikan dan diusung Indonesia, Italia, dan Austria terkait Kerja Teknis yang diberikan UNODC terkait penanggulangan terorisme (Technical Assistance provided by The United Nations Office on Drugs and Crime related to Counter Terorism).

#inidiplomasi
#UNODC"
"3119077071696116628","CtJMBI1gzuU","https://www.instagram.com/p/CtJMBI1gzuU/","2023-06-06 09:18:10",2023,"inainvienna",TRUE,FALSE,"Video","clips","id",85,"D","D4","","R3-residual",0,0,0,"","","","pertemuan; statement; PBB; sidang","D","D","D",5,2,"#79432B",FALSE,"Pada Sidang ke-66 Komite Antariksa PBB (UNCOPUOS) di Wina, Austria, Wakil Kepala Perwakilan RI, A. Alfiano Tamala, mewakili Pemerintah Indonesia sampaikan penyataan umum (general statement) mengenai berbagai isu substansi terkait antariksa, termasuk  pembentukan norma hukum internasional dan dorongan untuk kembangkan kerja sama internasional dalam pemanfaatan teknologi antariksa bagi kepentingan damai, dan bermanfaat bagi semua negara, terutama negara berkembang. 

Pemerintah Indonesia juga sampaikan bahwa Indonesia akan menjadi tuan rumah pertemuan internasional ke-29 para pakar antariksa di kawasan Asia Pasifik yang akan diselenggarakan di Jakarta pada tanggal 19 <U+2013> 22 September 2023. 

#inidiplomasi
#UNCOPUOS
#ASEANMatters
#ASEANEpicentrumofGrowth
#IndonesiaKetuaASEAN2023"
"3119924738663660195","CtMMwUOADqj","https://www.instagram.com/p/CtMMwUOADqj/","2023-06-07 13:26:41",2023,"inainvienna",TRUE,FALSE,"Video","clips","id",142,"D","D4","","R3-residual",0,0,0,"","","keamanan","pertemuan; IAEA; PBB","D","D","D",5,2,"#CFC3C2",FALSE,"Indonesia kembali dorong kerja sama Iran 
dengan Badan Energi Atom Internasional

Indonesia kembali dorong pihak-pihak terkait JCPOA, termasuk Iran, untuk terus lakukan dialog guna <U+201C>menghidupkan kembali<U+201D> perjanjian yang dinilai sebagai capaian diplomatik penting terkait non-proliferasi yang disahkan Dewan Keamanan PBB melalui Resolusi 2231/2015. 

Dalam pertemuan Dewan Gubernur Badan Energi Atom Internasional hari ini, Wakil Duta Besar RI di Wina, A. Alfiano Tamala, sampaikan sikap Indonesia yang menegaskan kembali dukungan kepada IAEA yang diberi mandat verifikasi dan memonitor implementasi Iran atas komitmennya dalam kesepakatan Rencana Aksi Komprehensif Bersama (JCPOA). 

Indonesia mencatat sejumlah perkembangan terkini yang dilaporkan IAEA pada Pertemuan Dewan Gubernur serta mendorong Iran untuk terus bekerjasama dengan IAEA terkait aktifitas verifikasi dan monitoring kepatuhan Iran atas komitmen terkait nuklirnya dalam kerangka JCPOA.

Indonesia juga mendorong seluruh pihak untuk mencegah adanya eskalasi konflik, dan terus menciptakan situasi konstruktif agar JCPOA dapat terus berjalan.

#inidiplomasi
#IAEA
#ASEANMatters
#IndonesiaKetuaASEAN2023"
"3125197127608753495","Cte7jrEMN1X","https://www.instagram.com/p/Cte7jrEMN1X/","2023-06-14 19:55:51",2023,"inainvienna",TRUE,FALSE,"Sidecar","carousel_container","id",36,"D","D6","","R3-residual",0,0,1,"","","peraturan","","D","C","D",3,5,"#DFEDEF",FALSE,"Tau gak sih..!! Kalau sekarang memasuki wilayah Indonesia tidak perlu lagi menunjukkan sertifikat vaksin COVID-19 dan aplikasi SatuSehat. 

Nah, peraturan ini sudah berlaku sejak 9 Juni 2023 loh! Perjalanan ke Indonesia jadi lebih mudah dan gak pakai ribet!! 

#inidiplomasi
#ASEANMatters
#IndonesiaKetuaASEAN2023
#IndonesiainAustria
#IndonesiainSlovenia
#PPIAustria"
"3125797691406294760","CthEHBsAh7o","https://www.instagram.com/p/CthEHBsAh7o/","2023-06-15 15:49:51",2023,"inainvienna",TRUE,FALSE,"Video","clips","id",153,"A","A2","","max",3,0,0,"bali; workshop","","","CTBTO; statement; sidang","A","A","A",5,2,"#E7D3CB",FALSE,"Wakil Kepala Perwakilan RI, A. Alfiano Tamala, mewakili Pemerintah Indonesia sampaikan bahwa Indonesia akan menjadi tuan rumah 2 (dua) pelatihan regional CTBTO yaitu East Asia Regional National Data Center Workshop (EARNW) pada 18-22 September 2023 di Bali serta pelatihan South East Asia, the Pacific and the Far East (SEAPFE) Infrasound Workshop and Training pada Januari 2024.

Kedua pelatihan tersebut akan diselenggarakan Badan Meteorologi, Klimatologi dan Geofisika (BMKG) RI bekerja sama dengan CTBTO. 

Hal tersebut disampaikan dalam pernyataan umum (general statement) pada Sidang ke-60 Komite Persiapan Comprehensive Nuclear-Test-Ban Treaty Organization (CTBTO), pada 12 Juni 2023, di Wina, Austria. 

Indonesia juga menegaskan kembali komitmen untuk dorong keberlakuan (entry into force) dan universalisasi Comprehensive Nuclear Test Ban Treaty (CTBT) untuk mencapai tujuan menghentikan uji coba nuklir dan penghapusan senjata nuklir. 

Pemri juga garisbawahi pentingnya program pengembangan kapasitas CTBTO terkait rejim verifikasi dan kegiatan non-verifikasi, khususnya guna meningkatkan partisipasi dari negara berkembang dalam pelaksanaan program pelatihan baik secara daring ataupun luring. 

#IniDiplomasi
#CTBTO
#BMKGRI
#ASEANMatters
#IndonesiaKetuaASEAN2023
#Uppbeat"
"3128805187049920636","Ctrv72Rgph8","https://www.instagram.com/p/Ctrv72Rgph8/","2023-06-19 19:30:28",2023,"inainvienna",TRUE,FALSE,"Video","clips","id",100,"D","D3","","R3-residual",0,0,0,"","","","WNI; selamat","D","D","D",5,2,"#727562",FALSE,"Pada 15-17 Juni 2023, Tim Koor Ama HKBP Menteng dari Indonesia berpartisipasi dalam the 4th International Choral Celebration and Competition di kota Salzburg.

Setelah bertanding bersama Tim Paduan Suara dari Jerman, Hungaria, Ceko dan Norwegia pada hari Sabtu 17 Juni 2023, Tim Koor Ama HKBP Menteng Indonesia berhasil memperoleh penghargaan tertinggi yaitu Gold Diploma VI dan memenangkan kategori Male Choir, serta memperoleh Gold Diploma IV pada kategori Folklore.

Duta Besar/Watap RI Wina, Bapak @damos.agusman beserta Ibu @ermitasitorus dan perwakilan WNI di Austria turut hadir menyaksikan dan memberikan dukungan.

Kami ucapkan selamat atas kerja keras dan keberhasilan Tim Koor Ama HKBP Menteng membawa harum nama Indonesia!<U+0001F1EE><U+0001F1E9><U+0001F3C6>

#inidiplomasi
#ASEANMatters
#IndonesiaKetuaASEAN2023
#IndonesiainAustria
#HKBPMenteng
#Uppbeat"
"3129492439346313431","CtuMMr2gfjX","https://www.instagram.com/p/CtuMMr2gfjX/","2023-06-20 18:15:55",2023,"inainvienna",TRUE,FALSE,"Video","clips","id",92,"D","D4","","R3-residual",0,0,0,"","","","pertemuan; IAEA; statement","D","D","D",5,2,"#E3D5D2",FALSE,"Dubes/Watap RI Wina, Dr. Iur. Damos Dumoli Agusman, menyampaikan statement (6/7) dalam mata agenda terkait Kapal Selam Bertenaga Nuklir/Naval Nuclear Propulsion (NNP) dalam pertemuan Dewan Gubernur IAEA yang mulai diselenggarakan mulai 5 Juni 2023.

Dalam pertemuan itu, Direktur Jenderal IAEA telah mengeluarkan 2 laporan terpisah mengenai NNP/kapal selam nuklir Australia (AUKUS) dan Brazil. 

Indonesia menanggapi kedua laporan tersebut termasuk dengan mengajukan sejumlah pertanyaan terkait penyusunan safeguards arrangement utk program NNP, baik saat ini maupun di masa mendatang.

Indonesia tekankan pentingnya memastikan rezim non-proliferasi dalam pengaturan program kapal selam bertenaga nuklir tetap terpelihara.

#Inidiplomasi
#AUKUS
#NNP
#NavalNuclearPropulsion
#IAEA
#ASEANMatters
#IndonesiaKetuaASEAN2023
#ASEANEpicentrumofGrowth"
"3130171569096115547","CtwmnUuAEVb","https://www.instagram.com/p/CtwmnUuAEVb/","2023-06-21 16:45:15",2023,"inainvienna",TRUE,FALSE,"Video","clips","id",214,"D","D4","","R3-residual",0,0,0,"","","","pertemuan; penandatanganan; CTBTO","D","D","D",5,2,"#DDCAC7",TRUE,"Indonesia tandatangani kesepakatan kerja sama dengan Comprehensive Nuclear-Test-Ban Treaty Organization (CTBTO). MOU ditandatangani oleh  Kepala Badan Meteorologi, Klimatologi dan Geofisika (BMKG), Prof. Ir. Dwikorita Karnawati, dengan Executive Secretary CTBTO, Dr. Robert Floyd, pada tanggal 20 Juni 2023. 
Penandatanganan MOU BMKG dan CTBTO disaksikan oleh Wakil Kepala Perwakilan RI di Wina, A. Alfiano Tamala, yang sampaikan harapan semakin menguatnya kerja sama BMKG dan CTBTO, terutama dalam meningkatkan kapasitas sumber daya manusia (SDM) yang handal dan profesional, dan mendorong kerja sama dan bantuan teknis CTBTO bagi Indonesia. 

Kedua pihak sepakat mendorong kerja sama pada program peningkatan kapasitas serta meningkatkan keikutsertaan peserta dari Indonesia untuk program pelatihan dan pertemuan CTBTO. Indonesia juga akan menjadi tuan rumah beberapa pelatihan dan pertemuan regional CTBTO pada tahun 2023 dan 2024.

Selain itu, keduanya sepakat untuk mendorong kerja sama bagi tenaga ahli Indonesia serta staf BMKG untuk melakukan magang di CTBTO, serta mendorong kerja sama teknis lainnya. 

Selama di Wina, Kepala BMKG juga  menjadi salah satu pembicara kunci pada High Level Panel Discussion pada Konferensi Ilmu Pengetahuan dan Teknologi CTBTO (SnT2023) yang diselenggarakan di istana Hofburg yang dihadiri lebih 700 peserta dari berbagai pemangku kepentingan. 

Di sela-sela kunjungan kerja, kepala BMKG juga meninjau Operations Centre dan Observation Room CTBTO termasuk berbagai peralatan Infrasound dan Radionuclide CTBTO di Vienna International Center (VIC).

photo credit: CTBTO 

#Inidiplomasi
#BMKG
#CTBTO
#MOUBMKG
#ASEANmatters
#Uppbeat"
"3131027771606950485","CtzpStcg-JV","https://www.instagram.com/p/CtzpStcg-JV/","2023-06-22 21:08:15",2023,"inainvienna",TRUE,FALSE,"Video","clips","id",144,"B","B2","","max",1,10,1,"kain","investasi; perdagangan; kerja sama ekonomi; IKN","regulation","courtesy call; pertemuan","B","B","B",5,2,"#393342",FALSE,"Pada 21 Juni 2023, Duta Besar/Watap RI di Wina, telah melakukan Courtesy Call dengan Gubernur Provinsi Salzburg, Dr. Wilfried Haslauer. Pertemuan membahas sejumlah topik antara lain, potensi ekonomi, perdagangan dan investasi ke Indonesia, khususnya Ibu Kota Negara (IKN), kebijakan Austria ke kawasan Asia, serta European Union Deforestation-Free Regulation. 

Dalam konteks kerja sama ekonomi dan investasi, Dubes/Watapri Wina menyampaikan perkembangan terkini pembangunan Kawasan IKN, serta potensi investasi di IKN. Beberapa bidang yang kiranya bisa dijajaki antara lain  telekomunikasi, perumahan, pengelolaan sampah, air bersih, transportasi dan smart city.

Secara umum, Gubernur Salzburg menyambut baik dan menegaskan kesiapan Provinsi Salzburg dalam mendukung peningkatan hubungan Indonesia dan Austria, khususnya di bidang ekonomi, perdagangan dan investasi.

Di akhir pertemuan, Gubernur Haslauer yang baru saja dilantik sebagai Gubernur Salzburg untuk periode ketiga mengapresiasi kunjungan  Dubes/Watapri Wina ke Salzburg dan sangat senang dengan pemberian kain Ulos khas Sumatera Utara.

#inidiplomasi
#BilateralRI
#IndonesiaAustria
#ASEANMatters
#IndonesiaKetuaASEAN2023
#Uppbeat"
"3131457041256801140","Ct1K5Z9geN0","https://www.instagram.com/p/Ct1K5Z9geN0/","2023-06-23 11:15:53",2023,"inainvienna",TRUE,FALSE,"Video","clips","id",80,"D","D3","","R6",0,0,0,"","","persyaratan","WNI; paspor; konsuler","D","D","D",6,2,"#2A95CD",FALSE,"Bapak dan Ibu WNI di Austria dan Slovenia, jangan lupa ya memastikan masa berlaku paspor dan segera melakukan perpanjangan paspor maksimal 6 bulan sebelum masa berlakunya habis sebagaimana tercantum pada Bagian Penjelasan Undang-Undang Nomor 6 Tahun 2011 tentang Keimigrasian, Pasal 8 Ayat 1 serta kebijakan penerbangan internasional ICAO. Jangan sampai deh denied boarding/denied entry ke suatu negara karena masa berlaku paspornya tidak valid.

Segera buat jadwal temu dengan Konsuler KBRI Wina melalui email konsuler.wina@kemlu.go.id, persyaratan dokumen dapat dilihat pada website KBRI Wina.

#IniDiplomasi
#Infokonsuler
##DitjenImigrasi
#ASEANMatters"
"3131470069514758834","Ct1N2_eMeqy","https://www.instagram.com/p/Ct1N2_eMeqy/","2023-06-23 11:39:03",2023,"inainvienna",TRUE,FALSE,"Image","feed","id",81,"D","D3","","R6",1,0,0,"batik","","MK","meeting; diaspora; WNI","D","A","D",5,2,"#392220",FALSE,"Yth. Bapak dan Ibu WNI dan Diaspora Indonesia di Austria dan Slovenia,

Bersama ini dengan hormat disampaikan undangan untuk menghadiri kegiatan Temu Masyarakat WNI dengan Mahkamah Konstitusi RI, dengan tema <U+201C>MK dalam Sistem Ketatanegaraan Indonesia<U+201D> yang akan diselenggarakan pada: 

Hari/Tanggal: Jumat, 23 Juni 2023
Waktu: 18.00 CEST hingga selesai
Narasumber: Prof. Dr. Enny Nurbaningsih (Hakim Konstitusi)
Pakaian: Batik/Bebas Rapih

Zoom Meeting ID: 869 1417 3309
Passcode:<U+00A0>Konstitusi
Link: https://bit.ly/MKRI-Wina

Terima kasih atas perhatian dan kerja samanya, kiranya Bapak dan Ibu dapat menghadiri secara daring kegiatan dimaksud.

<U+0001F64F><U+0001F60A><U+0001F1EE><U+0001F1E9><U+0001F1E6><U+0001F1F9><U+0001F1F8><U+0001F1EE>

#Inidiplomasi
#TemuMasyarakatIndonesia
#IndonesianinAustria
#IndonesianinSlovenia
#ASEANMatters"
"3132374205487826632","Ct4bb5tssbI","https://www.instagram.com/p/Ct4bb5tssbI/","2023-06-24 17:35:25",2023,"inainvienna",TRUE,FALSE,"Image","feed","id",119,"D","D5","","R3-residual",0,0,0,"","","","WNI; idul adha","D","D","D",15,2,"#F9E077",FALSE,"Kepada seluruh WNI yang berada di Austria dan Slovenia, 

Bersama ini Tim Idul Adha 1444H menyampaikan bahwa Wapena, bekerja sama dan dengan dukungan serta fasilitas dari KBRI, akan menyelenggarakan sholat Idul Adha, yang insya Allah berlangsung pada:

<U+0001F5D2> Hari/Tanggal: Rabu, 28 Juni 2023
<U+23F0> Waktu Sholat: pukul 07.45 CEST

Tempat:
Halaman belakang KBRI/PTRI
Gustav-Tschermak-Gasse 5-7, Wina 1180

Imam/Khatib:
Ust. Sugeng Haryanto

Pelaksanaan sholat mengikuti ketentuan berikut ini:

1) Membawa sajadah sendiri, serta kantong plastik untuk wadah alas kaki masing-masing.
2) Sudah berwudhu dari rumah.

Semoga Allah meridhoi dan membimbing kita semua, serta memberikan kita kesehatan dan keluangan waktu untuk bersama-sama menunaikan sholat Idul Adha sesuai dengan informasi dan ketentuan ini.

Terima kasih atas perhatian dan pengertiannya.

Wassalamualaikum Wr. Wb.

Tim<U+00A0>Idul<U+00A0>Adha 1444 H"
"3133814524059097120","Ct9i7S6gJgg","https://www.instagram.com/p/Ct9i7S6gJgg/","2023-06-26 17:30:44",2023,"inainvienna",TRUE,FALSE,"Video","clips","id",111,"D","D1","","R6",1,0,0,"bali","","MK","bertemu; pertemuan; masyarakat indonesia; WNI","D","A","D",5,2,"#E2D6D1",FALSE,"Pada 23 Juni 2023, Mahkamah Konstitusi RI telah melakukan pertemuan dengan Masyarakat Indonesia yang menetap di Austria dan Slovenia secara hybrid. 

Sebelum bertemu dengan Masyarakat Indonesia, Delegasi Mahkamah Konstitusi RI dalam kunjungan kerjanya ke Austria telah melakukan pertemuan dengan Hakim Konstitusi Austria, Prof. Georg Lienbacher di Wina, Austria untuk menindaklanjuti hasil Kongres ke-5 Mahkamah Konstitusi Sedunia di Bali pada tahun 2022. 

Kunjungan kali ini merupakan kesempatan untuk <U+2018>benchmarking<U+2019> Mahkamah Konstitusi dalam perkembangan kebutuhan hukum masyarakat dan kehidupan ketatanegaraan. 

Pada pertemuan dengan masyarakat Indonesia, Prof. Dr. Enny Nurbaningsih menyampaikan paparan dengan tema <U+201C>MK dalam Sistem Kenegaraan Indonesia<U+201D>. Pertemuan dihadiri oleh sekitar 100 orang WNI di Wina, dan diikuti secara daring oleh WNI di Austria dan Slovenia. 

#IniDiplomasi
#MahkamahKonstitusi
#MahkamahKonstitusiRI
#PembinaanMasyarakat
#TemuMasyarakatIndonesia
#ASEANMatters
#IndonesiaKetuaASEAN2023
#Uppbeat"
"3134377999600892790","Ct_jC8aArt2","https://www.instagram.com/p/Ct_jC8aArt2/","2023-06-27 12:07:13",2023,"inainvienna",TRUE,FALSE,"Video","clips","id",98,"C","C2","","max",0,0,2,"","","HAM","mahasiswa","C","C","D",5,2,"#F6EFEC",FALSE,"Pada tanggal 27 Juni 2023 di Pidie Aceh, Indonesia, Presiden RI telah meluncurkan secara hybrid Program Pelaksanaan Rekomendasi Penyelesaian Non-Yudisial Pelanggaran HAM Berat di Indonesia.

Hadir secara daring mewakili para korban eksil eks Mahasiswa Ikatan Dinas (Mahid) 1965-1966 yang kini berdomisili di Slovenia, yaitu Bapak Usman Djalil dan Bapak Soeradjana Dewa untuk mendengarkan secara khidmat peluncuran program dimaksud.

Penyelesaian secara non-yudisial kepada para korban 12 peristiwa pelanggaran HAM Berat masa lalu, merupakan upaya pemerintah untuk memulihkan hak para korban, dengan tetap memastikan proses penyelesaian yudisial terus dilakukan, serta memastikan hal serupa tidak pernah terulang kembali di masa yang akan datang.

#IniDiplomasi
#ASEANMatters
#IndonesiaKetuaASEAN2023
#IndonesiainAustria
#IndonesiainSlovenia
#Uppbeat"
"3134844564753548428","CuBNIXEMwSM","https://www.instagram.com/p/CuBNIXEMwSM/","2023-06-28 03:23:35",2023,"inainvienna",TRUE,FALSE,"Image","feed","id",31,"D","D5","","R3-residual",0,0,0,"","","","idul adha","D","D","D",15,2,"#043234",FALSE,"Dalam rangka hari libur Idul Adha 1444 H, KBRI/PTRI Wina dan Pelayanan Kekonsuleran tutup pada hari Rabu, 28 Juni 2023 sampai dengan Jumat, 30 Juni 2023.

Untuk keperluan darurat selama hari libur tersebut, silahkan menghubungi Hotline: +436763401946. 

#inidiplomasi
#IdulAdha
#IdulAdha1444H
#ASEANMatters
#ASEANEpicentrumofGrowth
#IndonesiaKetuaASEAN2023"
"3135269172788199571","CuCtrOHRgCT","https://www.instagram.com/p/CuCtrOHRgCT/","2023-06-28 17:27:12",2023,"inainvienna",TRUE,FALSE,"Image","feed","id",23,"D","D5","","R3-residual",0,0,0,"","","","selamat hari raya; idul adha; selamat","D","D","D",10,4,"#FDE681",FALSE,"Keluarga Besar KBRI/PTRI Wina mengucapkan, Selamat Hari Raya Idul Adha 1444 H. 

Semoga hari istimewa ini membawa kedamaian, kebahagiaan, dan kemakmuran bagi kita semua. 

#IdulAdha1444H
#IdulAdha2023
#IniDiplomasi
#ASEANMatters
#ASEANEpicentrumofGrowth
#IndonesiainAustria
#IndonesiainSlovenia"
"3135284807915856084","CuCxOvdgODU","https://www.instagram.com/p/CuCxOvdgODU/","2023-06-28 18:03:54",2023,"inainvienna",TRUE,FALSE,"Video","clips","id",66,"D","D2","","R3-residual",0,0,0,"","","","diaspora; warga; pengajian; WNI; idul adha","D","D","D",15,2,"#484843",FALSE,"Rabu, 28 Juni 2023, KBRI/PTRI Wina bersama Warga Pengajian Austria (Wapena) telah menyelenggarakan Sholat Idul Adha 1444H yang dihadiri oleh sekitar 150 WNI dan Diaspora Muslim Indonesia di kota Wina dan sekitarnya.

Sebagai Khotib dan Imam adalah Ust. Sugeng Haryanto yang dalam khutbahnya menekankan pentingnya contoh ke-ikhsanan Nabi Ibrahim bagi kehidupan kita.

Acara dilanjutkan dengan Halal bihalal dan silaturahmi Dubes RI dengan masyarakat yang merayakan hari lebaran Haji 1444H. 

#IdulAdha1444H
#IdulAdha2023
#Inidiplomasi
#ASEANMatters
#ASEANEpicentrumofGrowth
#IndonesiainAustria
#IndonesiainSlovenia"
"3139557286447458314","CuR8rfKsKgK","https://www.instagram.com/p/CuR8rfKsKgK/","2023-07-04 15:26:55",2023,"inainvienna",TRUE,FALSE,"Sidecar","carousel_container","en",36,"C","C3","A","max",2,0,3,"travel; visit","","visa on arrival; e-VoA; visa","","C","C","C",7,3,"#D7D6D5",FALSE,"Travel to Indonesia now is more convenient with Visa on Arrival (VoA). 

Here<U+2019>s the updated list of countries of VoA an e-VoA holders. 

Please check the infographic or visit the website for more information at www.imigrasi.go.id

#IniDiplomasi
#ASEANMatters
#VoAtoIndonesia
#DitjenImigrasi
#Repost @ditjen_imigrasi with @use.repost"
"3145247752619978738","CumKiqxgm_y","https://www.instagram.com/p/CumKiqxgm_y/","2023-07-12 11:53:36",2023,"inainvienna",TRUE,FALSE,"Video","clips","mixed",123,"D","D1","","R3-residual",0,0,0,"","","","pertemuan; meeting","D","D","D",13,3,"#FEFDFE",FALSE,"#SahabatKemlu, Pertemuan 56th ASEAN Foreign Ministers' Meeting dan Post Ministerial Conference (AMM - PMC) yang dikenal juga dengan Pertemuan Menlu ASEAN, akan berlangsung di DKI Jakarta tanggal 11 hingga 14 Juli 2023. 

Seperti apa keuntungan atau dampak positif dari penyelenggaraan 56th AMM-PMC di Jakarta? 

Simak terus untuk memperoleh informasi terbaru kegiatan 56th AMM-PMC. Jangan lupa beri komentar menarik di video ini ya! 

#AMMPMC2023 #ASEANIndonesia2023 #IndonesiauntukASEAN #ASEANMatters #EpicentrumofGrowth #inidiplomasi

<U+2014>-------------------

#Diplomates, the 56th ASEAN Foreign Ministers' Meeting and Post Ministerial Conference (AMM - PMC) will be held on July 11th to July 14th, 2023, in DKI Jakarta.

What kind of advantages or positive impact will DKI Jakarta gain from the presence of the delegates at these events?

Stay tuned for the latest information on the 56th AMM-PMC. Don't forget to leave comments on this video below.

#AMMPMC2023 #ASEANIndonesia2023 #IndonesiauntukASEAN #ASEANMatters #EpicentrumofGrowth #inidiplomasi"
"3145256459511907318","CumMhXstcP2","https://www.instagram.com/p/CumMhXstcP2/","2023-07-12 12:10:09",2023,"inainvienna",TRUE,FALSE,"Sidecar","carousel_container","en",99,"D","D1","","R3-residual",0,0,0,"","","","pertemuan; meeting","D","D","D",13,3,"#F8F8F8",FALSE,"#SahabatKemlu, tahukah kalian <U+201C>56th ASEAN Foreign Ministers<U+2019> Meeting and Post Ministerial Conference (AMM-PMC)<U+201D> merupakan pertemuan para Menlu ASEAN bersama dengan berbagai negara mitra ASEAN yang diadakan di Jakarta pada 11-14 Juli 2023. Apa saja rangkaian pertemuan yang akan diselenggarakan? simak disini untuk selengkapnya! 

#AMMPMC2023 #ASEANIndonesia2023 #IndonesiauntukASEAN #ASEANMatters #EpicentrumofGrowth #inidiplomasi

<U+2014>--------------------------

#Diplomates did you know that the ""56th ASEAN Foreign Ministers' Meeting and Post Ministerial Conference (AMM-PMC)"" is a series of meetings that will be attended by ASEAN Foreign Ministers from various ASEAN partner countries? These meetings will be held for the first time in Jakarta on July 11-14, 2023. What series of meetings will be held? Find out here for more.

#AMMPMC2023 #ASEANIndonesia2023 #IndonesiauntukASEAN #ASEANMatters #EpicentrumofGrowth #inidiplomasi"
"3145259969917951219","CumNUdBNxzz","https://www.instagram.com/p/CumNUdBNxzz/","2023-07-12 12:17:08",2023,"inainvienna",TRUE,FALSE,"Sidecar","carousel_container","mixed",87,"B","B1","","max",0,2,0,"","resilience; impor","","pertemuan; meeting","B","B","D",13,3,"#F8FAFB",FALSE,"#SahabatKemlu, Indonesia sebagai Ketua ASEAN tengah mempersiapkan pertemuan Menlu ASEAN di Jakarta. <U+0001F1EE><U+0001F1E9> sendiri memiliki beberapa poin penting yang dikedepankan untuk menjaga stabilitas, perdamaian dan ketahan ekonomi. Poin-poin tersebut akan dibahas secara lengkap dalam pertemuan 56th AMM PMC. Simak selengkapnya <U+27A1><U+FE0F>

#AMMPMC2023 #ASEANIndonesia2023 #IndonesiauntukASEAN #ASEANMatters #EpicentrumofGrowth #inidiplomasi

<U+2014>--------------------------

#Diplomates, as the Chair of ASEAN, Indonesia is preparing for the ASEAN Foreign Ministers<U+2019> Meeting that will take place in Jakarta. <U+0001F1EE><U+0001F1E9> itself has several important points proposed to maintain stability, peace, and economic resilience. These points will be discussed in full at the 56th AMM PMC meeting. Read more <U+27A1><U+FE0F>

#AMMPMC2023 #ASEANIndonesia2023 #IndonesiauntukASEAN #ASEANMatters #EpicentrumofGrowth #inidiplomasi"
"3145263518181669647","CumOIFmNrsP","https://www.instagram.com/p/CumOIFmNrsP/","2023-07-12 12:24:11",2023,"inainvienna",TRUE,FALSE,"Sidecar","carousel_container","mixed",77,"D","D1","","R3-residual",0,0,0,"","","","pertemuan; meeting; statement","D","D","D",13,3,"#FCFCFD",FALSE,"Halo #SahabatKemlu, Menlu Retno Marsudi menyampaikan pernyataan dalam pertemuan Komisi Southeast Asia Nuclear Weapon Free Zone (SEANWFZ) di Jakarta (11/7). 

Menlu Retno mengajak para Menlu ASEAN berkomitmen untuk menjaga kawasan Asia Tenggara agar terbebas dari senjata nuklir. 

#AMMPMC2023 #PertemuanMenluASEAN56 #ASEANIndonesia2023
#IndonesiaUntukASEAN #ASEANMatters #EpicentrumofGrowth #IniDiplomasi
<U+2014><U+2014><U+2014><U+2014><U+2014><U+2014><U+2014>

Hello #Diplomates, Indonesian Minister of Foreign Affairs Retno Marsudi conveyed a statement at the Southeast Asia Nuclear Weapon Free Zone (SEANWFZ) Commission meeting in Jakarta (11/7).

In her statement, she invited all ASEAN Foreign Ministers to commit to ensuring a nuclear weapons-free Southeast Asian region

#AMMPMC2023 #PertemuanMenluASEAN56 #ASEANIndonesia2023
#IndonesiaUntukASEAN #ASEANMatters #EpicentrumofGrowth #inidiplomasi"
"3145996136573520207","Cuo0tFpN0lP","https://www.instagram.com/p/Cuo0tFpN0lP/","2023-07-13 12:39:46",2023,"inainvienna",TRUE,FALSE,"Sidecar","carousel_container","en",55,"D","D1","","R3-residual",0,0,0,"","","","meeting","D","D","D",7,3,"#F6F7F7",FALSE,"Indonesian Minister of Foreign Affairs Retno Marsudi officially opened the 56th ASEAN Foreign Ministers' Meeting/Retreat session, Wednesday, July 12th, 2023, in Jakarta.

Would you like to learn more about Indonesia's standpoint on the ASEAN Retreat? What role has Indonesia played prior to the start of the retreat? Keep watching the video to find out more.

#AMMPMC2023 #PertemuanMenluASEAN56 #ASEANIndonesia2023
#IndonesiaUntukASEAN #ASEANMatters #EpicentrumofGrowth #IniDiplomasi"
"3145999645511258666","Cuo1gJmNBIq","https://www.instagram.com/p/Cuo1gJmNBIq/","2023-07-13 12:46:44",2023,"inainvienna",TRUE,FALSE,"Sidecar","carousel_container","id",48,"D","D1","","R3-residual",0,0,0,"","","","pertemuan; meeting","D","D","D",13,3,"#FAFAFB",FALSE,"Menlu RI Retno Marsudi secara resmi membuka rangkaian pertemuan 56th ASEAN Foreign Ministers<U+2019> Meeting/ sesi Retreat, Rabu 12 Juli 2023 di Jakarta. 

Ingin tahu lebih banyak bagaimana sikap Indonesia dalam ASEAN Retreat? kira-kira apa saja ya peran Indonesia sebelum sesi Retreat ini berlangsung? Yuk simak hingga selesai ya videonya. 

#AMMPMC2023 #PertemuanMenluASEAN56 #ASEANIndonesia2023
#IndonesiaUntukASEAN #ASEANMatters #EpicentrumofGrowth #IniDiplomasi"
"3146003679634907297","Cuo2a2qteCh","https://www.instagram.com/p/Cuo2a2qteCh/","2023-07-13 12:54:45",2023,"inainvienna",TRUE,FALSE,"Sidecar","carousel_container","en",39,"D","D1","","R3-residual",0,0,0,"","","","meeting","D","D","D",7,3,"#F9F9FA",FALSE,"Saudi Arabia has become the 51st country to accede to the Treaty of Amity and Cooperation (TAC) at the 56th ASEAN Foreign Ministers' Meeting, Wednesday, July 12, 2023, in Jakarta.

#Diplomates, would you like to know more about TAC? Find out here.

#AMMPMC2023 #PertemuanMenluASEAN56 #ASEANIndonesia2023
#IndonesiaUntukASEAN #ASEANMatters #EpicentrumofGrowth #IniDiplomasi"
"3146008021309985826","Cuo3aCKthQi","https://www.instagram.com/p/Cuo3aCKthQi/","2023-07-13 13:03:22",2023,"inainvienna",TRUE,FALSE,"Sidecar","carousel_container","id",34,"D","D1","","R3-residual",0,0,0,"","","","pertemuan","D","D","D",13,3,"#F9F9FA",FALSE,"Saat ini, Arab Saudi <U+0001F1F8><U+0001F1E6> jadi negara ke-51 yang menandatangani aksesi Treaty of Amity and Cooperation (TAC) pada kegiatan pertemuan Menlu ASEAN ke-56, Rabu 12 Juli 2023 di Jakarta. 

#SahabatKemlu ingin tahu lebih lanjut tentang TAC? Simak selengkapnya <U+27A1><U+FE0F>

#AMMPMC2023 #PertemuanMenluASEAN56 #ASEANIndonesia2023
#IndonesiaUntukASEAN #ASEANMatters #EpicentrumofGrowth #IniDiplomasi"
"3146971863192172524","CusSjx3t_fs","https://www.instagram.com/p/CusSjx3t_fs/","2023-07-14 20:58:21",2023,"inainvienna",TRUE,FALSE,"Sidecar","carousel_container","en",63,"D","D1","","R3-residual",0,1,0,"","kendaraan listrik","","pertemuan","D","B","D",13,3,"#FBFBFB",FALSE,"#SahabatKemlu, Menlu RI mengajak Jepang untuk bekerja sama mengembangkan ekosistem kendaraan listrik di ASEAN. Pernyataan tersebut disampaikan alam pertemuan ASEAN-Japan Post Ministerial Conference (PMC).

<U+0001F1EE><U+0001F1E9> membahas beberapa hal, simak selanjutnya <U+27A1><U+FE0F>

#AMMPMC2023 #ASEANIndonesia2023 #IndonesiaUntukASEAN #EpicentrumofGrowth #ASEANMatters #IniDiplomasi

---------------

#Diplomates, the Indonesian Minister of Foreign Affairs invited Japan to collaborate in developing the electric vehicle ecosystem in ASEAN. This was stated at the ASEAN-Japan Post Ministerial Conference (PMC).

<U+0001F1EE><U+0001F1E9>discussed several things, see more <U+27A1><U+FE0F> <U+27A1><U+FE0F>

#AMMPMC2023 #ASEANIndonesia2023 #IndonesiaUntukASEAN #EpicentrumofGrowth #ASEANMatters #IniDiplomasi"
"3146975767610952322","CusTcmJNoqC","https://www.instagram.com/p/CusTcmJNoqC/","2023-07-14 21:06:07",2023,"inainvienna",TRUE,FALSE,"Sidecar","carousel_container","en",73,"C","C1","","max",0,0,2,"","","security","meeting","C","C","D",13,3,"#FCFCFC",TRUE,"#Diplomates, Indonesia encourages strengthening cooperation in food security between ASEAN and India. In her opening speech at the meeting of ASEAN Foreign Ministers with the Indian Foreign Minister yesterday (13/7), the Foreign Minister of the Republic of Indonesia stated that the growing population of ASEAN and India depends on food security. We need to work together to ensure the availability, access and affordability of food during crises.

Watch the following video to find out more!

#AMMPMC2023 #ASEANIndonesia2023 #IndonesiauntukASEAN #ASEANMatters #EpicentrumofGrowth #IniDiplomasi"
"3146978836809610223","CusUJQjtXPv","https://www.instagram.com/p/CusUJQjtXPv/","2023-07-14 21:12:13",2023,"inainvienna",TRUE,FALSE,"Sidecar","carousel_container","id",60,"D","D1","","R3-residual",0,0,1,"","","keamanan","pertemuan","D","C","D",13,3,"#FCFCFC",FALSE,"#SahabatKemlu, Indonesia mendorong penguatan kerja sama bidang ketahanan pangan antara ASEAN dengan India. Dalam pidato pembukanya dalam pertemuan para Menlu ASEAN dengan Menlu India kemarin (13/7), Menlu menyampaikan bahwa populasi ASEAN dan India terus tumbuh dan bergantung pada keamanan pangan. Kita perlu berupaya bersama untuk memastikan ketersediaan, akses, dan keterjangkauan pangan di masa krisis. 

Yuk tonton video ini untuk tahu lebih lengkapnya!

#AMMPMC2023 #ASEANIndonesia2023 #IndonesiauntukASEAN #ASEANMatters #EpicentrumofGrowth #IniDiplomasi"
"3147349803973050450","CutofiptYBS","https://www.instagram.com/p/CutofiptYBS/","2023-07-15 09:29:15",2023,"inainvienna",TRUE,FALSE,"Sidecar","carousel_container","en",148,"D","D1","","R3-residual",0,1,0,"","impor","","pertemuan; meeting","D","B","D",13,3,"#F4F5F5",FALSE,"#SahabatKemlu, rangkaian Pertemuan Menlu ASEAN/ AMM PMC ke-56 telah selesai dilakukan. Pertemuan berlangsung sejak 11-14 Juli 2023 dan dihadiri 27 Pejabat Tingkat Menteri.

Diskusi berjalan dengan terbuka dan dinamis. Indonesia sebagai Ketua ASEAN berusaha untuk menjadi <U+201C>good listener, a good bridge builder<U+201D>, and provides comfortable space fol all to talk.<U+201D>

Peran ASEAN penting untuk perdamaian, stabilitas dan pertumbuhan kawasan. Terdapat beberapa catatan penting dalam rangkaian AMM PMC ke-56, simak selengkapnya ya<U+2026> 

#AMMPMC2023 #PertemuanMenluASEAN56 #ASEANIndonesia2023
#IndonesiaUntukASEAN #ASEANMatters #EpicentrumofGrowth #IniDiplomasi

===============

The 56th ASEAN Foreign Ministers' Meeting and Post-Ministerial Conference (AMM - PMC) have just been concluded. The meetings took place from July 11-14, 2023, and were attended by 27 ministerial-level officials.

The discussions were very open and dynamic. As the Chair of ASEAN, Indonesia made efforts to be a <U+201C>good listener<U+201D>, a good bridge builder"", and provide a comfortable space for all to talk.

ASEAN's role is important for regional peace, stability and growth. There are several points highlighted in the 56th AMM-PMC series, see more<U+2026>.

#AMMPMC2023 #PertemuanMenluASEAN56 #ASEANIndonesia2023
#IndonesiaUntukASEAN #ASEANMatters #EpicentrumofGrowth #IniDiplomasi"
"3147353719053782595","CutpYg2tI5D","https://www.instagram.com/p/CutpYg2tI5D/","2023-07-15 09:37:02",2023,"inainvienna",TRUE,FALSE,"Sidecar","carousel_container","en",73,"D","D1","","R3-residual",0,0,0,"","","","pertemuan; meeting; statement","D","D","D",7,3,"#EDEFF5",FALSE,"#SahabatKemlu, Menlu <U+0001F1EE><U+0001F1E9> menyampaikan <U+201C>Indo-Pasifik jangan sampai menjadi medan perang. Kawasan ini harus tetap stabil,<U+201D>. Pernyataan tersebut disampaikan dalam pertemuan East Asia Summit (EAS) pada Jumat (14/7) di Jakarta. 

Penasaran pembahasan lebih lengkap? Swipe yaa.. 

#AMMPMC2023 #ASEANIndonesia2023 #IndonesiaUntukASEAN #EpicentrumofGrowth #ASEANMatters #IniDiplomasi

================

#Diplomates, the Minister of Foreign Affairs <U+0001F1EE><U+0001F1E9> stated that <U+201C>The Indo-Pacific is not a battleground. This region must remain stable.<U+201D> The statement was made at the East Asia Summit (EAS) meeting on Friday (14/7) in Jakarta.

Swipe to learn more about the meeting<U+2026>

#AMMPMC2023 #ASEANIndonesia2023 #IndonesiaUntukASEAN #EpicentrumofGrowth #ASEANMatters #IniDiplomasi"
"3147355199567790070","CutpuDsN3_2","https://www.instagram.com/p/CutpuDsN3_2/","2023-07-15 09:39:59",2023,"inainvienna",TRUE,FALSE,"Sidecar","carousel_container","en",63,"D","D1","","R3-residual",0,1,0,"","impor","","meeting","D","B","D",13,3,"#FCFBFB",FALSE,"Hello #Diplomates, Minister for Foreign Affairs Retno <U+0001F1EE><U+0001F1E9> chaired the 30th ASEAN Regional Forum (ARF) Meeting in Jakarta last Friday (14/7). The meeting highlighted the importance of the ARF having a Preventive Diplomacy role in maintaining peace and preventing conflicts in the region.

Following the meeting, three recommendations were made regarding the ARF<U+2019>s preventive diplomacy role. Watch the video until the very end for more information..

#AMMPMC2023
#ASEANIndonesia2023
#IndonesiaUntuk ASEAN
#ASEANMatters 
#EpicentrumofGrowth
#IniDiplomasi"
"3147356345023612419","Cutp-uetEYD","https://www.instagram.com/p/Cutp-uetEYD/","2023-07-15 09:42:15",2023,"inainvienna",TRUE,FALSE,"Sidecar","carousel_container","id",51,"D","D1","","R3-residual",0,0,0,"","","","pertemuan","D","D","D",13,3,"#FCFCFB",FALSE,"Halo #SahabatKemlu, Menlu Retno <U+0001F1EE><U+0001F1E9> memimpin Pertemuan ASEAN Regional Forum (ARF) ke-30 di Jakarta Jumat kemarin (14/7). Pertemuan tersebut membahas pentingnya ARF memiliki peran Preventive Diplomacy untuk menjaga perdamaian dan mencegah terjadinya konflik di kawasan.

Dari pertemuan ini, terdapat 3 rekomendasi untuk menjadikan ARF memiliki peranPreventive Diplomacy. Selengkapnya, tonton video hingga detik terakhir yaa

#AMMPMC2023
#ASEANIndonesia2023
#IndonesiaUntuk ASEAN
#ASEANMatters 
#EpicentrumofGrowth
#IniDiplomasi"
"3149485876572570278","Cu1OLfSN8Km","https://www.instagram.com/p/Cu1OLfSN8Km/","2023-07-18 08:13:15",2023,"inainvienna",TRUE,FALSE,"Sidecar","carousel_container","mixed",48,"D","D5","","R3-residual",0,0,0,"","","","tahun baru","D","D","D",7,3,"#E5E5E5",FALSE,"The Embassy will be closed on Wednesday, 19th July 2023 on the occasion of Islamic New Year and will resume on Thursday, 
20th July 2023.
_______________
Kedutaan Besar Republik Indonesia tutup pada hari Rabu, 19 Juli 2023 dalam rangka memperingati Tahun Baru Islam dan akan dibuka kembali pada hari Kamis, 20 Juli 2023. Terima kasih!"
"3149496670689155110","Cu1QokFs9gm","https://www.instagram.com/p/Cu1QokFs9gm/","2023-07-18 08:34:42",2023,"inainvienna",TRUE,FALSE,"Image","feed","id",41,"D","D5","","R3-residual",0,0,0,"","","","tahun baru; selamat","D","D","D",5,2,"#66C4CF",FALSE,"Selamat memperingati Tahun Baru Islam, 1 Muharram 1445 H. Semoga tahun ini menjadi awalan yang baik dan penuh berkah. 

Dalam rangka hari libur Tahun Baru Islam 1445 Hijriah, KBRI/PTRI Wina dan Pelayanan Kekonsuleran tutup pada hari Rabu, 19 Juli 2023. 

Untuk keperluan darurat, silahkan menghubungi Hotline: +436763401946. 

#inidiplomasi
#TahunBaruIslam1445hijriah
#TahunBaruIslam1445H
#IndonesiainAustria
#IndonesiainSlovenia
#ASEANMatters
#IndonesiaKetuaASEAN2023"
"3162090454761304829","CviAIPfs3L9","https://www.instagram.com/p/CviAIPfs3L9/","2023-08-04 17:36:18",2023,"inainvienna",TRUE,FALSE,"Image","feed","id",39,"D","D3","","R3-residual",0,0,0,"","","","WNI; HUT RI","D","D","D",5,2,"#E2D9CD",FALSE,"Yuk! kita dukung tim-tim Kelompok Sepakbola WNI di Wina yang akan bertanding, dalam rangka memperingati HUT RI ke-78, KBRI/PTRI Wina, yang akan dilaksanakan pada: 

Hari/Tanggal: Minggu, 6 Agustus 2023
Waktu: 09.00 - Selesai
Tempat: Lapangan Sepakbola, ASK<U+00D6> 20 Brigittenau, Hopsgasse 5, 1200, Wina

#DirgahayuIndonesia78tahun <U+0001F1EE><U+0001F1E9>
#Indonesiaterusmelaju
#TerusMelajuuntukIndonesiaMaju
#HUTRI78KBRIWina
#PPIAustria
#PPISlovenia"
"3164306106860361205","Cvp36OUAtX1","https://www.instagram.com/p/Cvp36OUAtX1/","2023-08-07 19:13:24",2023,"inainvienna",TRUE,FALSE,"Video","clips","id",104,"D","D2","","R3-residual",0,0,0,"","","","masyarakat indonesia; komunitas; lomba; HUT RI; selamat","D","D","D",5,2,"#717661",FALSE,"Duta Besar/Watap RI di Wina, Bapak Damos Dumoli Agusman membuka lomba perdana Sepakbola yang merupakan rangkaian Perayaan HUT RI ke-78. 

Bapak Dubes RI Wina membuka lomba dengan melakukan tendangan penalti ke gawang. 

Lomba Sepakbola diikuti oleh Perwakilan Komunitas Masyarakat Indonesia yang menetap di Austria. 

Empat Tim yang bertanding yaitu; Tim Cendrawasih, Kakatua, Merpati dan Rajawali. Tim Kakatua menjadi pemenang Juara I setelah melakukan adu penalti dengan Tim Merpati. 

Keseruan Lomba Sepakbola tidak terlepas dari semangat kerja sama KBRI/PTRI Wina dengan Komunitas Masyarakat Indonesia di Austria. 

Selamat kepada Pemenang dan bagi Tim yang kalah tetap semangat untuk menang di Perlombaan HUT RI Ke-78 lainnya. 

#HUTRIKe78
#HUTRIKe78KbriWina
#LombaHUTRI
#LombaHUTRIKe78
#HUTRI78KBRIWina
#PPIAustria
#PPISlovenia"
"3164326453046312085","Cvp8iTLMnyV","https://www.instagram.com/p/Cvp8iTLMnyV/","2023-08-07 19:38:50",2023,"inainvienna",TRUE,FALSE,"Image","feed","id",34,"D","D2","","R3-residual",0,0,0,"","","","lomba; HUT RI","D","D","D",5,2,"#291518",FALSE,"Yuk! kita dukung peserta lomba E-Sport dan Semi Final lomba Catur yang akan bertanding, dalam rangka memperingati HUT RI ke-78, KBRI/PTRI Wina, pada: 

Hari/Tanggal: Sabtu, 12 Agustus 2023
Waktu: 10.00 - Selesai
Tempat: KBRI/PTRI Wina

#HUTRIKe78
#HUTRIKe78KBRIWina
#DirgahayuIndonesia78tahun <U+0001F1EE><U+0001F1E9>
#Indonesiaterusmelaju
#TerusMelajuuntukIndonesiaMaju
#PPIAustria
#PPISlovenia"
"3164962665645774820","CvsNMaVMJfk","https://www.instagram.com/p/CvsNMaVMJfk/","2023-08-08 16:42:52",2023,"inainvienna",TRUE,FALSE,"Image","feed","id",63,"D","D2","","R3-residual",0,0,0,"","","","masyarakat indonesia; komunitas; HUT RI","D","D","D",5,2,"#E3FAF0",FALSE,"KBRI/PTRI Wina, mengundang seluruh Komunitas Masyarakat Indonesia di Austria dan Slovenia untuk turut meramaikan Pesta Rakyat dalam rangka HUT RI Ke-78, yang akan dilaksanakan pada: 

Hari/Tanggal: Sabtu, 26 Agustus 2023
Waktu: 10.30 - Selesai
Tempat: KBRI/PTRI Wina

Nah!! buat yang ingin menawarkan makanan dan jajanan pasar khas Indonesia pada saat Pesta Rakyat nanti, segera daftar di link berikut ya: 

http://bit.ly/PestaRakyat78Wina

Pendaftaran dibuka sampai dengan, 13 Agustus 2023. 

#IndonesiamelajuIndonesiamaju
#HUTRI
#HUTRIKe78
#HUTRIKe78KBRIWina
#PestaRakyat
#PestaRakyat2023
#PestaRakyatKBRIWina
#PestaRakyatKBRIWina2023
#IndonesiainAustria
#IndonesiainSlovenia
#PPIAustria
#PPISlovenia
#Inidiplomasi
#ASEANMatters
#IndonesiaKetuaASEAN2023"
"3165108325725605447","CvsuUC2gY5H","https://www.instagram.com/p/CvsuUC2gY5H/","2023-08-08 21:36:04",2023,"inainvienna",TRUE,FALSE,"Video","clips","en",107,"D","D4","","R3-residual",0,0,0,"","","","permanent mission; commemoration","D","D","D",13,3,"#8ABCEE",FALSE,"HAPPY 56TH ASEAN DAY
 
The ASEAN Vienna Committee (AVC) joins other ASEAN Embassies, Permanent Missions, and ASEAN Committees in Third Countries (ACTCs) around the world in celebrating the 56th ASEAN Day this 08 August 2023.

ASEAN Day is the annual commemoration of the establishment of the Association of Southeast Asian Nations (ASEAN) <U+2013> a regional intergovernmental organization that fosters cooperation and integration among its ten member states in Southeast Asia.

The AVC, which is composed of the Embassies and Permanent Missions of Indonesia, Lao PDR, Malaysia, Myanmar, Philippines, Singapore, Thailand, and Viet Nam, is tasked to promote the organization<U+2019>s interests and identity in Austria and in the Vienna-based International Organizations. 

#iniDiplomasi #ASEANMatters #ASEANEpicentrumofGrowth #IndonesiaKetuaASEAN2023 
#ASEANat56, #WeAreASEAN, #ASEANMonth, #WeAreASEAN56, #ASEAN56, #ASEANyouth2023, #ASEANmatters, #EmpoweringASEAN, #EpicentreofASEANGrowth #ASEANregionalgrowth, #56thASEAN, #ProgressiveASEAN"
"3165865320950906589","CvvabxmAb7d","https://www.instagram.com/p/CvvabxmAb7d/","2023-08-09 22:54:13",2023,"inainvienna",TRUE,FALSE,"Video","clips","id",93,"D","D3","","R6",0,1,0,"","perdagangan","pemilu","masyarakat indonesia; WNI; PPLN","D","B","D",5,2,"#EEE4DF",TRUE,"Dubes RI, Dr. iur. Damos Dumoli Agusman, dalam sambutan pembukaannya pada Sosialisasi PPLN Wina di KBRI Wina sampaikan pentingnya peran PPLN dalam mewujudkan hak politis WNI di Austria dan Slovenia menyongsong Pemilu 2024.

Kegiatan dihadiri oleh segenap WNI dan pemuka masyarakat Indonesia yang bermukim di Wina dan sekitarnya, dengan narasumber Ketua PPLN Wina Sdr. Kabul Kurniawan, dan para anggota PPLN, Sdri. Shahanaz Nabila Fuady dan Sdr. Rehmadanta Sitepu.

Acara dilanjutkan dengan sesi tanya jawab dan ramah tamah. Pada kesempatan tersebut juga ditayangkan video pesan layanan masyarakat tentang Tindak Pidana Perdagangan Orang melalui Scam Online.

#PPLN2024
#PPLNWina
#SosialisasiPPLN2024
#SosialisasiPPLNWina
#IndonesiainAustria
#IndonesiainSlovenia
#PPIAustria
#PPISlovenia
#uppbeat"
"3167178145345364775","Cv0E74lsOMn","https://www.instagram.com/p/Cv0E74lsOMn/","2023-08-11 18:04:38",2023,"inainvienna",TRUE,FALSE,"Image","feed","id",44,"D","D2","","R3-residual",0,0,0,"","","","lomba; WNI; HUT RI","D","D","D",5,2,"#F9FAF9",FALSE,"Yuk! kita dukung peserta Lomba Bulu Tangkis & Tenis Meja WNI di Wina yang akan bertanding, dalam rangka memperingati HUT RI ke-78, KBRI/PTRI Wina, yang akan dilaksanakan pada: 

Hari/Tanggal: Minggu, 13 Agustus 2023
Waktu: 10.00- Selesai
Tempat: RACKETWORLD
Kendlerstra<U+00DF>e 47, 1160 Wina
Dress code: Sport Attire (Red & White) 

#DirgahayuIndonesia78tahun <U+0001F1EE><U+0001F1E9>
#Indonesiaterusmelaju
#TerusMelajuuntukIndonesiaMaju
#HUTRIKe78
#HUTRIKe78KbriWina
#LombaHUTRI
#LombaHUTRIKe78
#HUTRI78KBRIWina
#PPIAustria
#PPISlovenia"
"3167836466034255277","Cv2antggCWt","https://www.instagram.com/p/Cv2antggCWt/","2023-08-12 15:55:07",2023,"inainvienna",TRUE,FALSE,"Video","clips","id",130,"D","D2","","R3-residual",0,0,0,"","","","masyarakat indonesia; komunitas; lomba; HUT RI; selamat","D","D","D",5,2,"#D21715",FALSE,"Hari ini, Duta Besar/Watap RI di Wina, Bapak Damos Dumoli Agusman membuka lomba E-Sport yang berlangsung di KBRI/PTRI Wina dan merupakan rangkaian Perayaan HUT RI ke-78. 

Bapak Dubes dan Bapak A. Alfiano Tamala juga menyaksikan Semi Final Lomba Catur Online yang diselenggarakan bersamaan dengan pelaksanaan Lomba E-Sport. 

Kedua lomba diikuti oleh Perwakilan Komunitas Masyarakat Indonesia yang menetap di Austria. 

Keseruan Lomba Catur Online dan E-Sport tentunya tidak terlepas dari semangat kerja sama KBRI/PTRI Wina dengan Komunitas Masyarakat Indonesia di Austria. 

Selamat kepada Pemenang Lomba Catur Online: 
Juara I Khairul Anam
Juara II Ghalfan
Juara III Gregor K<U+00E4>fer 

dan pemenang Lomba E-Sport: 
Juara I Immanuel Wicaksono
Juara II Yuri Noberson
Juara III M. Aziz Muslim. 

Bagi Tim yang kalah tetap semangat untuk menang di Perlombaan HUT RI Ke-78 KBRI/PTRI Wina lainnya. 

#DirgahayuIndonesia78tahun <U+0001F1EE><U+0001F1E9>
#Indonesiaterusmelaju
#TerusMelajuuntukIndonesiaMaju
#HUTRIKe78
#HUTRIKe78KbriWina
#LombaHUTRI
#LombaHUTRIKe78
#HUTRI78KBRIWina
#PPIAustria
#PPISlovenia"
"3169940015748885737","Cv946Y2Aizp","https://www.instagram.com/p/Cv946Y2Aizp/","2023-08-15 13:52:46",2023,"inainvienna",TRUE,FALSE,"Video","clips","id",203,"D","D2","","R3-residual",0,0,0,"","","","masyarakat indonesia; komunitas; lomba; HUT RI; selamat","D","D","D",5,2,"#F0E0E1",FALSE,"Pada 13 Agustus, Duta Besar/Watap RI di Wina, Bapak Damos Dumoli Agusman membuka lomba Bulu Tangkis & Tenis Meja yang berlangsung di Racketworld Wina dan merupakan rangkaian Perayaan HUT RI ke-78. 

Wakil Kepala Perwakilan RI/DCM, Bapak A. Alfiano Tamala, juga turut bertanding pada lomba Bulu Tangkis & Tenis Meja. 

Kedua lomba diikuti oleh 50 peserta dari Perwakilan Komunitas Masyarakat Indonesia yang menetap di Austria. 

Keseruan Lomba Bulu Tangkis dan Tenis Meja tentunya tidak terlepas dari semangat kerja sama KBRI/PTRI Wina dengan Komunitas Masyarakat Indonesia di Austria. 

Selamat kepada seluruh pemenang: 

*Bulu Tangkis Ganda Pria*
Juara I A. Alfiano Tamala & Romo Anton Dewa
Juara II Wingko Silaen & Nursin
Juara III Martin & Ryan Sentosa

*Bulu Tangkis Ganda Putri*
Juara I Nathanya Queby Satriani & Hanissa Erwin
Juara II Fritska Pasaribu & Ryan Andriani
Juara III Gardinia Katrin & Rita Juniarti

*Tenis Meja Ganda Pria:*
Juara I Dr. Yayang Chandra & Arya Gunawan Usis
Juana II Andi Ahmad Junirsah & Wendy Marpaung
Juara 3 Sugeng Haryanto & Rehmadanta Sitepu

*Tenis Meja Ganda Putri*
Juara I Meri Volia & Sully Syahril
Juara II Ulfah Nurzannah & Gardinia Katrin
Juara III Manis Karyani Haryanto & Rita Juniarti

Bagi Tim yang kalah tetap semangat untuk menang di Perlombaan HUT RI Ke-78 KBRI/PTRI Wina yang akan berlangsung saat Pesta Rakyat nanti. 

*Terus Melaju, Untuk Indonesia Maju!* <U+0001F1EE><U+0001F1E9>

#DirgahayuIndonesia78tahun <U+0001F1EE><U+0001F1E9>
#Indonesiaterusmelaju
#TerusMelajuuntukIndonesiaMaju
#HUTRIKe78
#HUTRIKe78KbriWina
#LombaHUTRI
#LombaHUTRIKe78
#HUTRI78KBRIWina
#PPIAustria
#PPISlovenia"
"3169976496701034406","Cv-BNQYM8-m","https://www.instagram.com/p/Cv-BNQYM8-m/","2023-08-15 14:44:27",2023,"inainvienna",TRUE,FALSE,"Image","feed","id",69,"D","D5","","R3-residual",0,0,0,"","","","HUT RI","D","D","D",5,2,"#0E2954",FALSE,"<U+201C>Jalan-jalan ke Kota Wina,
Jajan ke Naschmarkt membeli alpukat,
Jaga kesehatan dan stamina,
Jangan lewatkan hadir di Pesta Rakyat!<U+201D>

Yuk, ramaikan puncak rangkaian perayaan HUT RI ke-78 KBRI/PTRI Wina di Pesta Rakyat, yang akan diselenggarakan pada: 

Hari/Tanggal: Sabtu, 26 Agustus 2023
Pukul: 10.30 - Selesai
Tempat: KBRI/PTRI Wina
Pakaian: Santai & Sopan

Jangan lupa untuk mengajak keluarga & kolega untuk meramaikan Pesta Rakyat  tahun ini ya..! 

*Terus Melaju, Untuk Indonesia Maju!* <U+0001F1EE><U+0001F1E9>

#DirgahayuIndonesia78tahun <U+0001F1EE><U+0001F1E9>
#Indonesiaterusmelaju
#TerusMelajuuntukIndonesiaMaju
#HUTRIKe78
#HUTRIKe78KbriWina
#LombaHUTRI
#LombaHUTRIKe78
#HUTRI78KBRIWina
#PPIAustria
#PPISlovenia"
"3170868589141121283","CwBMC6NM1kD","https://www.instagram.com/p/CwBMC6NM1kD/","2023-08-16 20:16:53",2023,"inainvienna",TRUE,FALSE,"Sidecar","carousel_container","id",34,"D","D5","","R3-residual",0,0,1,"","","DPR","sidang; HUT RI; proklamasi; kemerdekaan; peringatan","D","C","D",14,2,"#DF060A",FALSE,"Pagi ini tgl 16 Agustus 2023, Presiden RI. Jokowidodo menyampaikan Pidato Kenegaraan dalam Sidang Tahunan MPR RI dan Sidang Bersama DPR RI dan DPD RI dalam rangka peringatan HUT RI ke 78 Proklamasi kemerdekaan Repulik Indonesia.(Part 1)

#pidatopresiden2023#IndonesiaTerusMelaju#IniDiplomasi#RintisKemajuan#NegaraMelindungi#Indonesiauntukdunia#hutri78"
"3170870712859882454","CwBMh0Es_PW","https://www.instagram.com/p/CwBMh0Es_PW/","2023-08-16 20:22:33",2023,"inainvienna",TRUE,FALSE,"Video","clips","id",33,"D","D6","","R3-residual",0,0,0,"","","","","D","D","D",14,2,"#2D3742",FALSE,"Hallo Sobat di Austria dan Slovenia, hari ini Presiden RI Bapak Jokwidodo menyampaikan Pidato Kenegaraan. Pakaian Adat apa sih yang dikenakan oleh bapak Presiden kita. Yuk mari kita Simak video singkat berikut ini #kemensetnegRI#PidatoPresiden2023#IndonesiaTerusMaju#HUTRI78#Inidiplomasi#Indonesiauntukdunia"
"3171192900301120381","CwCVyQgsGN9","https://www.instagram.com/p/CwCVyQgsGN9/","2023-08-17 07:02:00",2023,"inainvienna",TRUE,FALSE,"Video","clips","id",38,"D","D5","","R3-residual",1,0,1,"budaya","","DPR","sidang; HUT RI; proklamasi; kemerdekaan; peringatan","D","C","D",14,2,"#7F8086",FALSE,"Pidato Presiden Republik Indonesia pada tgl 16 Agustus 2023.<U+201D> menyampaikan Pidato Kenegaraan dalam Sidang Tahunan MPR RI dan Sidang Bersama DPR RI dan DPD RI dalam rangka peringatan HUT RI ke 78 Proklamasi kemerdekaan Repulik Indonesia <U+201E>Polusi Budaya Melukai Budi pekerti <U+201C>
#pidatopresiden2023#IndonesiaTerusMelaju#IniDiplomasi#RintisKemajuan#NegaraMelindungi#Indonesiauntukdunia#HUTRI78"
"3171307166589123290","CwCvxDSMfra","https://www.instagram.com/p/CwCvxDSMfra/","2023-08-17 10:48:48",2023,"inainvienna",TRUE,FALSE,"Video","clips","id",36,"D","D5","","R3-residual",0,0,1,"","","DPR","sidang; HUT RI; proklamasi; kemerdekaan; peringatan","D","C","D",14,2,"#94949D",FALSE,"<U+201E>MERAIH INDONESIA EMAS 2045 <U+201C>, Pidato Presiden Republik Indonesia pada tgl 16 Agustus 2023.<U+201D> menyampaikan Pidato Kenegaraan dalam Sidang Tahunan MPR RI dan Sidang Bersama DPR RI dan DPD RI dalam rangka peringatan HUT RI ke 78 Proklamasi kemerdekaan Repulik Indonesia 
#pidatopresiden2023#IndonesiaTerusMelaju#IniDiplomasi#RintisKemajuan#NegaraMelindungi#Indonesiauntukdunia#HUTRI78"
"3171408071241084162","CwDGtaEIa0C","https://www.instagram.com/p/CwDGtaEIa0C/","2023-08-17 14:09:19",2023,"inainvienna",TRUE,FALSE,"Video","clips","id",36,"D","D5","","R3-residual",0,1,1,"","hilirisasi","DPR","sidang; HUT RI; proklamasi; kemerdekaan; peringatan","D","C","D",14,2,"#16171A",TRUE,"""HILIRISASI UNTUK KESEJAHTERAAN<U+201C>, Pidato Presiden Republik Indonesia pada tgl 16 Agustus 2023.<U+201D> menyampaikan Pidato Kenegaraan dalam Sidang Tahunan MPR RI dan Sidang Bersama DPR RI dan DPD RI dalam rangka peringatan HUT RI ke 78 Proklamasi kemerdekaan Repulik Indonesia 
#pidatopresiden2023#IndonesiaTerusMelaju#IniDiplomasi#RintisKemajuan#NegaraMelindungi#Indonesiauntukdunia#HUTRI78#IniDiplomasi"
"3172306407348387494","CwGS96wsj6m","https://www.instagram.com/p/CwGS96wsj6m/","2023-08-18 20:34:08",2023,"inainvienna",TRUE,FALSE,"Video","clips","id",214,"D","D2","","R3-residual",0,0,0,"","","","diaspora; masyarakat indonesia; PPI; pelajar; mahasiswa; warga; pengajian; WNI; PBB; upacara; bendera","D","D","D",5,2,"#F86B75",FALSE,"Pada 17 Agustus 2023 perwakilan tiga generasi WNI serta Diaspora Indonesia di Austria berkumpul merayakan dengan khidmat HUT ke-78 RI di KBRI/PTRI Wina. 

Sekitar 150 peserta hadir yang terdiri dari staf KBRI/PTRI Wina dan keluarga, perwakilan mahasiswa, kelompok agama Islam, Kristen dan Hindu di Austria, profesional di organisasi internasional, serta para sesepuh WNI dan Diaspora di Austria.

Acara dimeriahkan dengan pertunjukan Aubade anak-anak staff KBRI/PTRI Wina dan masyarakat Indonesia di Wina dan sekitarnya, juga digunakan untuk meresmikan konstruksi Ruang Loket Layanan Kekonsuleran KBRI Wina.

Upacara Bendera dipimpin langsung oleh Dr. iur. Damos Dumoli Agusman, Duta Besar RI untuk Austria, Slovenia, PBB dan Organisasi Internasional di Wina serta para petugas upacara dan Paskibra dari unsur KBRI/PTRI Wina, Perhimpunan Pelajar Indonesia (PPI) di Austria, serta Warga Pengajian di Austria (Wapena).

Pada acara ramah tamah seusai upacara dan peresmian fasilitas baru tersebut, telah dilakukan juga acara pemotongan tumpeng merah putih oleh Duta Besar RI dan potongan pertama diberikan kepada WNI tertua di Austria yang hadir, yaitu Bapak Petrus Canisius Prijapratama yang telah berusia 89 tahun dan merupakan pensiunan OFID. 

Acara ramah tamah juga dilengkapi dengan <U+201C>jamming session<U+201D> oleh Band Keroncong Zugabe KBRI/PTRI Wina yang memainkan lagu-lagu perjuangan dan lagu kenangan dengan partisipasi penyanyi dari kelompok senior dan sesepuh WNI dan Diasporan Indonesia di Austria.

#DirgahayuIndonesia78tahun <U+0001F1EE><U+0001F1E9>
#Indonesiaterusmelaju
#TerusMelajuuntukIndonesiaMaju
#HUTRIKe78
#HUTRIKe78KbriWina
#LombaHUTRI
#LombaHUTRIKe78
#HUTRI78KBRIWina
#PPIAustria
#PPISlovenia"
"3174216009501593199","CwNFKSWs05v","https://www.instagram.com/p/CwNFKSWs05v/","2023-08-21 11:07:37",2023,"inainvienna",TRUE,FALSE,"Image","feed","id",90,"D","D3","","R6",0,0,0,"","","persyaratan","WNI; paspor; konsuler; selamat","D","D","D",6,2,"#FDFCFC",FALSE,"Selamat siang Bapak Ibu WNI di Austria dan Slovenia,

Izin menginfokan bahwa KBRI akan membuka layanan *Warung Konsuler* saat Pesta Rakyat di KBRI Wina pada Sabtu, 26 Agustus 2023 pukul 10.00 - 15.00.

Layanan yg diberikan antara lain:
1. Pembuatan/perpanjangan paspor 10 tahun (foto dan sidik jari biometrik)
2. Penambahan kolom tanda tangan pada paspor RI
3. Penerbitan surat pencatatan dan keterangan 
4. Penerbitan NIT bagi yang belum pernah memiliki NIK (dibatasi 5 pendaftar)
5. Konsultasi kekonsuleran dll

Buat yang ingin mendapatkan layanan kekonsuleran Wajib daftar via: 
bit.ly/WarkonPestaRakyat2023
Persyaratan dokumen bisa diakses di: 
bit.ly/DOCSWARKON2023

Salam hangat dan sampai jumpa!

Tim Konsuler KBRI Wina<U+0001F1EE><U+0001F1E9><U+0001F1E6><U+0001F1F9><U+0001F1F8><U+0001F1EE>

#inidiplomasi
#WarungKonsuler
#WarungKonsulerKBRIWina
#PestaRakyat
#PestaRakyatKBRIWina
#PestaRakyatKBRIWina2023
#DirgahayuIndonesia78tahun <U+0001F1EE><U+0001F1E9>
#Indonesiaterusmelaju
#TerusMelajuuntukIndonesiaMaju
#HUTRIKe78
#HUTRIKe78KbriWina
#LombaHUTRIKe78
#HUTRI78KBRIWina
#PPIAustria
#PPISlovenia"
"3175601691008637564","CwSAOm0sxp8","https://www.instagram.com/p/CwSAOm0sxp8/","2023-08-23 09:04:02",2023,"inainvienna",TRUE,FALSE,"Video","clips","id",87,"D","D4","","R3-residual",0,0,0,"","","","PBB","D","D","D",5,2,"#C60C0F",FALSE,"Indonesia diwakili Sdr. Harditya Suryawanto, Counsellor KBRI/PTRI Wina, ditetapkan sebagai Rapporteur pada Ad Hoc Committee to Elaborate a Comprehensive International Convention on Countering the Use of ICTs for Criminal Purposes (AHC), pada sesi keenam AHC yang berlangsung di Markas besar PBB di New York, AS (21/8) .

Penetapan tersebut meneruskan posisi yang sebelumnya telah dijabat oleh Indonesia.

Hal ini merupakan bentuk kepercayaan internasional terhadap kontribusi Indonesia dalam upaya pencegahan dan penanggulangan kejahatan siber.

Indonesia akan terus mendukung AHC dan berperan aktif dalam proses penyusunan Konvensi PBB mengenai kejahatan siber.

#inidiplomasi
#ASEANMatters
#IndonesiaKetuaASEAN2023
#AHC
#AdHoc"
"3176067448719929087","CwTqIRfoe7_","https://www.instagram.com/p/CwTqIRfoe7_/","2023-08-24 00:26:05",2023,"inainvienna",TRUE,FALSE,"Sidecar","carousel_container","id",54,"D","D6","","R3-residual",1,0,0,"kuliner","","","","D","A","D",3,5,"#F9F9F8",FALSE,"Good News!! Part 1

Buat kamu yang doyan kuliner Indonesia, tahun ini Food Bazaar bisa Pre-Order. 

Jangan sampai kehabisan dan gak sempet  nyicipin semua makanan saat Pesta Rakyat nanti ya.. 

Ada beberapa food stall menawarkan paket makanan yang frozen dan bisa dibawa pulang loh!!

Geser kiri <U+2014>-> untuk cek menu dan no Whatsapp untuk pemesanan. 

#PestaRakyat
#PestaRakyat2023
#PestaRakyatKBRIWina
#PestaRakyatKBRIWina2023
#DirgahayuIndonesia78tahun <U+0001F1EE><U+0001F1E9>
#Indonesiaterusmelaju
#TerusMelajuuntukIndonesiaMaju
#HUTRIKe78
#HUTRIKe78KbriWina
#LombaHUTRI
#LombaHUTRIKe78
#HUTRI78KBRIWina
#PPIAustria
#PPISlovenia"
"3176072853709676590","CwTrW7SIGAu","https://www.instagram.com/p/CwTrW7SIGAu/","2023-08-24 00:36:50",2023,"inainvienna",TRUE,FALSE,"Sidecar","carousel_container","id",52,"D","D6","","R3-residual",1,0,0,"bali","","","","D","A","D",3,5,"#F9F9F8",FALSE,"Good News!! Part 2 

Ayo mulai di Pre-Order ya makanan dan jajanan pasar sebelum Pesta Rakyat. 

Tahun ini, ada yang berbeda di Pesta Rakyat, buat kamu yang kangen akan pijat traditional Bali bisa booking juga loh! cek di slide terakhir ya.. 

Geser kiri <U+2014>-> untuk cek menu dan no Whatsapp untuk pemesanan/booking. 

#PestaRakyat
#PestaRakyat2023
#PestaRakyatKBRIWina
#PestaRakyatKBRIWina2023
#DirgahayuIndonesia78tahun <U+0001F1EE><U+0001F1E9>
#Indonesiaterusmelaju
#TerusMelajuuntukIndonesiaMaju
#HUTRIKe78
#HUTRIKe78KbriWina
#LombaHUTRI
#LombaHUTRIKe78
#HUTRI78KBRIWina
#PPIAustria
#PPISlovenia"
"3177129080406525560","CwXbhDDMcZ4","https://www.instagram.com/p/CwXbhDDMcZ4/","2023-08-25 11:39:08",2023,"inainvienna",TRUE,FALSE,"Video","clips","id",162,"A","A1","B","max",3,2,1,"pariwisata; budaya","pertumbuhan ekonomi; ekonomi indonesia","keamanan","pertemuan; menerima kunjungan","A","A","A",5,2,"#F0E6E9",FALSE,"Pada tanggal 25 Agustus 2023, Duta Besar/Wakil Tetap RI Wina Dr. Iur. Damos Dumoli Agusman telah menerima kunjungan General Manager Turkish Airlines untuk Austria dan Slovakia, Serkan <U+00D6>zb<U+00FC>y<U+00FC>ky<U+00F6>r<U+00FC>k. Sebagai maskapai terbaik di Eropa menurut Skytrax, Turkish Airlines berambisi untuk terus mengembangkan jangkauannya melalui jejaring global, termasuk ke Asia Tenggara, dengan mempertahankan standar tinggi dalam keamanan dan ketepatan waktu.

Dubes Damos dan Mr. Serkan saling bertukar visi dan misi untuk memperkuat hubungan bilateral dan memaksimalkan potensi kerjasama di sektor penerbangan. Dalam pertemuan tersebut, Mr. <U+00D6>zb<U+00FC>y<U+00FC>ky<U+00F6>r<U+00FC>k juga menyadari bahwa Indonesia memiliki potensi yang besar dalam dunia penerbangan, selain kemiripan dalam ketahanan ekonomi selama pandemi dan pertumbuhan ekonomi yang tinggi, juga faktor kedekatan sejarah dan budaya. Untuk itu, Turkish Airlines menyatakan kesediaannya untuk bekerja sama dan berpartisipasi dalam kegiatan-kegiatan KBRI/PTRI Wina, termasuk dalam mempromosikan pariwisata Indonesia.

Dubes RI menyambut dengan antusias inisiatif ini dan siap bekerja sama, karena tentunya hal ini akan membawa angin segar terhadap pariwisata dan akan mendorong pemulihan kembali ekonomi Indonesia. 

#inidiplomasi"
"3177948986098096501","CwaV8PusJl1","https://www.instagram.com/p/CwaV8PusJl1/","2023-08-26 14:44:40",2023,"inainvienna",TRUE,FALSE,"Video","clips","id",20,"D","D2","","R3-residual",0,0,0,"","","","masyarakat indonesia","D","D","D",5,2,"#534B50",FALSE,"Suasana Pesta Rakyat 2023 KBRI/PTRI Wina bersama @dharmawan_dwiki_official @itadyahpurnamasari & Kolintang Ensemble. 

Terima kasih Masyarakat Indonesia yang telah meramaikan Pesta Rakyat tahun ini."
"3177960544467505551","CwaYkcTMVGP","https://www.instagram.com/p/CwaYkcTMVGP/","2023-08-26 15:07:33",2023,"inainvienna",TRUE,FALSE,"Video","clips","id",10,"D","D6","","R3-residual",0,0,0,"","","","","D","D","D",5,2,"#2E2E38",FALSE,"Kolaborasi @dharmawan_dwiki_official & @itadyahpurnamasari serta Kolintang Ensemble @ferdinandsoputan dengan Band KBRI/PTRI Wina <U+201C>Zugabe<U+201D>."
"3181652298999908215","Cwnf-ioscd3","https://www.instagram.com/p/Cwnf-ioscd3/","2023-08-31 17:24:59",2023,"inainvienna",TRUE,FALSE,"Video","clips","id",47,"D","D5","","R3-residual",0,0,0,"","","","diaspora; WNI; HUT RI; upacara; bendera","D","D","D",5,2,"#252327",FALSE,"Tempo.co memilih KBRI/PTRI Wina sebagai Top 3 Dunia Perayaan HUT RI ke-78 di berbagai belahan dunia, karena hadirnya Perwakilan dari tiga generasi WNI serta Diaspora Indonesia di Austria saat Upacara Bendera di halaman kantor KBRI/PTRI Wina pada 17 Agustus 2023. 

Yuk, baca berita selengkapnya di link berikut: 
https://www.msn.com/id-id/berita/dunia/top-3-dunia-perayaan-hut-ri-ke-78-di-berbagai-belahan-dunia/ar-AA1fsRMO

#PestaRakyat
#PestaRakyat2023
#PestaRakyatKBRIWina
#PestaRakyatKBRIWina2023
#DirgahayuIndonesia78tahun <U+0001F1EE><U+0001F1E9>
#Indonesiaterusmelaju
#TerusMelajuuntukIndonesiaMaju
#HUTRIKe78
#HUTRIKe78KbriWina
#LombaHUTRI
#LombaHUTRIKe78
#HUTRI78KBRIWina
#PPIAustria
#PPISlovenia
#Uppbeat"
"3181655695740308153","Cwngv-GMwq5","https://www.instagram.com/p/Cwngv-GMwq5/","2023-08-31 17:32:56",2023,"inainvienna",TRUE,FALSE,"Video","clips","id",139,"C","C2","","max",0,0,4,"","","masyarakat sipil; KPK","UNODC; PBB","C","C","C",5,2,"#C01010",FALSE,"Wakil Ketua KPK, Alexander Marwata, tekankan pentingnya pemanfaatan data dan pengembangan pengukuran korupsi secara global, dalam sambutannya sebagai pembicara kunci pada Global Conference on Harnessing Data to Improve Corruption Measurement, 31 Agustus <U+2013> 1 September 2023, di Vienna International Center (VIC), Wina, Austria. 

Konferensi diselenggarakan atas kerja sama International Anti-Corruption Academy (IACA), Kantor PBB untuk Urusan Narkoba dan Kejahatan (UNODC) dan Organisasi Kerja Sama dan Pembangunan Ekonomi (OECD). 

Konferensi juga membahas pengukuran korupsi beserta indikatornya dan pemanfaatan teknologi dalam pengumpulan, analisa dan pemakaian data, serta dihadiri oleh perwakilan dari unsur pemerintah, lembaga anti korupsi, akademisi, dan masyarakat sipil dari seluruh dunia. 

KPK hadir sebagai tindak lanjut dari Global Programme on Measuring (GPMC) di Indonesia pada tanggal 27 Februari - 6 Maret 2023 lalu, yang merupakan hasil kerjasama antara IACA dan KPK. Inisiatif tersebut bertujuan untuk mengembangkan indikator baru pengukuran korupsi yang lebih valid, universal dan transparan.

#IniDiplomasi
#UNODC
#OECD
#ASEANMatters
#IndonesiaKetuaASEAN2023
#uppbeat"
"3182782665219799595","Cwrg_iNsnor","https://www.instagram.com/p/Cwrg_iNsnor/","2023-09-02 06:49:44",2023,"inainvienna",TRUE,FALSE,"Video","clips","en",12,"D","D1","","R3-residual",0,0,0,"","","","meeting","D","D","D",13,3,"#9B989D",TRUE,"Chairing the 30th ASCC Meeting, Indonesia promotes a Resilient, Inclusive and Sustainable ASEAN

#Inidiplomasi#Aseanindonesia2023 #aseanepicentrumofgrowth#aseanmatters#indonesiaketuaasean2023"
"3183033564106321464","CwsaCmAs-44","https://www.instagram.com/p/CwsaCmAs-44/","2023-09-02 15:06:52",2023,"inainvienna",TRUE,FALSE,"Video","clips","en",9,"D","D6","","R3-residual",1,0,0,"musik","","","","D","A","D",13,3,"#747372",FALSE,"Bringing ASEAN to the youth with Gemuruh Musik ASEAN 2023 #Inidiplomasi #aseanepicentrumofgrowth#aseanmatters#indonesiaketuaasean2023"
"3183133483014019337","Cwswwmvs9kJ","https://www.instagram.com/p/Cwswwmvs9kJ/","2023-09-02 18:25:35",2023,"inainvienna",TRUE,FALSE,"Video","clips","en",24,"D","D6","","R3-residual",0,0,0,"","","","","D","D","D",13,3,"#D2D0D3",FALSE,"President of the Republic of Indonesia, Mr Jokowi inspects the readiness of the venue of the 43rd Summit of ASEAN in Jakarta. 
hashtag: #aseanindonesia2023 dan #Inidiplomasi #aseanmatters #aseanepicentrumoofgrowth #indonesiaketuaasean2023"
"3183547246347105590","CwuO1p4MTU2","https://www.instagram.com/p/CwuO1p4MTU2/","2023-09-03 08:07:07",2023,"inainvienna",TRUE,FALSE,"Sidecar","carousel_container","en",88,"D","D6","","R3-residual",0,1,1,"","impor","security","","D","C","D",13,3,"#D3E0E8",FALSE,"Rolliansyah Soemirat, Director of Political and Security Cooperation of ASEAN at the Ministry of Foreign Affairs of Indonesia, states that the 43rd ASEAN Summit to be held in Jakarta will issue ASEAN Concord IV.
 
""One of the most important outcomes of the 43rd ASEAN Summit is ASEAN Concord IV, which is currently under discussion,"" he explained on Thursday, August 31, 2023.
 
Through ASEAN Concord IV, Indonesia, as the chairman of ASEAN, will play a pivotal role in shaping the vision for ASEAN 2045. This represents a new perspective for ASEAN's future beyond 2025. # Inidiplomasi #hashtag: #aseanindonesia2023 #aseanmatters #aseanepicentrumoofgrowth #indonesiaketuaasean2023"
"3183682306073232164","CwutjCDMQMk","https://www.instagram.com/p/CwutjCDMQMk/","2023-09-03 12:35:27",2023,"inainvienna",TRUE,FALSE,"Sidecar","carousel_container","en",81,"D","D6","","R3-residual",0,0,0,"","","","","D","D","D",13,3,"#515D85",FALSE,"With just a few days to go, Jakarta is gearing up to host the 43rd ASEAN Summit in 2023. Various preparations are underway, including ensuring a stable source of electricity throughout the event.
 
As with other major events, PLN is once again responsible for the electricity supply system during the ASEAN Summit. PLN is committed to utilizing clean energy electricity by harnessing renewable energy sources.
 
The goal is not only to ensure the success of the event but also to reduce pollution in Jakarta.#inidiplomasi 
#aseanindonesia2023 #aseanmatters #aseanepicentrumoofgrowth #indonesiaketuaasean2023"
"3183732804663021472","Cwu5B4hso-g","https://www.instagram.com/p/Cwu5B4hso-g/","2023-09-03 14:15:47",2023,"inainvienna",TRUE,FALSE,"Sidecar","carousel_container","en",18,"D","D6","","R3-residual",0,0,0,"","","","","D","D","D",13,3,"#9FCDEB",FALSE,"Indonesian initiative pushes ASEAN-China to Accelerate negotiations on Code of Conduct (COC) in the South China Sea.

#aseanindonesia2023 #aseanmatters #aseanepicentrumoofgrowth #indonesiaketuaasean2023"
"3183861106523684568","CwvWM68hr7Y","https://www.instagram.com/p/CwvWM68hr7Y/","2023-09-03 18:32:32",2023,"inainvienna",TRUE,FALSE,"Video","clips","id",72,"D","D1","","R3-residual",0,0,0,"","","","pertemuan; PBB","D","D","D",5,2,"#B80C0E",FALSE,"Rangkaian pertemuan sesi ke-6 Ad Hoc Commitee (AHC) untuk menyusun Konvensi PBB mengenai kejahatan siber telah berlangsung tanggal 21 Agustus- 1 September 2023 di New York, Amerika Serikat.

Dubes Damos Dumoli Agusman memimpin Delri dan berpartisipasi aktif dalam negosiasi. Indonesia juga berkontribusi aktif dalam AHC sebagai Rapporteur.

Negosiasi sesi ke-6 membahas seluruh pasal dalam draft konvensi, antara lain kriminalisasi, kerja sama internasional, upaya penegakkan hukum, pencegahan, dan bantuan teknis dalam mencegah dan menanggulangi kejahatan siber.

#inidiplomasi
#ASEANMatters
#IndonesiaKetuaASEAN2023"
"3183901811022066051","CwvfdP9sXGD","https://www.instagram.com/p/CwvfdP9sXGD/","2023-09-03 19:51:34",2023,"inainvienna",TRUE,FALSE,"Sidecar","carousel_container","id",161,"D","D2","","R3-residual",1,0,0,"kebudayaan","","","diaspora; PPI; pelajar; warga; pengajian; WNI","A","A","D",5,2,"#827E4E",FALSE,"Tanggal 3 September 2023, Dubes/Watap RI hadiri undangan acara Picnic Warga Pengajian Austria (Wapena) bertajuk ""Bersilaturahmi dan Bergembira Bersama"" di Kurpark Oberlaa yang dihadiri sekitar 150 peserta anggota Wapena, staf KBRI/PTRI Wina, Perhimpunan Pelajar Indonesia (PPI) Austria, profesional Organisasi Internasional, para sesepuh, perwakilan Keluarga Kristen Indonesia di Austria (KKIA) dan umat Hindu Dharma Indonesia di Austria.

Acara tahunan silaturahmi WNI dan Diaspora Indonesia dari kelompok muslim di Austria ini terakhir kali diselenggarakan tahun 2019 sebelum pandemi dan setelah tiga tahun tertahan pandemi kini kembali diselenggarakan dengan antusiasme tinggi dari para peserta.

Dalam sambutannya Dubes/Watap RI menggarisbawahi pentingnya saling silaturahmi antara anggota Wapena dan juga dengan WNI dan Diaspora dari kelompok agama lainnya. Partisipasi anak-anak menjadi oasis mempertahankan nilai keagamaan dan kebudayaan generasi muda Indonesia di Austria.

Kegembiraan tercermin dari semua peserta dalam permainan tarik tambang, estafet kelereng, dan sambung kalimat. Penonton juga dihibur oleh pertunjukan lagu-lagu oleh anak-anak Taman Pengajian Anak-anak (TPA) Wapena dan anak-anak peserta lainnya.

#IniDiplomasi
#TerusMelajuuntukIndonesiaMaju
#Wapena
#PPIAustria
#KBRIWina
#kkia @info_wapena"
"3184271732805491246","CwwzkUeMFou","https://www.instagram.com/p/CwwzkUeMFou/","2023-09-04 08:06:32",2023,"inainvienna",TRUE,FALSE,"Sidecar","carousel_container","unknown",11,"D","D6","","R3-residual",0,1,0,"","business","","","D","B","D",13,3,"#535165",FALSE,"ASEAN  Business Advisory Council  Indonesia<U+2019>s Sumit Week  2023
BUILDING ASEAN<U+2019>S SUSTAINABLE FUTURE
#aseanindonesia2023 #aseanmatters #aseanepicentrumoofgrowth #indonesiaketuaasean2023"
"3184362680440991450","CwxIPyDsi7a","https://www.instagram.com/p/CwxIPyDsi7a/","2023-09-04 11:07:14",2023,"inainvienna",TRUE,FALSE,"Sidecar","carousel_container","en",73,"D","D6","","R3-residual",0,0,0,"","","","","D","D","D",7,3,"#F0F0F0",FALSE,"The Indonesian government deploys hundreds of electric vehicles that will be used by delegates and committees throughout the 43rd ASEAN Summit.

This move is not without reason, as the use of electric vehicles is considered more environmentally friendly while also demonstrating Indonesia's commitment to reducing carbon emissions.

A total of 608 electric vehicles are recorded, comprising five different models. These range from the BMi7, designated for national leaders, to the Wuling AirEV for operational purposes.

 #aseanindonesia2023 #aseanmatters #aseanepicentrumoofgrowth #indonesiaketuaasean2023"
"3184451805122854815","Cwxcgt4sv-f","https://www.instagram.com/p/Cwxcgt4sv-f/","2023-09-04 14:07:16",2023,"inainvienna",TRUE,FALSE,"Video","clips","en",90,"D","D3","","R3-residual",0,0,0,"","","","WNI; citizens","D","D","D",7,2,"#F3F6F4",FALSE,"The Indonesia Ministry of Foreign Affairs is pleased to announce the upcoming event, <U+201E>Hassan Wirajuda Pelindungan WNI Award 2023,<U+201C> under the theme of <U+201E>The Protection from upstream to downstream <U+201E>Technology-Based Tip Eradication<U+201C> This prestigious award ceremony aims to honor outstanding individuals and organizations dedicated to safeguarding Indonesian citizens.
In light of the increasing incidence of human trafficking (TPPO) cases and the growing influence of online scams impacting Indonesian society, our focus is expanding. Alongside addressing specific cases, our judges will emphasize the preventive measures implemented by the candidates as well.  #Inidiplomasi #negaramelindungi @peduliwni"
"3184482824718775569","CwxjkHIsfUR","https://www.instagram.com/p/CwxjkHIsfUR/","2023-09-04 15:06:58",2023,"inainvienna",TRUE,FALSE,"Video","clips","en",17,"D","D1","","R3-residual",0,0,0,"","","","delegation","D","D","D",13,3,"#4E383D",TRUE,"Soekarno-Hatta International Airport ready to Welcome  the arrival of the 43rd ASEAN Summit Delegation in Jakarta. #IniDiplomasi #aseanindonesia2023 #aseanmatters #aseanepicentrumoofgrowth #indonesiaketuaasean2023"
"3184554728678926839","Cwxz6c6sqn3","https://www.instagram.com/p/Cwxz6c6sqn3/","2023-09-04 17:28:48",2023,"inainvienna",TRUE,FALSE,"Image","feed","en",73,"B","B1","","max",0,4,0,"","economic growth; investor; investment","","","B","B","B",13,3,"#A99AAE",FALSE,"President of the Republic of Indonesia, Joko Widodo, highlighted the high economic growth potential within ASEAN member states. Furthermore, the ASEAN economic growth for 2024 is projected to reach 4.5% year-on-year.

In addition, ASEAN has proven itself to be the most attractive region for foreign investors. President Jokowi revealed that 17% of Foreign Direct Investment (FDI) has flowed into ASEAN, surpassing other developing regions.

This achievement underscores ASEAN's strong competitiveness and its stable economy.  #inidiplomasi #aseanindonesia2023 #aseanmatters #aseanepicentrumoofgrowth.#indonesiaketuaasean2023 #indonesiaketuaasean"
"3184593246339978577","Cwx8q9SM9VR","https://www.instagram.com/p/Cwx8q9SM9VR/","2023-09-04 18:47:50",2023,"inainvienna",TRUE,FALSE,"Video","clips","en",23,"D","D6","","R3-residual",0,0,1,"","","safety","","C","C","D",13,3,"#ADB1B9",FALSE,"The joint task force of Indonesian National Armed forces (TNI)and Indonesia National Police (Polri),ensure the safety of the 43rd  ASEAN Summit. #Inidiplomasi #aseanindonesia2023 #aseanmatters #aseanepicentrumoofgrowth#indonesiaketuaasean #indonesiaketuaasean2023"
"3184623256803188491","CwyDfqtM58L","https://www.instagram.com/p/CwyDfqtM58L/","2023-09-04 20:09:59",2023,"inainvienna",TRUE,FALSE,"Video","clips","en",17,"D","D6","","R3-residual",0,0,0,"","","","","D","D","D",13,3,"#C7C4C9",FALSE,"The implementation of the ASEAN outlook on the Indo-Pacific (AOIP) under Indonesia<U+2018>s Chairmanship of ASEAN  #Inidiplomasi #aseanindonesia2023 #aseanmatters #aseanepicentrumoofgrowth#indonesiaketuaasean # Indonesiaketuaasean2023"
"3184969019269641965","CwzSHLGMPbt","https://www.instagram.com/p/CwzSHLGMPbt/","2023-09-05 07:11:55",2023,"inainvienna",TRUE,FALSE,"Sidecar","carousel_container","en",130,"D","D6","","R3-residual",0,1,0,"","impor","","","D","B","D",13,3,"#DCE1E8",FALSE,"The ASEAN Way is a set of principles and norms that guide the interactions of the Association of Southeast Asian Nations (ASEAN) member states. These principles include non-interference in the internal affairs of other member states, peaceful settlement of disputes, and consensus-based decision-making.
 
The ASEAN Way has been credited with helping to maintain peace and stability in Southeast Asia for over 50 years. The ASEAN Way is based on the belief that the countries of Southeast Asia are equal and sovereign. Each country has the right to decide its own internal affairs without interference from other countries.
 
The ASEAN Way also emphasizes the importance of resolving disputes peacefully and through dialogue. This has helped to prevent conflict between ASEAN member states and has created a more stable and prosperous region.
 #inidiplomasi #aseanindonesia2023 #aseanmatters #aseanepicentrumoofgrowth #indonesiaketuaasean #indonesiaketuaasean2023"
"3185010490752396873","CwzbiqbMG5J","https://www.instagram.com/p/CwzbiqbMG5J/","2023-09-05 08:34:19",2023,"inainvienna",TRUE,FALSE,"Sidecar","carousel_container","id",98,"D","D6","","R3-residual",0,1,0,"","rating","","","D","B","D",5,2,"#5C3830",FALSE,"Pada tanggal 3 September 2023, Grand Master (GM) Indonesia Novendra Priasmoro telah memenangkan turnamen Catur Terbuka <U+201C>100th Year Anniversary 1. SK Ottakring<U+201D> yang diikuti sekitar 200 peserta internasional dan diselenggarakan di Albert Sever-Saal di Schuhmeierplatz di distrikt Ottakring kota Wina, Austria. 

GM Novendra berhasil unggul dari GM Evgeny Romanov dari Norwegia di posisi kedua dan International Master (IM) Konstantin Peyrer dari Austria di posisi ketiga. 

Pada tahun 2020 Novendra meraih gelar GM ke-8 asal Indonesia dan kerap melanglang buana ke berbagai kompetisi dunia, termasuk di Eropa, untuk mengasah kemampuan dan meningkatkan rating serta memperluas jejaring persahabatan antar GM dari negara-negara lain.  #inidiplomasi @percasi.ina #persatuancaturseluruhindonesia @konipusat"
"3185037724334887473","Cwzhu9rMxIx","https://www.instagram.com/p/Cwzhu9rMxIx/","2023-09-05 09:28:26",2023,"inainvienna",TRUE,FALSE,"Sidecar","carousel_container","en",11,"D","D1","","R3-residual",0,0,1,"","","security","meeting","D","C","D",13,3,"#B4B9BF",FALSE,"ASEAN Political-Security Pillar meeting:
Implementation of the APSC Blueprint 
2016-2025 Reaches 99%. #inidiplomasi #aseanindonesia2023 #aseanmatters #aseanepicentrumoofgrowth  #indonesiaketuaasean #indonesiaketuaasean2023"
"3185096401876092374","CwzvE1ZMwXW","https://www.instagram.com/p/CwzvE1ZMwXW/","2023-09-05 11:25:00",2023,"inainvienna",TRUE,FALSE,"Sidecar","carousel_container","en",124,"D","D6","","R3-residual",0,1,1,"","opportunity","security","","D","C","D",13,3,"#5F2D48",FALSE,"The AIPF (ASEAN Indo-Pacific Forum) is organized as a concrete implementation of the ASEAN Outlook on the Indo-Pacific (AOIP), which was adopted by ASEAN member countries in 2019. AOIP is an initiative aimed at strengthening an inclusive regional architecture. AOIP is also intended to promote collaboration over rivalry, enhance win-win cooperation, and capture opportunities in the Indo-Pacific region.
 
AIPF is expected to make the Indo-Pacific region more closely integrated and interconnected through inclusive collaboration. Ultimately, this can contribute to peace, security, stability, and prosperity in the region.
 
This forum represents a significant opportunity for Indonesia, especially, as well as for other ASEAN countries and the broader Indo-Pacific region to come together and chart the course for future cooperation and inclusive growth.  #inidiplomasi #aseanindonesia2023 #aseanmatters #aseanepicentrumoofgrowth #indonesiaketuaasean #indonesiaketuaasean2023"
"3185145432517987582","Cwz6OUvMUz-","https://www.instagram.com/p/Cwz6OUvMUz-/","2023-09-05 13:03:27",2023,"inainvienna",TRUE,FALSE,"Video","clips","en",10,"D","D6","","R3-residual",0,0,0,"","","","","D","D","D",13,3,"#A9A8B0",FALSE,"Tactical Strategies to realize ASEAN  as the Epicentrum of Growth 
#Inidiplomasi #aseanindonesia2023 #aseanmatters #aseanepicentrumoofgrowth #Indonesiaketuaasean
#indonesiaketuaasean2023"
"3185178597265651238","Cw0Bw70MjYm","https://www.instagram.com/p/Cw0Bw70MjYm/","2023-09-05 14:08:19",2023,"inainvienna",TRUE,FALSE,"Sidecar","carousel_container","en",60,"D","D1","","R3-residual",0,0,0,"","","","meeting","D","D","D",13,3,"#F5F4F1",FALSE,"On Sunday, September 3, 2023, the Senior Officials<U+2019> Meeting (SOM) of the 43rd ASEAN Summit discussed several critical issues within ASEAN, including institutional strengthening.
 
Under the theme 'ASEAN Matters: Epicentrum of Growth,' Director General of ASEAN Cooperation at the Ministry of Foreign Affairs, Sidharto Reza Suryodipuro, expressed his hope that every partner country would actively engage in supporting ASEAN in a constructive manner. #Inidiplomasi #aseanindonesia2023 #aseanmatters #Indonesiaketuaasean #aseanepicentrumoofgrowth."
"3185344991328453636","Cw0nmSXM8QE","https://www.instagram.com/p/Cw0nmSXM8QE/","2023-09-05 19:41:37",2023,"inainvienna",TRUE,FALSE,"Video","clips","en",9,"D","D6","","R3-residual",0,0,0,"","","","","D","D","D",13,3,"#8B748B",FALSE,"Getting to know The ASEAN Antheme <U+201E> The ASEAN Way<U+201C>. #Inidiplomasi #aseanindonesia2023 #aseanmatters #aseanepicentrumoofgrowth #indonesiaketuaasean #indonesiaketuaasean2023"
"3185646338598754166","Cw1sHd4M9d2","https://www.instagram.com/p/Cw1sHd4M9d2/","2023-09-06 05:40:12",2023,"inainvienna",TRUE,FALSE,"Video","clips","en",14,"D","D6","","R3-residual",0,0,0,"","","","","D","D","D",13,3,"#060308",FALSE,"The Opening Ceremony of The ASEAN Indo-Pacific Forum for the 43rd ASEAN Summit #Inidiplomasi #aseanindonesia2023 #aseanmatters #aseanepicentrumoofgrowth #indonesiaketuaasean"
"3185733548211671086","Cw1_8iKM5Au","https://www.instagram.com/p/Cw1_8iKM5Au/","2023-09-06 08:31:25",2023,"inainvienna",TRUE,FALSE,"Video","clips","en",11,"D","D6","","R3-residual",0,0,0,"","","","","D","D","D",13,3,"#22242A",FALSE,"Highlights at the ASEAN retreat in the 43rd ASEAN SUMMIT Jakarta. #Inidiplomasi  #aseanindonesia2023 #aseanmatters #aseanepicentrumoofgrowth #Indonesiaketuaasean #indonesiaketuaasean2023"
"3185815243774473190","Cw2ShXFM7Pm","https://www.instagram.com/p/Cw2ShXFM7Pm/","2023-09-06 11:14:00",2023,"inainvienna",TRUE,FALSE,"Video","clips","en",12,"D","D6","","R3-residual",0,0,0,"","","","","D","D","D",13,3,"#16456C",FALSE,"Implementation of ASEAN QR Code, to Facilitate Seamless  Payment in ASEAN Countries. #Inidiplomasi  #aseanindonesia2023 #aseanmatters #aseanepicentrumoofgrowth #indonesiaketuaasean #indonesiaketuaasean2023"
"3185929825272639065","Cw2skvasq5Z","https://www.instagram.com/p/Cw2skvasq5Z/","2023-09-06 15:00:52",2023,"inainvienna",TRUE,FALSE,"Sidecar","carousel_container","en",83,"D","D6","","R3-residual",1,0,0,"cultural","","","","D","A","D",13,3,"#EDE9F2",FALSE,"The Treaty of Amity and Cooperation (TAC) is a pact of cooperation and non-aggression between ASEAN countries and various partner nations. The purpose of this agreement is to promote peace, friendship, and cooperation among the nations of Southeast Asia, with a focus on economic and socio-cultural aspects.
 
There are 54 countries that have signed the TAC pact, both from within and outside Southeast Asia. Serbia, Panama, and Kuwait are the most recent three countries to sign the TAC before the 43rd ASEAN Summit.# Inidiplomasi #aseanindonesia2023 #aseanmatters #aseanepicentrumoofgrowth #Indonesiaketuaasean #indonesiaketuaasean2023"
"3187172005765048104","Cw7HA2Jseco","https://www.instagram.com/p/Cw7HA2Jseco/","2023-09-08 08:08:52",2023,"inainvienna",TRUE,FALSE,"Sidecar","carousel_container","en",97,"A","A1","","max",2,0,0,"visit","","","","A","A","D",7,3,"#F9F9F9",FALSE,"Vice President of the United States, Kamala Harris, initiated her visit to Indonesia by safely landing in Jakarta on Tuesday, September 5, 2023.
 
According to the White House, VP Harris departed from Washington a day earlier, on Monday, September 4, 2023. Her arrival at Soekarno-Hatta Airport was greeted by the Minister of Health of the Republic of Indonesia, Budi Gunadi Sadikin.
 
Vice President Harris's visit to Indonesia is linked to her participation in the 43rd ASEAN Summit alongside strategic partner nations. Her primary focus is on fostering harmonious relations between the United States and all countries in the Indo-Pacific region.
 
 #inidiplomasi #aseanindonesia2023 #aseanmatters #aseanepicentrumoofgrowth#indonesiaketuaasean #indonesiaketuaasean2023"
"3187202496811665136","Cw7N8jJsobw","https://www.instagram.com/p/Cw7N8jJsobw/","2023-09-08 09:09:27",2023,"inainvienna",TRUE,FALSE,"Sidecar","carousel_container","en",63,"D","D6","","R3-residual",0,0,0,"","","","","D","D","D",13,3,"#FDFDFC",FALSE,"The urgency surrounding climate change and globalization issues can no longer be underestimated. Southeast Asian countries are projected to incur significant economic losses by the year 2050 due to climate change.
 
In alignment with the ASEAN 2045 vision, ASEAN member states are currently striving to develop an environmentally friendly economic region. One of the pathways towards this goal is through the utilization of electric vehicles.
 #inidiplomasi #aseanindonesia2023 #aseanmatters #aseanepicentrumoofgrowth #Indonesiaketuaasean #indonesiaketuaasean2023"
"3187289577793643139","Cw7hvvoseKD","https://www.instagram.com/p/Cw7hvvoseKD/","2023-09-08 12:02:27",2023,"inainvienna",TRUE,FALSE,"Sidecar","carousel_container","en",85,"D","D6","","R3-residual",0,0,0,"","","","","D","D","D",13,3,"#93968F",FALSE,"Since the inaugural ASEAN Summit held in 1976, Indonesia has hosted it six times, making Indonesia the most frequent host of ASEAN Summits.

The purpose of the ASEAN Summit is rooted in the strong desire of ASEAN's founders to create peaceful, secure, stable, and prosperous Southeast Asia.

Indonesia's chairmanship of ASEAN in 2023 faces complex international challenges, both in terms of economics and geopolitics.

With the theme ""ASEAN Matters: Epicenter of Growth,"" Indonesia's chairmanship aims to ensure that ASEAN remains significant and relevant to the world.
#Inidiplomasi #aseanindonesia2023 #aseanmatters #aseanepicentrumoofgrowth # Indonesiaketuaasean #Indonesiaketuaasean2023"
"3187345138916694128","Cw7uYQ9sphw","https://www.instagram.com/p/Cw7uYQ9sphw/","2023-09-08 13:52:51",2023,"inainvienna",TRUE,FALSE,"Sidecar","carousel_container","id",58,"B","B2","","max",0,2,0,"","perdagangan","","pertemuan","B","B","D",13,2,"#FDFDFD",FALSE,"Presiden Joko Widodo membuka acara pertemuan 26th China-ASEAN Summit di Jakarta.
 
Pada kesempatan tersebut, Perdana Menteri Li Qiang menyampaikan pidato mengenai hubungan pasar perdagangan antara ASEAN-Tiongkok yang menunjukkan ke arah yang lebih baik.
 
Jika ditotal, sejauh ini pasar perdagangan ASEAN-Tiongkok telah mencapai hingga US$970 miliar pada 2022 dan ASEAN berpotensi menjadi ekonomi terbesar ke-5 di dunia.
#aseansummit 
#ASEAN2023 #ASEANIndonesia2023
#ASEANmatters
#Inidiplomasi #indonesiaketuaasean #indonesiaketuaasean2023"
"3187391791547705312","Cw74_JnMmfg","https://www.instagram.com/p/Cw74_JnMmfg/","2023-09-08 15:25:32",2023,"inainvienna",TRUE,FALSE,"Sidecar","carousel_container","id",96,"A","A2","","max",7,1,0,"seni; tempe; art; heritage","bisnis","","","A","A","A",5,2,"#D8C1A4",FALSE,"KBRI/PTRI Wina tanggal 7 September 2023 telah hadir memberikan dukungan kepada delegasi Binus University yang berpartisipasi pada Ars Electronica 2023 di gedung POSTCITY Linz di kota Linz, Austria tanggal 6-10 September 2023. 
 
Kehadiran Indonesia di ""Garden Jakarta"" pada perhelatan teknologi Ars Electronica 2023 adalah atas dukungan Connected Arts Platform (CAP) melalui program Media Art Globale (MAG). 

Ars Electronica merupakan pameran yang menggabungkan beberapa ilmu yaitu sains, bisnis, kreatifitas dan seni, serta kearifan lokal dari seluruh dunia.

Stand Binus University mengusung tema ""Tempeh Universe: Revealing the Secret of Tempeh - Indonesian Food Heritage and Vegan Life"" dan menampilkan Portable Machine of Tempeh Making.

#inidiplomasi 
#kbriwina
#veganfood
#tempeh
#arselectronica
#postcitylinz
#binusuniversityofficial
#connectedartplatform @binusuniversityofficial"
"3187443836820565401","Cw8E0gjMq2Z","https://www.instagram.com/p/Cw8E0gjMq2Z/","2023-09-08 17:08:56",2023,"inainvienna",TRUE,FALSE,"Sidecar","carousel_container","unknown",10,"D","D6","","R3-residual",0,0,0,"","","","","D","D","D",13,3,"#FCFBFB",FALSE,"Inspiring Quotes from Global Leaders during KTT ASEAN Summit 43rd  #inidiplomasi #aseanindonesia2023 #aseanmatters #aseanepicentrumoofgrowth#indonesiaketuaasean #indonesiaketuaasean2023"
"3190841368779138582","CxIJVGws6YW","https://www.instagram.com/p/CxIJVGws6YW/","2023-09-13 09:40:49",2023,"inainvienna",TRUE,FALSE,"Video","clips","unknown",7,"D","D6","","R3-residual",0,0,0,"","","","","D","D","D",13,3,"#020102",FALSE,"<U+201E>Indonesia<U+2019>s ASEAN Chairmanship 2023: A Year of Remarkable Accomplishments<U+201C> #inidiplomasi #aseanindonesia2023 #aseanmatters #aseanepicentrumoofgrowth#indonesiaketuaasean #indonesiaketuaasean2023"
"3193826618421463423","CxSwGNJMsl_","https://www.instagram.com/p/CxSwGNJMsl_/","2023-09-17 12:31:46",2023,"inainvienna",TRUE,FALSE,"Video","clips","id",107,"D","D4","","R3-residual",0,0,1,"","","keselamatan; masyarakat sipil","pertemuan; IAEA; Board of Governors","C","C","D",5,2,"#888D9A",FALSE,"Dalam pertemuan Dewan Gubernur (Board of Governors) IAEA, tanggal 11-15 September 2023, Indonesia menyampaikan pernyataan terkait pelepasan treated water yang dilakukan oleh Pemerintah Jepang. 

<U+201C>Kami menyadari bahwa beberapa Negara dan masyarakat sipil telah menyuarakan keprihatinan atas potensi dampak pelepasan treated water terhadap lingkungan dan keselamatan manusia. Indonesia akan terus mencermati proses pelepasan treated water ini, termasuk potensi dampaknya di masa depan, dan berharap IAEA dapat terus melakukan verifikasi dan pemantauan secara profesional dan transparan<U+201D>, demikian disampaikan oleh Wakil Dubes Alfiano Tamala. 

Indonesia juga sampaikan pernyataan terkait isu nuklir Iran, kerja sama teknis dalam teknologi nuklir untuk tujuan damai, serta isu safeguards untuk kapal selam nuklir (Naval Nuclear Propulsion / NNP).

#inidiplomasi
#IAEA
#BoGIAEA"
"3196892183079928041","CxdpICts8Dp","https://www.instagram.com/p/CxdpICts8Dp/","2023-09-21 18:01:07",2023,"inainvienna",TRUE,FALSE,"Sidecar","carousel_container","en",28,"D","D6","","R3-residual",1,0,0,"visit","","","","D","A","D",7,3,"#D6D5D6",FALSE,"Here is updated List of countries of VoA an eVoA holder to arrive in Indonesia. Please check the infographic  above or visit our website for more information at www.imigrasi.go.id

#Inidiplomasi #negaramelindungi 
@ditjen_imigrasi"
"3197438194202190159","CxflRjMsCFP","https://www.instagram.com/p/CxflRjMsCFP/","2023-09-22 12:05:57",2023,"inainvienna",TRUE,FALSE,"Image","feed","id",97,"D","D3","","R6",0,0,0,"","","persyaratan","WNI; paspor; konsuler","D","D","D",6,2,"#918194",FALSE,"Yth. Bapak Ibu WNI di Slovenia dan Austria,

Izin menginfokan bahwa KBRI akan membuka layanan *Warung Konsuler di Ljubljana, Slovenia* pada: 

Hari: Sabtu-Minggu
Tanggal: 14-15 Oktober 2023

Layanan yg diberikan antara lain:
1. Pembuatan/perpanjangan paspor 10 tahun (foto dan sidik jari biometrik)
2. Penambahan kolom tanda tangan pada paspor RI
3. Penerbitan surat pencatatan dan keterangan 
4. Penerbitan NIT bagi yang belum pernah memiliki NIK
5. Konsultasi kekonsuleran dll

Wajib daftar via bit.ly/LJU2023
Persyaratan dokumen diakses di bit.ly/DOCSWARKON2023

_*Khusus untuk pendaftar paspor, wajib mengirimkan dokumen persyaratan terlebih dahulu via email konsuler.wina@kemlu.go.id maksimal Kamis 12 Okt jam 12.00*_

Salam hangat dan sampai jumpa!

Tim Konsuler KBRI Wina<U+0001F1EE><U+0001F1E9><U+0001F1E6><U+0001F1F9><U+0001F1F8><U+0001F1EE>

#inidiplomasi
#WarungKonsuler
#WarungKonsulerKBRIWina"
"3200251197964679981","Cxpk4JGs_st","https://www.instagram.com/p/Cxpk4JGs_st/","2023-09-26 09:14:53",2023,"inainvienna",TRUE,FALSE,"Image","feed","id",72,"A","A1","","max",5,0,0,"wisata; destinasi; bali; travel; tarian","","","","A","A","A",5,2,"#0E5113",FALSE,"Yuk, ramaikan <U+201C>Green Travel Fest<U+201D> yang diselenggarakan oleh Eva Air @evaairat bekerja sama dengan KBRI/PTRI Wina, untuk mempromosikan destinasi wisata dari Wina ke Jakarta dan Bali, acaranya akan berlangsung selama 4 (empat) hari, yaitu pada:

Hari: Senin - Kamis
Tanggal: 2 - 5 Oktober 2023
Pukul: 11.00 - Selesai
Tempat: Wien Mitte Mall (Eingangsbereich) 

Akan ada juga penampilan tarian dari Gema Puspa Nusantara dan makanan khas Indonesia pada hari Selasa, 3 Oktober 2023. Jangan lupa ajak keluarga & kolega untuk ikut meramaikan ya..!! 

#inidiplomasi
#Indonesiatravel #Wonderfulindonesia
#VisitIndonesia
#GreenTravelFest
#EvaAir
#VisitJakarta
#VisitBali"
"3200998986877024784","CxsO55zMLoQ","https://www.instagram.com/p/CxsO55zMLoQ/","2023-09-27 10:00:36",2023,"inainvienna",TRUE,FALSE,"Image","feed","mixed",45,"D","D6","","R3-residual",0,0,0,"","","","","D","D","D",7,3,"#EFE0B6",FALSE,"The Embassy will be closed on Thursday, 28 September 2023 on the occasion of Prophet Muhammad<U+2019>s birthday and will resume on Friday, 29 September 2023.
_______________
Kedutaan Besar Republik Indonesia tutup pada hari Kamis, 28 September 2023, dalam rangka memperingati Maulid Nabi dan akan dibuka kembali pada hari Jumat, 29 September 2023. 

Terima kasih!

#inidiplomasi
#Maulidnabimuhammadsaw
#Maulidnabi
#Maulidnabi2023"
"3201209412407683370","Cxs-v_2Mmkq","https://www.instagram.com/p/Cxs-v_2Mmkq/","2023-09-27 17:00:28",2023,"inainvienna",TRUE,FALSE,"Video","clips","id",98,"D","D4","","R3-residual",0,0,0,"","","keamanan; keselamatan","IAEA; General Conference; sidang; delegasi RI","C","D","D",5,2,"#6A769E",FALSE,"<U+201C>Indonesia menegaskan kembali komitmen nasional dalam memastikan keamanan, keselamatan dan safeguard penggunaan nuklir untuk tujuan damai<U+201C>. Demikian disampaikan Dubes/Wakil Tetap RI Wina, sekaligus Ketua Delegasi RI, Dr. Iur. Damos Dumoli Agusman, pada sidang General Conference ke-67 International Atomic Energy Agency (IAEA), di Wina Austria 26 September 2023. 

Dubes Agusman juga menyampaikan dukungan Indonesia terhadap berbagai proyek flagship IAEA, antara lain ZODIAC, Nuclear Technology (NuTec), and Rays of Hope, untuk mendukung penggunaan teknologi nuklir untuk tujuan damai di berbagai negara, termasuk Indonesia. 

General Conference ke-67 IAEA berlangsung di Wina, Austria, tanggal 25-29 September, dan dihadiri sekitar 2000 delegasi dari 177 negara anggota IAEA. 

#inidiplomasi
#IAEA
#IAEAGC"
"3201867605341271022","CxvUZ9yMnPu","https://www.instagram.com/p/CxvUZ9yMnPu/","2023-09-28 14:46:24",2023,"inainvienna",TRUE,FALSE,"Image","feed","unknown",7,"D","D5","","R3-residual",0,0,0,"","","","selamat","D","D","D",5,4,"#FEFEFD",FALSE,"Selamat memperingati hari Maulid Nabi Muhammad SAW 1445 H. 

#inidiplomasi"
"3201869192356735743","CxvUxDzsKr_","https://www.instagram.com/p/CxvUxDzsKr_/","2023-09-28 14:53:16",2023,"inainvienna",TRUE,FALSE,"Video","clips","id",236,"D","D4","","R3-residual",0,0,0,"","","keamanan; keselamatan","pertemuan; IAEA; General Conference","C","D","D",5,2,"#A399A0",FALSE,"Dalam Pertemuan General Conference IAEA ke-67 yang dimulai pada tanggal 25 September 2023 di Wina, Indonesia secara aklamasi terpilih sebagai anggota Dewan Gubernur Badan Tenaga Atom Internasional (IAEA) untuk periode tahun 2023-2025. 

Keanggotaan Indonesia di Dewan Gubernur ini mewakili kelompok Southeast Asia and Pacific (SEAP). Duta Besar/Wakil Tetap Republik Indonesia, Dr. iur. Damos D. Agusman akan bertindak sebagai Gubernur mewakili Pemerintah Indonesia. 

Selain Indonesia, negara lain yang terpilih menjadi anggota Dewan Gubernur adalah Aljazair, Burkina Faso, Korea Selatan, Paraguay, Ekuador, Bangladesh, 
Belanda, dan Spanyol.

<U+201C>Dengan terpilihnya Indonesia sebagai anggota Dewan Gubernur, Indonesia akan terus berperan aktif dalam mendorong pengembangan teknologi nuklir untuk tujuan damai, kerja sama teknis, serta mendorong adanya transfer teknologi nuklir ke negara-negara berkembang. Tidak hanya itu, Indonesia juga akan terus berperan aktif dan mendukung peran IAEA dalam menjalankan mandatnya terkait isu keamanan nuklir, keselamatan nuklir, dan safeguards di tengah situasi politik dan keamanan dunia yang cukup rumit saat ini<U+201D>, demikian disampaikan Dubes / Watapri Wina. 

Lebih lanjut, Dubes/Watap RI Damos Agusman juga menyampaikan bahwa Indonesia telah menerima banyak manfaat dari IAEA dalam pemanfaatan teknologi nuklir untuk tujuan damai. Seperti diantaranya, lingkungan hidup, pertanian, ketahanan pangan, dan lain sebagainya. <U+201C>Indonesia telah menerima banyak manfaat dari kerjasama dengan IAEA, dan akan terus mengembangkan kerja sama yang bemanfaat sebesar-besarnya bagi Indonesia. Saat ini Indonesia dan IAEA telah menandatangani LOI untuk program <U+201C>Rays of Hope<U+201D>, yakni pemanfaatan teknologi nuklir untuk pengobatan kanker, ungkap Dubes/Watap RI di Wina.

#inidiplomasi
#IAEA
#IAEAGC"
"3202574804974633487","Cxx1NExIQIP","https://www.instagram.com/p/Cxx1NExIQIP/","2023-09-29 14:15:00",2023,"inainvienna",TRUE,FALSE,"Video","clips","id",204,"D","D4","","R3-residual",0,0,1,"","","aman; procedure","pertemuan; IAEA; General Conference","C","C","D",5,2,"#C00D11",FALSE,"Dalam pertemuan General Conference Badan Tenaga Atom Internasional (IAEA) 25-29 September 2023, Indonesia mendukung resolusi yang diajukan oleh Mesir dan negara-negara Arab terkait status Palestina di IAEA. 

<U+201C>Indonesia tegaskan komitmennya untuk mendukung Negara Palestina dalam mewujudkan hak-haknya sebagai sebuah negara, sesuai dengan Statuta IAEA serta Rules of Procedure Dewan Gubernur dan General Conference. Bagi Indonesia, hak-hak dan keistimewaan ini sangat penting untuk memastikan bahwa Negara Palestina dapat memenuhi kewajibannya dan melaksanakan hak-haknya secara efektif dalam hubungannya dengan IAEA<U+201D>, demikian disampaikan Wakil Duta Besar RI Alfiano Tamala dalam pernyataannya. 

Lebih lanjut, Wakil Duta Besar RI juga menyampaikan bahwa Indonesia percaya bahwa dukungan terhadap Negara Palestina dalam hal ini akan menjadi dorongan dan momentum positif bagi upaya kita bersama untuk menjaga kawasan Timur Tengah yang aman dan damai, serta mendorong kerja sama teknis dan peningkatan kapasitas antara IAEA dan Negara Palestina, khususnya dalam konteks penggunaan energi nuklir untuk tujuan damai.

Resolusi ini diadopsi setelah dilakukan voting dengan hasil 92 negara mendukung, 5 negara abstain, dan 21 negara menolak. 

Dengan resolusi ini, penamaan <U+2018>State of Palestine<U+2019> (Negara Palestina) sebagai observer akan digunakan secara resmi di IAEA. Selain itu, General Conference merekomendasikan Dewan Gubernur untuk mempertimbangkan pemberian hak kepada Palestina sebagai oberver untuk bicara di dalam pertemuan Dewan Gubernur.

#inidiplomasi
#IAEA
#IAEAGC"
"3202613031442937564","Cxx95V8MXbc","https://www.instagram.com/p/Cxx95V8MXbc/","2023-09-29 15:27:25",2023,"inainvienna",TRUE,FALSE,"Image","feed","en",115,"B","B2","","max",0,7,0,"","business; business forum; product","","","B","B","B",7,3,"#F3F2F3",FALSE,"To all enterprises & business people in Austria <U+0001F1E6><U+0001F1F9> & Slovenia <U+0001F1F8><U+0001F1EE>,

We would like to inform you that the Indonesia - Europe Business Forum (IEBF) presented by the Ministry of Foreign Affairs of the Republic of Indonesia is going to commence on 17-18 October 2023 at Ritz Carlton Mega Kuningan, Jakarta.

The highlight of the events include Business Pitching, Business Matching, and Networking Dinner.

The Embassy of the Republic of Indonesia in Austria will thoroughly assist any enterprises and business partners from Austria and Slovenia who are interested in joining the IEBF 2023.

Get all the information on IEBF 2023, by referring to these following links:

1. Registration: https://events.kemlu.go.id/ iebf/registration
2. Product catalogue: https://ina-
access.com/
3. Website: https://events.kemlu.go.id/iebf/
4. Contact information: iebf@kemlu.go.id and herwina.diah@kemlu.go.id

Don<U+2019>t miss it!! 

#inidiplomasi
#IEBF
#IEBF2023"
"3204528651608522858","Cx4xdSPsABq","https://www.instagram.com/p/Cx4xdSPsABq/","2023-10-02 06:53:25",2023,"inainvienna",TRUE,FALSE,"Image","feed","en",70,"D","D6","","R3-residual",0,0,0,"","","","","D","D","D",7,3,"#1D7789",FALSE,"Dear Friends of Indonesia in
Austria and Slovenia,

Indonesian Language Online Course for
Winter Semester 2023 is around the corner.

Spread the words and tell your families and friends to join the Indonesian Language Course FREE of CHARGE!!

The class will start on the 9 of October 2023 and we have limited spots.

It's an online course!! Save your spot and get the Bahasa learning at your own convenient place.

Register now at: 

https://bit.ly/anmelden_BIPA_Winterkurs2023

#Inidiplomasi #indonesianAustria #IndonesianSlovenia
#Indonesien<U+00F6>sterreich 
#diesediplomatie 
#indonesianinvienna
#IndonesianinAustria
#IndonesianCulturalinVienna #IndonesianCulturalinAustria
#ASEAN2023
#ASEANMatters
#ASEANEpicentrumofGrowth"
"3206873970216417574","CyBGuKaMjkm","https://www.instagram.com/p/CyBGuKaMjkm/","2023-10-05 12:33:09",2023,"inainvienna",TRUE,FALSE,"Sidecar","carousel_container","id",59,"D","D6","","R3-residual",0,0,0,"","","","","D","D","D",3,5,"#156D9F",TRUE,"Tau gak kalau KTT AIS Forum 2023 ini telah melakukan berbagai macam aksi nyata untuk kegiatan penanganan bencana, perubahan iklim, dan masih banyak lagi. 

Nggak cuma itu, sejak beberapa tahun yang lalu sampai sekarang juga masih banyak program serta pengembangan yang dikerjakan loh, Sob! 

Ikutin terus kelanjutan dan hasil dari KTT AIS Forum selanjutnya di sosmed KBRI/PTRI Wina ya<U+2026> <U+0001F64F><U+0001F3FC>

#Inidiplomasi
#KTTAISForum2023
#HLMAISForum2023
#OurOceanOurFuture
#AISForum
#PesonaIndonesia
#WonderfulIndonesia"
"3210017586023729364","CyMRfyxs4jU","https://www.instagram.com/p/CyMRfyxs4jU/","2023-10-09 20:50:11",2023,"inainvienna",TRUE,FALSE,"Video","clips","id",50,"A","A1","","max",8,0,0,"wisata; destinasi; bali; travel; seni; tari; musik","","","","A","A","A",5,2,"#CC1B1A",FALSE,"Pada tanggal 2-5 Oktober 2023, KBRI/PTRI Wina telah berpartisipasi pada acara <U+201C>Green Travel Fest<U+201D> yang diselenggarakan oleh Eva Air @evaairat untuk mempromosikan destinasi wisata dari Wina ke Jakarta dan Bali. 

Selain mempromosikan tujuan wisata di Indonesia, KBRI/PTRI Wina juga memperkenalkan seni musik dan tari khas Indonesia kepada pengunjung Mall Wien Mitte. 

#inidiplomasi
#Indonesiatravel #Wonderfulindonesia
#VisitIndonesia
#GreenTravelFest
#EvaAir
#VisitJakarta
#VisitBali"
"3210655294135977533","CyOifqvM8Y9","https://www.instagram.com/p/CyOifqvM8Y9/","2023-10-10 17:56:13",2023,"inainvienna",TRUE,FALSE,"Video","clips","id",76,"A","A2","","max",5,0,0,"budaya; tari; tarian","","","komunitas","A","A","A",14,13,"#DBD7DB",FALSE,"Pada 7 Oktober 2023, KBRI/PTRI Wina bekerjasama dengan Friends of Weltmuseum Wien dan Austrian - Indonesian Society (AIS) mempersembahkan tarian khas Indonesia di <U+201C>Lange Nacht der Museen<U+201D> di depan Welt Museum Wien. 

Tarian khas Indonesia yang ditampilkan adalah tari Burung Enggang dari Kalimantan Timur dan tari Poco-poco dari Maluku. 

Apresiasi kepada Friends of Welt Museum Wien, AIS, Gema Puspa Nusantara, Romo Tanto dan seluruh komunitas masyarakat atas dukungannya selama ini dalam kegiatan promosi budaya Indonesia di Austria <U+0001F64F><U+0001F3FC>

#inidiplomasi
#indonesianAustria 
#IndonesianSlovenia 
#Indonesien<U+00D6>sterreich
#indonesianinvienna 
#IndonesianinAustria
#weltmuseumwien 
#austrianindonesiansociety
#PPIAustria 
#gemapuspanusantara"
"3214936881233121536","CydwA9dM9EA","https://www.instagram.com/p/CydwA9dM9EA/","2023-10-16 15:37:30",2023,"inainvienna",TRUE,FALSE,"Video","clips","id",40,"D","D6","","R3-residual",0,0,0,"","","","","D","D","D",5,2,"#2E2626",FALSE,"Indonesia ikut berpartisipasi dalam acara SILA Bazaar yang diselenggarakan oleh Woman Internation Organization, Slovenia. Indonesia diberi kesempatan untuk membuka dua stand yaitu stand makanan dan stand kerajinan tangan. 
Acara Bazaar di selenggarakan dalam rangka penggalangan dana untuk Proyek-proyek Amal.
#inidiplomasi"
"3232502144040094863","CzcJ5LPMsyP","https://www.instagram.com/p/CzcJ5LPMsyP/","2023-11-09 21:11:45",2023,"inainvienna",TRUE,FALSE,"Image","feed","id",18,"D","D5","","R3-residual",0,0,0,"","","","selamat; hari pahlawan","D","D","D",10,4,"#EA6B68",FALSE,"KBRI/PTRI Wina mengucapkan 
<U+201E>Selamat Hari Pahlawan 2023<U+201C>
Semangat Pahlawan untuk Masa Depan Bangsa dalam Memerangi Kemiskinan dan Kebodohan.

#inidiplomasi"
"3233051434999134255","CzeGyaTsLgv","https://www.instagram.com/p/CzeGyaTsLgv/","2023-11-10 15:24:34",2023,"inainvienna",TRUE,FALSE,"Video","clips","id",43,"D","D5","","R3-residual",0,0,0,"","","","upacara; hari pahlawan","D","D","D",5,2,"#EDE5DF",FALSE,"Pada tanggal 10 November 2023, KBRI/PTRI Wina telah menyelenggarakan Upacara Hari Pahlawan 2023 dengan tema <U+201E>Semangat Pahlawan untuk Masa Depan Bangsa dalam memerangi Kemiskinan dan Kebodohan<U+201C>.

Upacara dipimpin langsung oleh Dubes/Watap RI serta diikuti oleh seluruh staf KBRI/PTRI Wina dengan lancar dan khidmad.

#inidiplomasi #haripahlawan #pahlawanindonesia"
"3235092300211243845","CzlW06JsUtF","https://www.instagram.com/p/CzlW06JsUtF/","2023-11-13 11:01:24",2023,"inainvienna",TRUE,FALSE,"Video","clips","id",20,"A","A2","","max",2,0,0,"gamelan; kunst","","","","A","A","D",5,2,"#B8ADA1",FALSE,"Latihan perdana Gamelan Jawa di KBRI Wina dengan pengajar Prof. Sarah Weiss dari Kunst Universitat Graz pda tanggal 12 November Siang.
#Inidiplomasi #GamelanJawa #kbriwina"
"3235797826654162080","Czn3Pq2s8yg","https://www.instagram.com/p/Czn3Pq2s8yg/","2023-11-14 10:20:04",2023,"inainvienna",TRUE,FALSE,"Video","clips","unknown",4,"D","D6","","R3-residual",0,0,0,"","","","","D","D","D",5,2,"#C1C7CF",FALSE,"Indonesia goes to School"
"3246019629045459135","C0MLaeLMyi_","https://www.instagram.com/p/C0MLaeLMyi_/","2023-11-28 12:54:16",2023,"inainvienna",TRUE,FALSE,"Video","clips","id",75,"D","D6","","R3-residual",0,0,0,"","","","","D","D","D",5,2,"#0C0A0B",FALSE,"Pada tanggal 24 dan 27 November 2023, Dubes/Watap RI Wina Dr. iur. Damos Dumoli Agusman beserta Ibu Ermita didampingi oleh Deputy Chief Mission RI Wina, A. Alfiano Tamala beserta Ibu Lieke dan Atase Pertahanan RI untuk Wina berkedudukan di Berlin, Kolonel Budi Wibowo beserta Ibu Elsa, telah menyambut ketibaan dan mengantar kepulangan Wakil Presiden Republik Indonesia, Bapak Ma<U+2019>ruf Amin dan Ibu Wury di Bandara Internasional Wina untuk kunjungan kerja Wakil Presiden RI di Republik Slovakia tanggal 24-27 November 2023.

#inidiplomasi
#diesediplomatie"
"3246089896983639895","C0MbZASsbdX","https://www.instagram.com/p/C0MbZASsbdX/","2023-11-28 15:12:55",2023,"inainvienna",TRUE,FALSE,"Video","clips","id",130,"D","D1","","R3-residual",0,0,0,"","","","bertemu","D","D","D",5,2,"#030202",FALSE,"Pada Senin, 27 November 2023 di Wina, Wakil Menteri Ketenagakerjan RI, Afriansyah Noor telah bertemu dengan Direktur Jenderal Strategi Pasar Nasional Kementerian Federal Ketenagakerjaan dan Ekonomi  Austria, Georg Koneztky, dalam rangka membahas tindak lanjut implementasi MoU antara Pemerintah Indonesia dengan Austria tentang Kerja Sama di Bidang Pendidikan Vokasi dalam Pelatihan Berbasis Kerja yang telah di ditandatangani pada tahun 2022.

Wamenaker RI mengapresiasi dukungan Austria selama ini dalam membangun pusat-pusat pelatihan tenaga kerja di beberapa daerah seperti di Medan dan Banyuwangi, dan sampaikan harapan keberlanjutan kerja sama bilateral di bidang pelatihan siap kerja.

Kedua pihak sepakat pentingnya meneruskan kerja sama untuk meningkatkan peluang bagi tenaga kerja terampil Indonesia untuk mengakses pasar Austria yang saat ini mengalami kekurangan di beberapa sektor, salah satunya dalam pengembangan pelatihan yang dapat memenuhi standar kualifikasi dan kompetensi Austria.

#inidiplomasi"
"3246628257192263124","C0OVzLTsL3U","https://www.instagram.com/p/C0OVzLTsL3U/","2023-11-29 08:57:49",2023,"inainvienna",TRUE,FALSE,"Image","feed","id",109,"D","D3","","R6",0,0,0,"","","persyaratan","WNI; paspor; lapor diri; konsuler","D","D","D",6,2,"#ECECEA",FALSE,"Yth. Bapak Ibu WNI di Austria dan Slovenia,

Izin menginfokan bahwa KBRI akan membuka layanan *Warung Konsuler di kota Linz, Austria* pada;
Hari/Tanggal: Sabtu, 2 Desember 2023
Pukul: 10.00-16.00
Lokasi: Hotel Park Inn by Radisson

Layanan yg diberikan antara lain:
1. Pembuatan/perpanjangan paspor 10 tahun (foto dan sidik jari biometrik)
2. Penambahan kolom tanda tangan pada paspor RI
3. Penerbitan surat pencatatan dan keterangan 
4. Penerbitan NIT bagi yang belum pernah memiliki NIK
5. Bimtek Lapor Diri Online
6. Konsultasi kekonsuleran dll

Wajib daftar via bit.ly/Linz2023
Persyaratan dokumen diakses di bit.ly/DOCSWARKON2023

_*Khusus untuk pendaftar paspor, wajib mengirimkan dokumen persyaratan terlebih dahulu via email konsuler.wina@kemlu.go.id maksimal Jumat 1 Desember 2023 jam 12.00 CET*_

Salam hangat dan sampai jumpa!

Tim Konsuler KBRI Wina<U+0001F1EE><U+0001F1E9><U+0001F1E6><U+0001F1F9><U+0001F1F8><U+0001F1EE>

#inidiplomasi
#WarungKonsuler
#WarungKonsulerKBRIWina"
"3248371004882493181","C0UiDfksx79","https://www.instagram.com/p/C0UiDfksx79/","2023-12-01 18:43:55",2023,"inainvienna",TRUE,FALSE,"Video","clips","id",84,"D","D4","","R3-residual",0,0,0,"","","","menerima kunjungan; UNIDO; sidang","D","D","D",5,2,"#050303",FALSE,"Watap RI Wina menerima kunjungan kerja Direktur Akses Industri Internasional (AII) Kementerian Perindustrian beserta delegasi, dalam rangka menghadiri sesi ke-20 Sidang Umum UNIDO di Wina, Austria, Pada tanggal 27 November - 1 Desember 2023. 

Indonesia terpilih sebagai salah satu anggota Komite Program dan Anggaran UNIDO periode 2024-2026.

Pada Sidang Umum ke-20 UNIDO, Delri tekankan pada pengembangan industri hijau, penguatan daya saing industri, energi bersih dan berkelanjutan, serta inovasi dan digitalisasi. 

Sebagai manfaat nyata, implementasi Indonesia-UNIDO Country Programme 2021-2025 mengembangkan kawasan industri ramah lingkungan melalui program Global Eco Industrial Park.

#inidiplomasi
#UNIDO
#KementerianPerindustrian"
"3260151691221365581","C0-YrCtI3NN","https://www.instagram.com/p/C0-YrCtI3NN/","2023-12-18 00:57:52",2023,"inainvienna",TRUE,FALSE,"Video","clips","id",281,"A","A2","","max",3,0,0,"tari; toleransi","","demokrasi; pemilu","diaspora; pelajar; warga; pengajian; WNI; natal","A","A","A",5,2,"#251B1A",FALSE,"Pada 16 Desember 2023, Keluarga Kristen Indonesia di Austria (KKIA) bersama KBRI/PTRI Wina telah menyelenggarakan dengan meriah perayaan Natal tahun 2023 dengan mengumandangkan toleransi dan saling menghormati dalam kebhinnekaan serta persatuan di Austria.

Acara perayaan berlangsung di aula Pfarre Am Tabor dan dihadiri oleh perwakilan WNI Muslim dari Warga Pengajian Austria (Wapena), WNI penganut agama Hindu, kelompok WNI penganut agama Buddha dan perwakilan Perhimpunan Pelajar Indonesia di Austria, serta unsur pimpinan, pejabat dan staf Kedutaan Besar Republik Indonesia di Wina, Austria. 

Dalam sambutannya, Dubes RI sampaikan antara lain agar semangat Natal ini dapat menjadi pegangan WNI penganut agama Kristen untuk menjaga persatuan dan saling menghormati saat pesta demokrasi Indonesia bergulir di awal tahun 2024. <U+201C>Memasuki tahun Pemilu 2024, hendaknya kita meresapi makna dari tema Natal tahun ini agar pikiran, perkataan, dan perbuatan kita selaras dalam rangka menjaga perdamaian dan keharmonisan diantara kita semua, terutama antar WNI di Austria dan Slovenia<U+201D>, pesan Dubes RI.

Selain menyambut hari Natal dengan sukacita, pesta KKIA ini juga dikhususkan untuk merayakan Hari Ulang Tahun KKIA ke-60 sejak dibentuknya pada tahun 1963. Tokoh senior KKIA, Bapak Petrus Canisius Prijapratama yang sudah berusia 89 tahun, menuturkan sejarah pembentukan KKIA. 

Acara hiburan perayaan Natal KKIA dimeriahkan dengan pertunjukan pantomim Natal yang digubah Suster Bene Xaverius berjudul <U+201C>The Story of Our Salvation<U+201D>, penampilan tari dan lagu oleh para Suster dan Romo Indonesia di Austria, penampilan tari dan lagu oleh kelompok <U+201C>SD am Tabor<U+201D>, serta pertunjukan band Keroncong <U+201C>Zugabe<U+201D> KBRI Wina. Para peserta lainnya juga memeriahkan acara dengan sesi menari bersama <U+201C>Poco-poco<U+201D> yang dipimpin oleh Romo Tanto. 

Sebelum acara perayaan Natal 2023 oleh KKIA, telah pula diselenggarakan acara Doa Bersama Natal 2023 yang dihadiri oleh segenap WNI dan Diaspora Indonesia umat Kristen di wilayah kota Wina dan sekitarnya.

#inidiplomasi"
"3263584754269854566","C1KlQr0optm","https://www.instagram.com/p/C1KlQr0optm/","2023-12-22 18:31:50",2023,"inainvienna",TRUE,FALSE,"Video","clips","id",94,"A","A2","","max",3,1,0,"angklung","kopi","","diaspora; komunitas","A","A","A",5,2,"#E8E1E4",FALSE,"Dalam rangka memperingati hari Bela Negara ke - 75, KBRI/PTRI Wina bekerja sama dengan Friends of Weltmuseum Wien dan Austrian - Indonesian Society (AIS), telah menyelenggarakan kegiatan pertunjukan Angklung untuk meningkatkan rasa cinta tanah air di Weltmuseum Wien, pada tanggal 19 Desember 2023. 

Pertunjukan angklung dimainkan solo oleh staf KBRI/PTRI Wina, Juan Ostos Aguilar, yang membawakan 12 lagu mewakili dari beberapa daerah di Indonesia antara lain lagu Alusia Au, Neng Geulis, Kopi Dangdut.

Pertunjukan angklung dihadiri oleh sekitar 150 penonton yang terdiri dari Komunitas Masyarakat dan Diaspora Indonesia di Wina, AIS, Friends of Weltmuseum Wien, serta para pengunjung Weltmuseum.

#inidiplomasi 
#HariBelaNegara
#HariBelaNegara2023
#HariBelaNegarake75"
"3265849362037609691","C1SoLEKMBTb","https://www.instagram.com/p/C1SoLEKMBTb/","2023-12-25 21:32:28",2023,"inainvienna",TRUE,FALSE,"Video","clips","id",29,"D","D5","","R3-residual",0,0,0,"","","","natal; tahun baru; selamat","D","D","D",10,4,"#EDE5E2",FALSE,"Keluarga Besar KBRI/PTRI Wina mengucapkan Selamat Hari Natal & Tahun Baru 2024.

Semoga Natal membawa kedamaian dan kegembiraan kepada kita semua serta memberi keberkahan dalam setiap langkah kita di tahun 2024. 

#inidiplomasi
#Natal2023"
"3273451802329321326","C1toxIbM49u","https://www.instagram.com/p/C1toxIbM49u/","2024-01-05 09:11:25",2024,"inainvienna",TRUE,FALSE,"Sidecar","carousel_container","unknown",10,"D","D3","","R3-residual",0,0,0,"","","","WNI","D","D","D",5,2,"#292329",FALSE,"Diplomasi Perlindungan
Pemerintah Indonesia berhasil mengevakuasi WNI di Jalur Gaza
#Inidiplomasi#Indonesianway#indonesiauntukdunia#peduliwni"
"3273602662115863224","C1uLEbjMGq4","https://www.instagram.com/p/C1uLEbjMGq4/","2024-01-05 14:12:13",2024,"inainvienna",TRUE,FALSE,"Video","clips","id",36,"D","D6","","R3-residual",0,0,1,"","","policy","","D","C","D",14,2,"#F4F1EB",FALSE,"Pernyataan Pers Tahunan Menteri Luar Negeri 2023 (PPTM)  dengan mengusung Tema <U+201C>Advicing Free and Active Foreign Policy: Ten Year Journey <U+201C> akan disiarkan pada tgl 8 Januari 2024 di Bandung. Bandung adalah kota yang amat bersejarah bagi perjalanan Diplomasi Indonesia.
#inidiplomasi
#pptm2024#Indonesianway#indonesiauntukdunia"
"3273652325057778504","C1uWXHxM1NI","https://www.instagram.com/p/C1uWXHxM1NI/","2024-01-05 15:51:52",2024,"inainvienna",TRUE,FALSE,"Video","clips","unknown",8,"D","D6","","R3-residual",0,0,0,"","","","","D","D","D",14,2,"#F2E9E0",FALSE,"Apa sih Pernyataan Pers Tahunan Kementrian Luar Negeri 

#Inidiplomasi#Indonesianway#indonesiauntukdunia#kemlu_ri#sahabatkemlu"
"3273677256889847139","C1ucB7WMc1j","https://www.instagram.com/p/C1ucB7WMc1j/","2024-01-05 16:39:21",2024,"inainvienna",TRUE,FALSE,"Image","feed","en",11,"D","D4","","R3-residual",0,0,0,"","","","statement","D","D","D",7,3,"#F3EEDB",FALSE,"The Annual press statement of the Minister for the Foreign Affairs.

#Inidiplomsi#sahabatkemlu#indonesianway"
"3273751161197415224","C1us1YGMcs4","https://www.instagram.com/p/C1us1YGMcs4/","2024-01-05 19:08:05",2024,"inainvienna",TRUE,FALSE,"Video","clips","unknown",5,"D","D6","","R3-residual",0,0,0,"","","","","D","D","D",14,2,"#E9E7EA",FALSE,"Pernyataan Pers Tahunan Menlu (PPTM)
#inidiplomasi#indonesianway#sahabatkemlu"
"3274207040594079657","C1wUfS3sW-p","https://www.instagram.com/p/C1wUfS3sW-p/","2024-01-06 10:15:03",2024,"inainvienna",TRUE,FALSE,"Video","clips","unknown",5,"D","D6","","R3-residual",0,0,0,"","","","","D","D","D",7,3,"#F0EAE1",FALSE,"Fun fact about PPTM LOGO 

#inidiplomasi#Indonesianway#indonesiauntukdunia #sahabatkemlu"
"3274440949319692623","C1xJrHWMXFP","https://www.instagram.com/p/C1xJrHWMXFP/","2024-01-06 17:59:29",2024,"inainvienna",TRUE,FALSE,"Video","clips","id",36,"D","D6","","R3-residual",0,0,1,"","","policy","","D","C","D",14,2,"#F0EAE1",FALSE,"Pernyataan Pers Tahunan Menteri Luar Negeri 2024 (PPTM)  dengan mengusung Tema <U+201C>Advicing Free and Active Foreign Policy: Ten Year Journey <U+201C> akan disiarkan pada tgl 8 Januari 2024 di Bandung. Bandung adalah kota yang amat bersejarah bagi perjalanan Diplomasi Indonesia.
#inidiplomasi
#pptm2023 #indonesianway #indonesiauntukdunia"
"3274861262830531079","C1ypPezs3IH","https://www.instagram.com/p/C1ypPezs3IH/","2024-01-07 07:52:58",2024,"inainvienna",TRUE,FALSE,"Video","clips","unknown",0,"U","U","","U",0,0,0,"","","","","U","U","U",NA,NA,"#FCFBF9",FALSE,"#Inidiplomasi#Indonesianway#sahabatkemlu"
"3275056450991332922","C1zVn18sJ46","https://www.instagram.com/p/C1zVn18sJ46/","2024-01-07 14:22:56",2024,"inainvienna",TRUE,FALSE,"Video","clips","unknown",3,"D","D6","","R3-residual",0,0,0,"","","","","D","D","D",7,3,"#8297B4",FALSE,"Tanya-tanya PPTM 2024
#Inidiplomasi#Indonesianway#Sahabatkemlu"
"3275759198489651045","C111aKjsadl","https://www.instagram.com/p/C111aKjsadl/","2024-01-08 13:54:00",2024,"inainvienna",TRUE,FALSE,"Video","clips","id",48,"C","C3","","max",0,0,5,"","","golden visa; visa","","C","C","C",3,5,"#010100",FALSE,"Tau gak sih, kalau sekarang WNA bisa mengajukan Izin Tinggal di Indonesia sampai 10 tahun loh..! 

Nah, sekarang Indonesia memiliki kebijakan Golden Visa yang memberikan kemudahan ijin tinggal bagi WNA beserta keluarga. 

Untuk pengajuan Golden Visa dan Visa lainnya dapat diakses melalui Website Direktorat Jenderal Imigrasi, melalui tautan berikut: 

https://evisa.imigradi.go.id

#IniDiplomasi
#RintisKemajuanIndonesia
#DemiNKRI
#NegaraMelindungi
#VisitIndonesia
#GoldenVisaIndonesia
#IndonesiaUntukDunia"
"3275837889118960229","C12HTQ6s3pl","https://www.instagram.com/p/C12HTQ6s3pl/","2024-01-08 16:28:34",2024,"inainvienna",TRUE,FALSE,"Video","clips","id",50,"D","D3","","R3-residual",0,0,0,"","","","WNI","D","D","D",5,2,"#E9E7EA",FALSE,"Bagi WNI yang menetap di Luar Negeri selama 6 bulan atau lebih, khususnya yang berada di Austria dan Slovenia jangan lupa daftarkan diri di Portal Peduli WNI untuk memudahkan pengajuan layanan WNI secara online maupun offline. 

Bagi yang belum mendaftarkan diri, bisa langsung daftar di Portal Peduli WNI, melalui tautan berikut: 

www.peduliwni.kemlu.go.id

#IniDiplomasi
#LaporDiri
#PortalPeduliWNI
#RintisKemajuanIndonesia
#DemiNKRI
#NegaraMelindungi
#VisitIndonesia
#IndonesiaUntukDunia"
"3288168506032648026","C2h69Wzs-9a","https://www.instagram.com/p/C2h69Wzs-9a/","2024-01-25 16:42:00",2024,"inainvienna",TRUE,FALSE,"Video","clips","id",75,"D","D1","","R3-residual",0,0,0,"","","","pertemuan","D","D","D",5,3,"#F9F5F5",FALSE,"Hari ini, Duta Besar/Wakil Tetap RI Wina, @damos.agusman telah menghadiri pertemuan ke-60 ASEAN Vienna Committee (AVC) yang berlangsung di hotel Park Hyatt Vienna.

Sebagai Ketua AVC periode Juli 2023 - Januari 2024, Dubes Filipina menyampaikan laporan rangkaian program yang telah dilaksanakan selama keketuannya. Para Dubes AVC juga melakukan diskusi isu-isu terkini serta rencana kegiatan AVC di tahun 2024. 

Pada pertemuan AVC kali ini juga dirangkaikan dengan serah terima keketuaan AVC dari Duta Besar Filipina kepada Duta Besar Vietnam. 

#IniDiplomasi
#RintisKemajuanIndonesia
#DemiNKRI
#NegaraMelindungi
#VisitIndonesia
#VisitIndonesia2024
#IndonesiaUntukDunia"
"3288186920889283884","C2h_JU-sPUs","https://www.instagram.com/p/C2h_JU-sPUs/","2024-01-25 17:07:28",2024,"inainvienna",TRUE,FALSE,"Sidecar","carousel_container","id",31,"D","D2","","R6",0,0,0,"","","pemilu","masyarakat indonesia; pemilih","D","D","D",5,2,"#F3F3ED",FALSE,"Kepada seluruh masyarakat Indonesia di Austria dan Slovenia, jangan lupa menggunakan hak pilih kalian pada PEMILU 2024. 

Untuk tahu kapan jadwal pemungutan suara PEMILU 2024 dan metode pemilihan, silahkan digeser ke kiri ya<U+2026> 

#IniDiplomasi
#PPLN2024 
#PPLN
#PEMILU2024
#RintisKemajuan
#DemiNKRI
#NegaraMelindungi
#IndonesiaUntukDunia"
"3291065168602298595","C2sNlWDM3jj","https://www.instagram.com/p/C2sNlWDM3jj/","2024-01-29 16:27:47",2024,"inainvienna",TRUE,FALSE,"Video","clips","id",58,"D","D2","","R3-residual",0,0,0,"","","","warga; pengajian","D","D","D",5,2,"#070505",FALSE,"Pada tanggal 28 Januari 2024, Dubes RI, Damos Dumoli Agusman, telah menghadiri dan membuka acara Musyawarah Anggota Warga Pengajian Austria (Wapena) dengan agenda penyampaian laporan pertanggungjawaban (LPJ) kepengurusan Wapena masa bakti 2021-2023.

Kegiatan berlangsung dengan hikmat dan lancar, serta LPJ yang dilaporkan Ketua Umum Wapena masa bakti 2021-2023, Bapak Arya Gunawan Usis, telah diterima oleh Dewan Musyawarah Wapena dengan catatan sangat baik.

#inidiplomasi #wapena #inainvienna @info_wapena"
"3293210569492997368","C2z1ZCVMST4","https://www.instagram.com/p/C2z1ZCVMST4/","2024-02-01 15:30:57",2024,"inainvienna",TRUE,FALSE,"Video","clips","en",118,"A","A2","","max",11,0,0,"batik; gamelan; wayang; UNESCO; cultural; music; heritage; kunst","","","diaspora; students; citizens","A","A","A",7,3,"#030202",FALSE,"Let<U+2019>s talk about Gamelan! 

This traditional Indonesian music ensemble is like a musical medley of xylophones, gongs, drums, and even bamboo flutes! It<U+2019>s a slice of Indonesia<U+2019>s cultural pie, and just like Wayang shadow puppets and batik making, it<U+2019>s already earned a spot on the UNESCO list of Intangible Cultural Heritage. 

On January 21st, Javanese Gamelan class at the Indonesian Embassy made a comeback with the help of Professor Ethnomusicology from Kunstuniversit<U+00E4>t Graz, Dr. Sarah Weiss! 

The class was a smashing success, attended by Indonesian citizens & Indonesian students in Austria, Indonesian Diaspora in Vienna and nearby areas, making a total of 15 participants. 

If you are interested to join the class, don<U+2019>t hesitate to contact us via email: pensosbud.wina@kemlu.go.id

Hope to see you there!! 

#IniDiplomasi
#RintisKemajuanIndonesia
#DemiNKRI
#NegaraMelindungi
#VisitIndonesia
#VisitIndonesia2024
#IndonesiaUntukDunia
#GamelanJawa"
"3293322065778661217","C20OvhVsVdh","https://www.instagram.com/p/C20OvhVsVdh/","2024-02-01 19:16:58",2024,"inainvienna",TRUE,FALSE,"Video","clips","en",189,"A","A2","","max",12,0,0,"sate; cultural; dance; cuisine; heritage; performance; diversity","","","dharma wanita; United Nations","A","A","A",7,3,"#010101",FALSE,"Introducing Indonesian Culinary, Traditional Textiles and Balinese Dance to the President and Members of the United Nations Women<U+2019>s Guild

On January 24th, Indonesian Embassy dazzled members of UNWG with a cultural extravaganza featuring Indonesia<U+2019>s vibrant textiles, culinary and heritage at Indonesian Ambassador<U+2019>s residence. The event was attended by Cathy Kieffer, the President of UNWG Vienna and 50 others, comprising members of UNWG Vienna and other invitees. 

The program commenced with welcoming remarks by Mdm. Ermita Agusman, followed by a brief presentation about Indonesia by Fauziah Rahmah Muin, Information and Socio - Cultural Affairs from Indonesian Embassy, then featured with a Balinese dance performance by Madelief Hobohm and followed with a short lesson on basic Balinese dance movements.

The event then proceeded with an exhibition of Indonesian traditional textiles in which attendees were able to appreciate the beauty and diversity of traditional fabrics from various regions across Indonesia. 

Afterwards, all invitees were able to enjoy Indonesian cuisine from the savory Soto Ayam, Gado-gado, Sate Ayam and Nasi Tumpeng to the assortment of traditional Indonesian desserts that symbolizes cultural diversity. The event was a success, primarily thanks to the support of Dharma Wanita Persatuan KBRI/PTRI Wina.

#IniDiplomasi
#UNWGVienna
#PromosiBudaya
#PromosiKuliner
#RintisKemajuanIndonesia
#DemiNKRI
#NegaraMelindungi
#VisitIndonesia
#VisitIndonesia2024
#IndonesiaUntukDunia"
"3293916380334881385","C22V375s3pp","https://www.instagram.com/p/C22V375s3pp/","2024-02-02 15:04:20",2024,"inainvienna",TRUE,FALSE,"Video","clips","en",52,"D","D1","","R3-residual",0,0,0,"","","","meeting","D","D","D",7,3,"#020202",FALSE,"Billateral meeting between Indonesian Foreign Minister @retno_marsudi & Slovenian Foreign Minister @tanja.fajon was held today in Brussels. 

During the meeting, the situation in #Gaza was discussed. It was noted that Slovenia shares Indonesia<U+2019>s position, including the significance of a two-state solution and support for the work of UN Relief and Works Agency for Palestinian Refugees. 

<U+0001F3A5> repost: @retno_marsudi 

#IniDiplomasi
#BilateralMeeting
#UNRWA
#RintisKemajuan
#DemiNKRI
#NegaraMelindungi
#indonesiauntukdunia"
"3297810709171207589","C3ELV4QoP2l","https://www.instagram.com/p/C3ELV4QoP2l/","2024-02-07 23:48:13",2024,"inainvienna",TRUE,FALSE,"Image","feed","en",49,"D","D6","","R3-residual",0,0,0,"","","","","D","D","D",7,3,"#F3F1EF",FALSE,"To commemorate Isra Mi<U+2019>raj, The Embassy will be closed on Thursday, 8th of February 2024. 

Isra Mi<U+2019>raj is believed to be the night in which Prophet Muhammad <U+FDFA> embarked on a miraculous journey, from Mecca to the Al-Aqsa Mosque in Jerusalem, and ascended to heavens all in one night. 

#IniDiplomasi
#IsraMiraj2024
#RintisKemajuan
#DemiNKRI
#NegaraMelindungi
#indonesiauntukdunia"
"3297817224619886598","C3EM0sPoggG","https://www.instagram.com/p/C3EM0sPoggG/","2024-02-08 00:05:17",2024,"inainvienna",TRUE,FALSE,"Video","clips","en",11,"D","D6","","R3-residual",0,0,0,"","","","","D","D","D",7,3,"#F1EDED",FALSE,"9 years of diplomatic excellence successfully revolves over 200.000 cases for Indonesian nationals. 

#IniDiplomasi
#RintisKemajuan
#DemiNKRI
#NegaraMelindungi
#indonesiauntukdunia"
"3297825376014795244","C3EOrT0oYHs","https://www.instagram.com/p/C3EOrT0oYHs/","2024-02-08 00:22:33",2024,"inainvienna",TRUE,FALSE,"Video","clips","en",31,"A","A1","","max",4,0,0,"bali; visit; culture","","","","A","A","A",7,3,"#1A1313",FALSE,"Starting from February 14, 2024, foreign tourists visiting Bali will be required to pay a tourist tax of Rp 150,000 ($10). The levy on foreign tourists is intended to preserve the culture and environment in Bali. 

#IniDiplomasi
#VisitBali2024
#VisitBali
#VisitIndonesia2024
#VisitIndonesia
#RintisKemajuan
#DemiNKRI
#NegaraMelindungi
#indonesiauntukdunia"
"3298834630558571587","C3H0J5XM1xD","https://www.instagram.com/p/C3H0J5XM1xD/","2024-02-09 09:52:06",2024,"inainvienna",TRUE,FALSE,"Video","clips","en",73,"D","D5","","R3-residual",1,0,0,"harmony","","","imlek","D","A","D",7,3,"#010101",FALSE,"The Embassy will be closed on Friday, 9th of February on the occasion of Chinese New Year Celebrations also known as <U+201C>Imlek<U+201D> in Indonesia. 

According to the Chinese calender, this year is the year of the <U+201C>Wood Dragon<U+201D>. 

The dragon in the Chinese belief symbolizes strength, nobility, honor, luck, and success.
While the combination of dragon and wood will form good harmony, improvement, and abundance.

Happy Chinese New year<U+2019>s, Gong Xi Fa Chai <U+0001F389>

#IniDiplomasi
#Imlek2024
#WoodDragon2024
#ChineseNewYear
#ChineseNewYear2024
#RintisKemajuan
#DemiNKRI
#NegaraMelindungi
#indonesiauntukdunia"
"3301891883884787188","C3SrSyZsrX0","https://www.instagram.com/p/C3SrSyZsrX0/","2024-02-13 14:56:47",2024,"inainvienna",TRUE,FALSE,"Image","feed","en",18,"C","C2","","max",0,0,2,"","","pemilu; election","","C","C","D",7,3,"#F7F3F1",FALSE,"The Embassy will be closed on Wednesday, 14th of February on the occasion of Indonesian General Election Pemilu 2024.

#IniDiplomasi
#Pemilu2024
#RintisKemajuan
#DemiNKRI
#NegaraMelindungi
#IndonesiaUntukDunia"
"3306232722587961565","C3iGSTeoMjd","https://www.instagram.com/p/C3iGSTeoMjd/","2024-02-19 14:41:54",2024,"inainvienna",TRUE,FALSE,"Video","clips","en",92,"A","A2","","max",4,1,0,"culture; cultural","opportunity","","","A","A","A",7,3,"#010201",FALSE,"Come and Embark on Indonesia  cultural journey with us! 
<U+0001F30F> Exciting news: The Indonesian Embassy in Vienna, in collaboration with the Indonesian Ministry of Education and Culture, is gearing up for a vibrant hybrid Indonesian Language Course in Summer Semester 2024! 

The Course Location will be at Gustav Tschermakgasse 5-7, Vienna, Austria 1180.

If you<U+2019>re eager to dive into the beauty of Indonesian culture through language learning, secure your spot now! <U+0001F4DA> Register for the course using this link: https://bit.ly/Anmelden_BIPA_SS24

Seize the opportunity to immerse yourself in the enchanting world of Indonesian language and culture. <U+0001F1EE><U+0001F1E9> Don<U+2019>t miss out! #Inidiplomasi #Indonesiamenujudunia #Bipa #IndonesianLanguageCourse #CulturalExploration #LearnWithEmbassy #70yearsIndonesiaAustria"
"3306845284322206891","C3kRkQDM2Sr","https://www.instagram.com/p/C3kRkQDM2Sr/","2024-02-20 11:00:53",2024,"inainvienna",TRUE,FALSE,"Video","clips","id",107,"A","A1","","max",2,0,0,"pulau; bali","","","diaspora; WNI","A","A","D",5,2,"#040303",FALSE,"Pada 17 Februari, Dubes RI telah menghadiri undangan kegiatan amal bertajuk <U+201C>Wasser des Lebens<U+201C> (Air Kehidupan) yang dikoordinir oleh Suster Lelia Surtina. Kegiatan amal bertujuan untuk menggalang dukungan bagi proyek pengembangan air bersih di Desa Dumar, Pulau Flores di Indonesia. 

Dubes RI mengapresiasi upaya Suster Lelia Surtina bersama teman-teman WNI/Diaspora Indonesia dan Austria mendukung aksi sosial tersebut dan berharap peserta dapat berkunjung ke Indonesia untuk menyaksikan pembangunan, keindahan alam, dan mengunjungi proyek tersebut di Flores. 

Hadir selain anggota dan mitra kongregasi Suster Lelia, juga Ibu Ermita Sitorus, para pejabat dan staf KBRI/PTRI Wina, tokoh masyarakat WNI/Diaspora Indonesia perwakilan kelompok Kristen, Islam, dan Hindu Bali. 

#IniDiplomasi
#KegiatanAmal
#KegiatanAmaluntukIndonesia
#VisitFlores2024
#VisitFlores
#VisitIndonesia2024
#VisitIndonesia
#RintisKemajuan
#DemiNKRI
#NegaraMelindungi
#indonesiauntukdunia"
"3307072892330716946","C3lFUYhsi8S","https://www.instagram.com/p/C3lFUYhsi8S/","2024-02-20 18:37:31",2024,"inainvienna",TRUE,FALSE,"Video","clips","id",81,"D","D1","","R3-residual",0,1,0,"","bisnis","","kunjungan kehormatan; pertemuan; menerima kunjungan; diaspora; WNI","D","B","D",5,2,"#FAF5F5",FALSE,"Pada tanggal 19 Februari 2024, Dubes/Watap RI telah menerima kunjungan kehormatan Dr. Gerhard Knechtel, Anggota Steering Committee International Union of Notaries (UINL) mewakili Austria.

Dr. Knechtel mengapresiasi partisipasi aktif delegasi Pengurus Pusat Ikatan Notaris Indonesia (PP-INI) pada pertemuan Steering Committee UINL di Wina pada tanggal 8-10 Februari 2024 lalu.

Keduanya juga membahas mengenai perkembangan rezim Apostille di kedua negara, perkembangan teknologi yang berdampak pada isu kenotariatan, serta potensi saling dukung antara lain bagi keperluan WNI/Diaspora di Austria dan bisnis Austria ke Indonesia.

#IniDiplomasi
#RintisKemajuan
#DemiNKRI
#NegaraMelindungi
#IndonesiaUntukDunia
#WonderfulIndonesia<U+0001F1EE><U+0001F1E9>
#Uppbeat https://uppbeat.io/t/color-parade/luxurious"
"3309369108657847898","C3tPauoM75a","https://www.instagram.com/p/C3tPauoM75a/","2024-02-23 22:36:26",2024,"inainvienna",TRUE,FALSE,"Video","clips","en",22,"D","D4","","R3-residual",0,0,0,"","","","statement","D","D","D",7,3,"#060406",FALSE,"Today, Indonesian Foreign Minister convey oral statement at the International Court of Justice (ICJ) to support the Advisory Opinion on Palestine issue. 

<U+0001F3A5>: www.ICJ-CIJ.org

#IniDiplomasi
#ICJ
#FreePalestine
#RintisKemajuan
#DemiNKRI
#NegaraMelindungi
#indonesiauntukdunia"
"3316138529355827708","C4FSmw8PYn8","https://www.instagram.com/p/C4FSmw8PYn8/","2024-03-04 06:42:19",2024,"voi__official",FALSE,FALSE,"Image","feed","id",29,"D","D6","","R3-residual",0,0,0,"","","","","D","D","D",5,2,"#41ABCF",FALSE,"Peringati 70 tahun hubungan bilateral Indonesia-Austria, apa saja yang telah dicapai oleh kedua negara?

Ikuti informasi selengkapnya dalam program Ranah Diplomasi hanya di voinews.id dan aplikasi RRI Digital.

#voiceofindonesia #voirri
#fromindonesiatotheworld
#RanahDiplomasi #diplomasi 
#inidiplomasi #bilateral
#indonesiaaustria"
"3317086276073630460","C4IqGS2sSr8","https://www.instagram.com/p/C4IqGS2sSr8/","2024-03-05 14:06:35",2024,"inainvienna",TRUE,FALSE,"Video","clips","id",49,"D","D2","","R3-residual",1,0,0,"tari","","","diaspora; WNI","D","A","D",14,13,"#000000",FALSE,"Yuk! Ramaikan kegiatan promosi tari Poco-Poco di Weltmuseum Wien. 

Hari/Tanggal: Selasa, 5 Maret 2024
Pukul: 17.30 (CEST) 
Tempat: Lobby Weltmuseum Wien

Kegiatan ini adalah kerjasama antara KBRI/PTRI Wina dengan Friends of Weltmuseum Wien dan Austrian - Indonesian Society. 

Bagi WNI dan Diaspora Indonesia yang berada di Austria, ditunggu kehadirannya ya<U+2026> <U+0001F64F><U+0001F3FC>

#inidiplomasi
#indonesianAustria 
#IndonesianSlovenia 
#Indonesien<U+00D6>sterreich
#indonesianinvienna 
#IndonesianinAustria
#weltmuseumwien 
#austrianindonesiansociety
#PPIAustria
#PPISlovenia
#Weltmuseumwien"
"3320760750643915294","C4Vtk7-MKoe","https://www.instagram.com/p/C4Vtk7-MKoe/","2024-03-10 15:49:51",2024,"inainvienna",TRUE,FALSE,"Video","clips","mixed",33,"D","D5","","R3-residual",1,0,0,"bali","","","nyepi; tahun baru; selamat","D","A","D",7,3,"#030101",FALSE,"The Embassy will be closed on Mondah & Tuesday, 11 - 12 March on the occasion of Bali<U+2019>s Day of Silence (Nyepi). 

Selamat Tahun baru Saka 1946! Semoga di tahun ini kita semua dilimpahi kesehatan, kebahagiaan, dan kesuksesan. 

#IniDiplomasi
#Nyepi2024
#RintisKemajuan
#DemiNKRI
#NegaraMelindungi
#indonesiauntukdunia"
"3326647392017642156","C4qoC1-MPKs","https://www.instagram.com/p/C4qoC1-MPKs/","2024-03-18 18:54:07",2024,"inainvienna",TRUE,FALSE,"Video","clips","id",90,"D","D4","","R3-residual",0,0,0,"","","","pertemuan; IAEA","D","D","D",5,2,"#020000",FALSE,"Indonesia berhasil dukung status Palestina di forum Dewan Gubernur Badan Tenaga Atom Internasional (IAEA). 

<U+201C>Indonesia menyambut baik dimulainya partisipasi aktif Palestina di forum Dewan Gubernur IAEA.<U+201D> Demikian disampaikan Wakil Kepala Perwakilan RI Wina, A. Alfiano Tamala saat pertemuan Dewan Gubernur IAEA, di Wina - Austria, pada 4 - 8 Maret 2024. 

Bapak Alfiano menjelaskan bahwa sekalipun Palestina belum menjadi negara anggota penuh IAEA, karena penolakan beberapa negara di Dewan Gubernur yang belum mengakuinya sebagai suatu negara, namun statusnya sejak pertemuan ini sudah diakui sebagai negara peninjau (observer) yang memiliki hak yang sama dengan negara-negara lainnya. 

#IniDiplomasi
#IAEA
#BoGIAEA
#RintisKemajuan
#DemiNKRI
#NegaraMelindungi
#IndonesiaUntukDunia"
"3326667047197453030","C4qsg3SM6rm","https://www.instagram.com/p/C4qsg3SM6rm/","2024-03-18 19:25:00",2024,"inainvienna",TRUE,FALSE,"Video","clips","en",109,"D","D4","","R3-residual",1,1,0,"diversity","impor","","delegation; CND; statement","D","B","D",7,2,"#040303",FALSE,"The Indonesian delegation from National Narcotics Board (BNN), Foreign Ministry, and Police Force attended the High-Level Segment of the 67th Session of the Commission on Narcotic Drugs (CND) in Vienna on March 14-15, 2024.

Dr. Marthinus Hukom, Head of BNN, who led the Indonesian delegation, emphasized the importance of strengthened international cooperation in countering the global drug problem, in his national statement.

During the CND session, Indonesia hosts an exhibition at UN Vienna with the theme <U+201C>Unity in Diversity in Addressing Drug Challenges<U+201D>, which highlights the Indonesia<U+2019>s efforts to counter and address drug issues.

Indonesia will also host a side event on <U+201C>Border Management - Drugs Trafficking at the Border<U+201D>, on 18 March 2024.

#IniDiplomasi
#BNN
#BNNRI
#Polri
#RintisKemajuan
#DemiNKRI
#IndonesiaUntukDunia"
"3328867768818963849","C4yg5lAs5WJ","https://www.instagram.com/p/C4yg5lAs5WJ/","2024-03-21 20:16:55",2024,"inainvienna",TRUE,FALSE,"Video","clips","id",112,"A","A1","B","max",7,6,0,"pariwisata; liburan; wonderful indonesia; ferien messe","bisnis; business; messe","","pertemuan","A","A","A",5,2,"#F8F4F3",FALSE,"KBRI/PTRI Wina berpartisipasi pada Pameran Pariwisata tahunan Ferien Messe Wien (FMW) di Wina, pada 14-17 Maret 2024. 

Indonesia hadir di dua tituk lokasi yaitu booth bertajuk <U+201C>Wonderful Indonesia<U+201D> dan sebagai co-exhibitor kerja sama dengan maskapai EVA Air.  Partisipasi Indonesia pada FMW melibatkan 8 (delapan) pelaku bisnis pariwisata dari Indonesia. 

Keikutsertaan KBRI/PTRI Wina pada FMW bertujuan untuk melakukan pertemuan business-to-business antara pelaku bisnis pariwisata dari Indonesia dengan para pemangku kepentingan di Wina. 

Para pengunjung booth Indonesia selama FMW bukan hanya penduduk Austria namun juga dari beberapa negara Eropa lainnya. Hadirnya pelaku bisnis pariwisata Indonesia di FMW memberikan kemudahan kepada beberapa pengunjung untuk dapat langsung melakukan pembookingan paket liburan mereka ke Indonesia.

#IniDiplomasi
#WonderfulIndonesia
#FerienMesseWien
#FerienMesseWien2024
#VisitBali2024
#VisitBali
#VisitIndonesia2024
#VisitIndonesia
#RintisKemajuan
#DemiNKRI
#NegaraMelindungi
#IndonesiaUntukDunia"
"3329306314146855154","C40EnQLMDjy","https://www.instagram.com/p/C40EnQLMDjy/","2024-03-22 10:50:26",2024,"inainvienna",TRUE,FALSE,"Video","clips","id",115,"D","D3","","R6",0,0,0,"","","persyaratan","WNI; paspor; lapor diri; konsuler","D","D","D",6,2,"#030202",FALSE,"Kepada Yth. 
Bapak Ibu WNI di Austria dan Slovenia,

Izin menginfokan bahwa KBRI/PTRI Wina akan membuka layanan *Warung Konsuler di kota Klagenfurt, Austria* pada: 

Hari/tanggal: Sabtu-Minggu, 6-7 April 2024
Lokasi: Hotel der Sandwirth (Ruang Alte Post II). 

Layanan yang diberikan antara lain:
1. Pembuatan paspor 10 tahun (foto dan sidik jari biometrik)
2. Penambahan kolom tanda tangan pada paspor RI
3. Penerbitan surat pencatatan dan keterangan/dokumen sipil
4. Penerbitan NIT bagi yang belum pernah memiliki NIK
5. Bimtek Lapor Diri Online
6. Konsultasi kekonsuleran dll

Wajib daftar via bit.ly/KLAGENFURT2024
Persyaratan dokumen diakses di bit.ly/DOCSWARKON2024

_*Khusus untuk pendaftar paspor, wajib mengirimkan dokumen persyaratan terlebih dahulu via email konsuler.wina@kemlu.go.id maksimal Jumat 5 April 2024 jam 12.00 CEST*_

Salam hangat dan sampai jumpa!

Tim Konsuler KBRI Wina<U+0001F1EE><U+0001F1E9><U+0001F1E6><U+0001F1F9><U+0001F1F8><U+0001F1EE>

#IniDiplomasi
#WarungKonsulerKBRIWina
#WarungKonsuler
#WonderfulIndonesia
#RintisKemajuan
#DemiNKRI
#NegaraMelindungi
#IndonesiaUntukDunia"
"3330333465155554115","C43uKRGMUtD","https://www.instagram.com/p/C43uKRGMUtD/","2024-03-23 21:02:13",2024,"inainvienna",TRUE,FALSE,"Video","clips","id",165,"A","A1","B","max",10,3,0,"bali; ferien messe; budaya","messe","","","A","A","A",5,2,"#040203",FALSE,"Sendratari Ramayana Kontemporer meramaikan panggung Hall C Ferien Messe Wien.

KBRI/PTRI Wina bekerja sama dengan maskapai EVA Air membuka booth Indonesia dan menampilkan budaya Indonesia di panggung Hall C Ferien Messe Wien.

Penampilan budaya Indonesia bertujuan untuk menarik minat pengunjung Ferien Messe Wien untuk berwisata ke Indonesia dan juga mempromosikan negara tunuan maskapai EVA Air ke Indonesia (Wina-Jakarta dan Wina-Bali). 

Duta Besar/Wakil Tetap RI beserta Ibu Ermita dan Wakeppri Wina beserta Ibu Lieke turut hadir menyaksikan promosi budaya Indonesia dan selanjutnya melakukan kunjungan ke booth Indonesia dan EVA Air. 

General Manager EVA Air untuk Austria, Eropa Tengah dan Timur, Edward Ho, menyampaikan apresiasinya kepada Duta Besar/Wakil Tetap RI Wina atas penampilan budaya Indonesia dan kerja sama yang telah terjalin dengan baik dalam mempromosikan jalur penerbangan EVA Air ke Indonesia. 

Diakhir penampilan budaya Indonesia, EVA Air melakukan pengundian door prize dengan hadiah utama tiket pulang-pergi ke Indonesia. Swiss-Belhotel Internasional Indonesia juga memberikan voucher penginapan selama 3 malam di Swissbel Nusa Dua, Bali. 

#IniDiplomasi
#WonderfulIndonesia
#FerienMesseWien
#FerienMesseWien2024
#VisitBali2024
#VisitBali
#VisitIndonesia2024
#VisitIndonesia
#RintisKemajuan
#DemiNKRI
#NegaraMelindungi
#IndonesiaUntukDunia"
"3331516319021615532","C477HDms0ms","https://www.instagram.com/p/C477HDms0ms/","2024-03-25 11:59:39",2024,"inainvienna",TRUE,FALSE,"Video","clips","id",50,"D","D6","","R3-residual",0,0,0,"","","","","D","D","D",5,2,"#020101",FALSE,"Keluarga Besar KBRI/PTRI Wina turut berduka cita atas wafatnya;
Duta Besar Agus Tarmidzi (Dubes/Watap RI Wina, periode tahun 1993 - 1995), pada 21 Maret 2024, pukul 07.35 WIB di RS Pelni, Jakarta Pusat. 

Teriring doa semoga Almarhum Husnul Khotimah, diterima disisi-Nya, dan keluarga yang ditinggalkan diberi ketabahan dan keikhlasan. 

<U+0622><U+0645><U+0640><U+0640><U+0640><U+0640><U+0640><U+0640><U+0640><U+0640><U+0640><U+0640><U+0640><U+0640><U+0640><U+0640><U+0640><U+0640><U+0640><U+0640><U+064A><U+0646> <U+064A><U+0627> <U+0631><U+0628> <U+0627><U+0644><U+0639><U+0627><U+0644><U+0645><U+064A><U+0646>"
"3334291613314927094","C5FyI51M0n2","https://www.instagram.com/p/C5FyI51M0n2/","2024-03-29 07:54:30",2024,"inainvienna",TRUE,FALSE,"Video","clips","en",42,"D","D6","","R3-residual",0,0,0,"","","","","D","D","D",7,3,"#010002",FALSE,"The Embassy will be closed on Friday, 29th of March & Monday, 1st of April on the occasion of <U+201C>Good Friday & Easter Monday<U+201D> and will resume on Tuesday, 2nd of April 2024. 

To those who celebrated, may the miracle of Easter bring you joy! 

#IniDiplomasi
#Paskah2024
#IndonesiaUntukDunia"
"3338680715162407576","C5VYGvds9KY","https://www.instagram.com/p/C5VYGvds9KY/","2024-04-04 09:09:37",2024,"inainvienna",TRUE,FALSE,"Sidecar","carousel_container","en",44,"D","D6","","R3-residual",1,0,0,"festival","","","","D","A","D",7,3,"#DCD4CE",FALSE,"The Unique Bau Nyale Festival base on a Legend and is a tradition of capturing sea worms, which are believed to be the incarnation of Princess Mandalika who jumped into the sea <U+2013> to avoid the capture of her by many princes that want to marry her.
#inidiplomasi #indoneisiaBucketList #visitMandalika #Indonesiatalestory #UniqueceremonyinLombok
#visitlombok#lomboktourism #wonderfulindonesia #wunderbaresindonesien
#Lomboktradition #travelindonesia"
"3340872383470826769","C5dKbtosPUR","https://www.instagram.com/p/C5dKbtosPUR/","2024-04-07 09:44:05",2024,"info_wapena",FALSE,FALSE,"Image","feed","id",178,"D","D2","","R3-residual",0,0,0,"","","","warga; pengajian; idulfitri","B","D","D",15,2,"#CFD7C7",FALSE,"Kepada Yth. Bapak2/Ibu2/ Sdr2/i Warga Pengajian Austria (WAPENA), yang insya Allah dimuliakan Allah.

Assalaamu<U+2019>alaikum Wr. Wb.

<U+0627><U+0644><U+0644><U+0647><U+064F> <U+0623><U+0643><U+0652><U+0628><U+064E><U+0631><U+064F> <U+0627><U+0644><U+0644><U+0647><U+064F> <U+0623><U+0643><U+0652><U+0628><U+064E><U+0631><U+064F> <U+0627><U+0644><U+0644><U+0647><U+064F> <U+0623><U+0643><U+0652><U+0628><U+064E><U+0631><U+064F><U+060C> <U+0644><U+0627> <U+0625><U+0650><U+0644><U+0647><U+064E> <U+0625><U+0650><U+0644><U+0627><U+064E><U+0651> <U+0627><U+0644><U+0644><U+0647><U+064F> <U+0648><U+0627><U+0644><U+0644><U+0647><U+064F> <U+0623><U+0643><U+0652><U+0628><U+064E><U+0631><U+064F> <U+0627><U+0644><U+0644><U+0647><U+064F> <U+0623><U+0643><U+0652><U+0628><U+064E><U+0631><U+064F> <U+0648><U+0650><U+0644><U+0644><U+0647><U+0650> <U+0627><U+0644><U+062D><U+064E><U+0645><U+0652><U+062F><U+064F>

Allaahu akbar Allaahu akbar Allaahu akbar
Laa ilaaha illallaahu wallaahu akbar
Allaahu akbar walillaahil hamd

Bersama ini, Tim Ramadhan 1445 H izin menyampaikan bahwa Wapena, bekerja sama dan dengan dukungan serta fasilitas dari KBRI, akan menyelenggarakan sholat Idul Fitri, yang insya Allah berlangsung pada:

<U+0001F5D2><U+FE0F> Hari/Tanggal: Rabu, 10 April 2024

<U+23F0> Waktu Sholat: pukul 08.00 CEST (warga dihimbau untuk datang 30 menit sebelum waktu sholat)

<U+0001F4CD> Tempat: KBRI/PTRI Wina
(Gustav-Tschermak-Gasse 5-7, 1180, Wina)

Adapun, pelaksanaan sholat dapat mengikuti ketentuan berikut ini:
<U+25AB><U+FE0F>Tidak ada pendaftaran
<U+25AB><U+FE0F>Membawa sajadah sendiri, serta kantong plastik untuk wadah alas kaki masing-masing
<U+25AB><U+FE0F>Sudah berwudhu dari rumah
<U+25AB><U+FE0F>Setelah salat Idulfitri berlangsung akan diadakan halal bihalal bersama Duta Besar RI

Semoga Allah meridhoi dan membimbing kita semua, serta memberikan kita kesehatan dan keluangan waktu untuk bersama-sama menunaikan sholat Idul Fitri sesuai dengan informasi dan ketentuan ini.

Terima kasih banyak atas perhatian dan pengertiannya.

Wassalamualaikum Wr. Wb.

Tim Ramadhan 1445 H"
"3341510012076030772","C5fbabjM_s0","https://www.instagram.com/p/C5fbabjM_s0/","2024-04-08 06:57:03",2024,"inainvienna",TRUE,FALSE,"Video","clips","en",30,"D","D3","","R3-residual",1,0,0,"holiday","","","consular","D","A","D",7,3,"#010001",FALSE,"On the occasion of Eid Al Fitr 1445 H holiday, the Embassy will be CLOSED on 8-15 April 2024.

All consular services will resume on 16 April 2024. 

For emergency assistance, please contact Hotline KBRI Wina: +436763401946. 

#IniDiplomasi
#CutiBersama2024
#IdulFitri1445H
#IdulFitri"
"3342707599969628939","C5jrtoMMDML","https://www.instagram.com/p/C5jrtoMMDML/","2024-04-09 22:37:04",2024,"inainvienna",TRUE,FALSE,"Video","clips","id",43,"D","D5","","R3-residual",0,0,0,"","","","selamat hari raya; selamat","D","D","D",10,4,"#040404",FALSE,"Duta Besar/Wakil Tetap RI Wina, Bapak @damos.agusman dan segenap keluarga besar KBRI/PTRI Wina mengucapkan Selamat Hari Raya Idul Fitri 1445 Hijriah.

Minal Aidin Wal Faizin mohon maaf lahir dan batin. 

Semoga setiap langkah kita selalu dipenuhi dengan kebaikan dan keberkahan dari Allah SWT. 

#IniDiplomasi
#Idulfitri
#IdulFitri2024
#IdulFitri1445H"
"3348076737470593504","C52wg3Jrvng","https://www.instagram.com/p/C52wg3Jrvng/","2024-04-17 08:17:50",2024,"bipakemdikbud",FALSE,FALSE,"Sidecar","carousel_container","id",100,"A","A2","","max",6,0,0,"kuliner; rendang; BIPA","","","","A","A","A",5,2,"#F8F4E9",FALSE,"Halo, #SobatBIPA
 
Pengajar BIPA untuk Austria, Rury Luberti (@lubertirury) dan Adisti Dwiyani (@adistidwiyani), menggelar gelar griya Lebaran untuk para pemelajar BIPA pada hari Jumat (12/4) lalu. Kegiatan ini diadakan agar para pemelajar BIPA ini dapat ikut merayakan dan merasakan meriahnya Lebaran di Indonesia. Para pemelajar mencoba berbagai hidangan khas Lebaran, seperti ketupat, opor ayam, rendang, sambal goreng hati. Ada pula gado-gado dan emping yang juga menjadi favorit para pemelajar ini.

Selain mencoba kuliner khas Lebaran, pemelajar juga mempelajari dan mengobrol tentang kebiasaan-kebiasaan saat Lebaran di Indonesia, antara lain tradisi mudik, sungkem, dan lain-lain.

#kemdikbudri
#bipakemdikbud
#bahasaindonesia
#bahasaindonesiamendunia

@kemdikbud.ri
@badanbahasakemendikbud
@pustandakemdikbud 
@inainvienna 

Untuk informasi lebih lanjut tentang BIPA, silakan kunjungi www.bipa.kemdikbud.go.id."
"3348358802703615107","C53wpc3s4SD","https://www.instagram.com/p/C53wpc3s4SD/","2024-04-17 17:51:06",2024,"inainvienna",TRUE,FALSE,"Video","clips","id",102,"D","D3","","R3-residual",0,0,0,"","","","masyarakat indonesia; WNI; paspor; lapor diri; konsuler","D","D","D",6,2,"#060404",FALSE,"Pada 6 -7 April 2024, KBRI Wina telah melakukan kegiatan Warung Konsuler (Warkon) dan Bimbingan Teknis Pemutakhiran Data di Kota Klagenfurt, Provinsi Carinthia, Austria. 

Tercatat sebanyak 23 layanan kekonsuleran telah diberikan terdiri dari pembuatan paspor, konsultasi isu kekonsuleran, pencatatan kelahiran & pernikahan, penerbitan Nomor Induk Tunggal (NIT), serta Bimtek pemutakhiran data/lapor diri online. 

Warkon terakhir yang dilaksanakan di Provinsi Carinthia yaitu tahun 2021 tepatnya di Kota Villach, dan pelaksanaan kegiatan outreach Warkon memberikan kemudahan dan kenyamanan bagi WNI untuk mendapatkan pelayanan kekonsuleran tanpa harus menempuh perjalanan jauh ke Kota Wina. 

Terima kasih kepada masyarakat Indonesia di Klagenfurt dan sekitarnya yang telah memberikan testimoni layanan kekonsuleran kali ini. <U+0001F64F><U+0001F3FC>

#IniDiplomasi
#WarkonKBRIWina
#WarkonKBRIWina2024
#LaporDiriOnline
#DemiNKRI
#NegaraMelindungi
#IndonesiaUntukDunia"
"3356131534363067167","C6TX9lVMoMf","https://www.instagram.com/p/C6TX9lVMoMf/","2024-04-28 11:01:46",2024,"inainvienna",TRUE,FALSE,"Video","clips","id",73,"D","D2","","R3-residual",0,0,0,"","","","masyarakat indonesia","D","D","D",5,2,"#020203",FALSE,"*Himbauan OJK*

Kepada seluruh masyarakat Indonesia di Austria dan Slovenia,
OJK menghimbau kepada masyarakat untuk berhati-hati terhadap aktivitas keuangan yang mencurigakan. Satgas Pemberantasan Aktivitas Keuangan Ilegal (PASTI) telah mengeluarkan himbauan terkait beredarnya sertifikat penanaman modal asing yang mencatut logo serta mengatasnamakan OJK, PPATK, dan Bank Indonesia. 

OJK menegaskan bahwa tidak pernah menerbitkan sertifikat yang beredar tersebut. Masyarakat dihimbau jika mendapatkan informasi meragukan silahkan menghubungi Kontak OJK 157 @kontak157 di nomor 081 157 157 157 atau laporkan ke satgaspasti@ojk.go.id. 

#IniDiplomasi
#SatgasPASTI
#RintisKemajuan
#DemiNKRI
#NegaraMelindungi
#IndonesiaUntukDunia"
"3363712024435543808","C6uTkO3MM8A","https://www.instagram.com/p/C6uTkO3MM8A/","2024-05-08 22:04:38",2024,"inainvienna",TRUE,FALSE,"Video","clips","en",32,"D","D3","","R3-residual",0,0,0,"","","","consular","D","D","D",7,3,"#010001",FALSE,"On the occasion of the Ascension Day of Jesus Christ, the Embassy will be CLOSED on 9-10 May 2024.

All consular services will resume on 13 May 2024. 

For emergency assistance, please contact Hotline KBRI Wina: +436763401946. 

#IniDiplomasi
#CutiBersama2024
#KenaikanIsaAlmasih2024
#KenaikanIsaAlmasih"
"3364921150775793416","C6ymfVhMJcI","https://www.instagram.com/p/C6ymfVhMJcI/","2024-05-10 14:13:39",2024,"inainvienna",TRUE,FALSE,"Video","clips","id",61,"D","D6","","R3-residual",1,0,0,"bali","","","","D","A","D",1,3,"#010102",FALSE,"Indonesia akan menjadi Tuan Rumah <U+201C>World Water Forum ke-10<U+201D> di Bali pada 18 - 25 Mei 2024. 

World Water Forum merupakan forum internasional terbesar di sektor air yang melibatkan berbagai platform multi-stakeholder yang ditujukan untuk kemajuan dan resolusi kunci masalah air yang membutuhkan keterlibatan pemerintah, akademisi, peneliti, teknisi, advokasi dan pemangku kepentingan lainnya. 

Forum ini diselenggarakan setiap 3 tahun sekali dan telah berlangsung sejak tahun 1997. 

#IniDiplomasi
#WorldWaterForum10
#WorldWaterForum2024"
"3364945039199345011","C6yr69WMJlz","https://www.instagram.com/p/C6yr69WMJlz/","2024-05-10 14:52:09",2024,"inainvienna",TRUE,FALSE,"Sidecar","carousel_container","id",76,"D","D3","","R3-residual",0,0,0,"","","","paspor; konsuler","D","D","D",6,2,"#FBFBFB",FALSE,"*PENGUMUMAN*

Diinformasikan bahwa KBRI Wina sedang membangun Zona Integritas menuju Wilayah Bebas Korupsi/Wilayah Birokrasi Bersih Melayani (ZI WBK/WBBM). 

Salah satu program yg disosialisasikan adalah *pembayaran cashless bagi layanan kekonsuleran & keimigrasian*.

Mulai hari Senin, 13 Mei 2024, semua transaksi pembayaran konsuler/imigrasi dapat dilakukan melalui bank transfer, atau menggunakan kartu pada mesin di loket Konsuler.

Pembayaran digital dilakukan saat dokumen dinyatakan lengkap/pada hari termin paspor atau layanan lainnya, dan menyertakan screenshot bukti transfer ke petugas Konsuler.

#IniDiplomasi
#ZIWBK
#ZonaIntegritasBebasKorupsi
#ZIWBKKBRIWina
#IndonesiainAustria
#IndonesiainSlovenia"
"3366207295367179466","C63K7NAsGzK","https://www.instagram.com/p/C63K7NAsGzK/","2024-05-12 08:45:08",2024,"inainvienna",TRUE,FALSE,"Video","clips","id",95,"A","A2","","max",2,0,0,"budaya; warisan","","","peringatan","A","A","D",5,2,"#070506",FALSE,"Duta Besar/Wakil Tetap RI Wina, menghadiri konser peringatan 70 tahun persahabatan Indonesia-Austria, <U+201C>Symphonie der Freundschaft<U+201D> atau <U+201C>Simfoni Persahabatan<U+201D> di Jakarta, pada 8 Mei 2024.

Konser dihadiri oleh korps diplomatik dan pejabat Kemlu RI. Duta Besar Damos Dumoli Agusman beserta Ibu Ermita Sitorus diberi peran untuk menyerahkan bunga kepada para musisi yang tampil. 

Konser orkestra menampilkan kolaborasi musisi Indonesia di bawah pimpinan Avip Priatna dengan pemain biola asal Austria, Julian Walder, kolaborasi ini menjadi cerminan apresiasi terhadap warisan budaya kedua negara. 

Konser ini juga akan menjadi pre-tour Resonanz Orchestra ke Wina dan Salzburg pada bulan Oktober 2024. 

#IniDiplomasi
#70TahunIndonesiaAustria
#Konsermusikklasik"
"3366970197514874148","C654Y5AM20k","https://www.instagram.com/p/C654Y5AM20k/","2024-05-13 09:55:46",2024,"inainvienna",TRUE,FALSE,"Sidecar","carousel_container","en",56,"A","A1","","max",8,0,0,"bali; tourism; UNESCO; cultural; heritage","","","","A","A","A",7,3,"#4271A7",FALSE,"The 10th World Water Forum will be hosting in Bali, 18-25 May 2024, isn<U+2019>t just an international event<U+2014>it<U+2019>s a powerful showcase for Bali and Indonesia<U+2019>s vibrant tourism and creative economy. Delegates will explore Jatiluwih Tourism Village, renowned for its ancient Subak irrigation system, nurturing Bali<U+2019>s rice fields for centuries. UNESCO recognized Jatiluwih as a World Cultural Heritage site in 2012.

#Inidiplomasi #WorldWaterForum #BaliTourism #CreativeEconomy
#10thWorldWaterForum
#WaterforSharedProsperity
#Kemenparekraf
#WonderfulEvents
 #WonderfulIndonesia"
"3367115121044367884","C66ZVzjsioM","https://www.instagram.com/p/C66ZVzjsioM/","2024-05-13 14:43:43",2024,"inainvienna",TRUE,FALSE,"Sidecar","carousel_container","unknown",8,"D","D6","","R3-residual",1,0,0,"bali","","","","D","A","D",7,3,"#052841",FALSE,"Fun Fact about World Water  Forum 2024 in Bali. 

#Inidiplomasi
#Kemenparekraf
#10thWorldWaterForum
#WaterForSharedProsperity
#WonderfulIndonesia
#PesonaIndonesia
#DiIndonesiaAja
#banggaberwisatadiindonesia"
"3367642659000727532","C68RSfkMLfs","https://www.instagram.com/p/C68RSfkMLfs/","2024-05-14 08:11:50",2024,"inainvienna",TRUE,FALSE,"Sidecar","carousel_container","en",9,"D","D6","","R3-residual",0,0,0,"","","","","D","D","D",7,3,"#1A4C68",TRUE,"Indonesia<U+2019>s Role in Shaping the Future of Water Sustainability. #Inidiplomasi
@Kemenparekraf
#10thWorldWaterForum
#WaterForSharedProsperity
#WonderfulIndonesia
#PesonaIndonesia
#DiIndonesiaAja
#banggaberwisatadiindonesia"
"3367805027420821022","C682NQ8MVYe","https://www.instagram.com/p/C682NQ8MVYe/","2024-05-14 13:34:26",2024,"inainvienna",TRUE,FALSE,"Sidecar","carousel_container","en",51,"A","A1","","max",4,1,0,"bali; island; beach","impor","","","A","A","A",7,3,"#A6B1CF",FALSE,"Bali<U+2019>s got more than just stunning beaches! <U+FE0F><U+0001F60E><U+2728>

This island paradise is also home to breathtaking lakes that are not only tourist hotspots but also vital sources of life for the surrounding creatures <U+0001F331>

So, let<U+2019>s support this super important forum!

<U+2728> The 10th World Water Forum <U+0001F4A7>
<U+FE0F><U+0001F5D3><U+FE0F> May 18-25 2024
<U+0001F4CD> Bali, Indonesia

Stay tuned for updates
#inidiplomasi 
#10thWorldWaterForum
#WaterForSharedProsperity
#WonderfulIndonesia
#PesonaIndonesia
#DiIndonesiaAja
#banggaberwisatadiindonesia"
"3367945265703251102","C69WGABM2ye","https://www.instagram.com/p/C69WGABM2ye/","2024-05-14 18:36:47",2024,"inainvienna",TRUE,FALSE,"Video","clips","id",275,"B","B2","A","max",2,4,0,"pariwisata; budaya","business; WKO","peraturan","pertemuan; penandatanganan; rekrutmen","B","B","B",5,2,"#080607",FALSE,"Pemerintah Indonesia dan Pemerintah Austria telah menandatangani Nota Kesepahaman (MoU) tentang rekrutmen tenaga kerja professional dan terampil di kantor Kemnaker, Jakarta, pada 13 Mei 2024.

Mou ditandatangani oleh Sekretaris Jenderal Kemnaker Bapak Anwar Sanusi dan Sekretaris Negara untuk Pariwisata Kementerian Federal Tenaga Kerja dan Ekonomi Republik Austria, Ibu Sussane Kraus-Winkler.

Penandatanganan MoU tersebut disaksikan oleh Menaker Ida Fauziyah, yang dalam sambutannya  menyambut baik penandatanganan nota kesepahaman ini, karena sejalan dengan upaya Pemerintah Indonesia dalam mempersiapkan dan memanfaatkan bonus demografi. 

Dalam pelaksanaan kerja sama rekrutmen tenaga kerja terampil, Kementerian Tenaga Kerja dan Ekonomi Austria akan melibatkan para pemangku kepentingan yang merupakan mitra kerjasamanya, termasuk WKO dan Austrian Business Agency.

Lebih lanjut, ketentuan-ketentuan yang dituangkan dalam MoU Indonesia Austria ini juga mencerminkan komitmen bersama kedua negara membuat peraturan untuk mengakses pasar tenaga kerja Austria, dan memastikan pelindungan hak dan kesejahteraan para profesional dan pekerja terampil Indonesia yang bekerja di Austria.

Ibu Ida Fauziyah menambahkan MoU juga menyoroti pembentukan Komite Bersama untuk mengawasi implementasi MoU ini, mengembangkan pedoman, dan melakukan pertemuan tahunan untuk mendorong dialog dan kolaborasi yang berkelanjutan. 

Ke depan, terdapat kepentingan dalam pengembangan kebijakan, inisiatif peningkatan kapasitas teknis, dan kerja sama budaya untuk memposisikan Austria sebagai tujuan menarik bagi para profesional dan pekerja terampil.

Dalam kesempatan yang sama, telah diselenggarakan kegiatan Indonesia-Austria Business Matching hasil Kemnaker RI bersama Kedutaan Besar Austria di Jakarta, didukung oleh KBRI/PTRI Wina, WKO/IFO, dan APJATI. Kegiatan ini diikuti oleh 6 perusahaan rekrutmen tenaga kerja dari Austria, serta lebih dari 30 Perusahaan Penyalur Pekerja Migran Indonesia (P3MI). Dari kegiatan ini diharapkan diperoleh pemahaman bersama antara para pemangku kepentingan yang mendorong kerja sama ketenagakerjaan sesuai dengan peraturan perundang-undangan di kedua negara.

#IniDiplomasi"
"3373503152244394894","C7RFz5OMAuO","https://www.instagram.com/p/C7RFz5OMAuO/","2024-05-22 10:15:35",2024,"inainvienna",TRUE,FALSE,"Sidecar","carousel_container","id",32,"C","C1","","max",0,0,2,"","","keamanan; security","pertemuan","C","C","D",5,2,"#BD7F5E",FALSE,"Indonesia Tegaskan Komitmen Perlucutan Senjata Nuklir dan Kerja Sama Internasional sebagai Kunci untuk Perkuat Rejim Keamanan Nuklir dalam Pertemuan International Conference on Nuclear Security (ICONS 2024) yang berlangsung di Wina, Austria pada 20-24 Mei 2024."
"3375846045503274385","C7ZahemoT2R","https://www.instagram.com/p/C7ZahemoT2R/","2024-05-25 16:17:23",2024,"inainvienna",TRUE,FALSE,"Video","clips","en",100,"A","A2","","max",5,0,0,"festival; cultural; music; performance","","","","A","A","A",7,3,"#FAEDD8",FALSE,"*Save the Date* 

SATURDAY, 1 June 2024, You are all invited to join us for a celebration marking the 70th Anniversary of the Indonesia<U+0001F1EE><U+0001F1E9>-Austria<U+0001F1E6><U+0001F1F9> Diplomatic Relations, at the<U+201C>Indonesian Street Festival<U+201D> that will take place at; 

Mariatheresienplatz, starts at 11:00 AM &
Heldenplatz, starts at 14:00 PM. 

We will indulge you with a diverse cultural performances from Aceh to Papua in 60 minutes!! 

What better way to celebrate the 70th Anniversary of Indonesia-Austria awesome friendship than to enjoy it with families, friends and colleagues. Share the information to everyone!! 

Don<U+2019>t missed it! Mark your calendar now and see you at the Indonesian Street Festival!
<U+0001F1EE><U+0001F1E9><U+0001F91D><U+0001F1E6><U+0001F1F9>

music by @fakhriviolin 

#IniDiplomasi
#70thAnniversaryIndonesiaAustria
#IndonesianStreetFestival2024 
#FreeFestival
#IndonesianCulturalPerformances"
"3382303178986917515","C7wWtIyMI6L","https://www.instagram.com/p/C7wWtIyMI6L/","2024-06-03 13:53:10",2024,"inainvienna",TRUE,FALSE,"Video","clips","en",92,"A","A2","","max",6,1,0,"festival; culture; art; dance; music","opportunity","","","A","A","A",7,3,"#010101",FALSE,"Last Saturday, 1st June at Maria-Theresian-Platz & Helden-Platz, Indonesian Embassy in Vienna organized <U+201C>Indonesian Street Festival<U+201D> to offer the public an opportunity to experience Indonesian Culture through arts, music, and dances representing various ethnicity and regions in Indonesia. 

The Festival is one of Indonesian Embassy<U+2019>s event to commemorate the 70th Anniversary of Diplomatic Relations with Austria. 

The event were started with collaboration of a very talented Violinist @fakhriviolin from Indonesia with Indonesian Diplomat @vanialijaya and a staff member @juanaguilar9090 on Kolintang, performing two Indonesian national songs <U+201C>Indonesia Pusaka<U+201D> & <U+201C>Tanah Airku<U+201D> arranged by Fakhri Bagus Pratama. 

#IniDiplomasi
#IndonesianStreetFestivalVienna
#IndonesianStreetFestival
#FreeFestival
#PromosiBudayadiWina
#PromosiBudayadiAustria"
"3382677124138756306","C7xruwWIWjS","https://www.instagram.com/p/C7xruwWIWjS/","2024-06-04 02:22:03",2024,"inainvienna",TRUE,FALSE,"Video","clips","en",151,"A","A2","","max",16,1,0,"holiday; festival; culture; cultural; dance; heritage; performance; interfaith","impor","","community","A","A","A",7,3,"#030102",FALSE,"<U+201C>Indonesian Street Festival<U+201D> on 1 June, aims to introduce a diverse culture and ethnicity in Indonesia and to show the interfaith solidarity amongst its people through the Saman Dance performance. 

Performed by Indonesian Moslem, Christian & Buddhist community in Vienna, Saman Dance is a cultural heritage of the Gayo highland tribe in the 13th century and it<U+2019>s deeply rooted in the cultural and religious practices of the Gayo people in Aceh, it<U+2019>s usually performed during important events such as religious festivals and national holidays. The Dance is also a means of preserving and transmitting cultural values, wisdom, and social norms from one generation to the next.

Saman Dance is a dance from the Western part of Infonesia, Aceh. Aceh is known as the Veranda of Mecca because it was said as the first gateway for Islam in the Archipelago. 

The Festival is one of Indonesian Embassy<U+2019>s event to commemorate the 70th Anniversary of Diplomatic Relations with Austria. 

#IniDiplomasi
#IndonesianStreetFestivalVienna
#IndonesianStreetFestival
#FreeFestival
#PromosiBudayadiWina
#PromosiBudayadiAustria"
"3388937745805117887","C8H7OyooIm_","https://www.instagram.com/p/C8H7OyooIm_/","2024-06-12 17:21:46",2024,"inainvienna",TRUE,FALSE,"Video","clips","unknown",9,"D","D6","","R3-residual",0,0,0,"","","","","D","D","D",2,2,"#DDDBD6",FALSE,"Begegnungsabend Indonesien - <U+00D6>sterreich 70 Jahre Diplomatische Beziehungen Mitwoch, 12 Juni 2024. 

#IniDiplomasi
#70TahunIndonesia-Austria
#PromosiKolintang"
"3390782545039756783","C8OesJzsI3v","https://www.instagram.com/p/C8OesJzsI3v/","2024-06-15 06:26:39",2024,"info_wapena",FALSE,FALSE,"Image","feed","id",158,"D","D2","","R3-residual",0,0,0,"","","","warga; IAEA","D","D","D",15,2,"#CDD7C9",FALSE,"Kepada Yth. Bapak/Ibu dan  Saudara/i, serta seluruh warga Wapena yang insyaallah dimuliakan Allah

Assalaamu<U+2019>alaikum Wr. Wb.

<U+0627><U+0644><U+0644><U+0647><U+064F> <U+0623><U+0643><U+0652><U+0628><U+064E><U+0631><U+064F> <U+0627><U+0644><U+0644><U+0647><U+064F> <U+0623><U+0643><U+0652><U+0628><U+064E><U+0631><U+064F> <U+0627><U+0644><U+0644><U+0647><U+064F> <U+0623><U+0643><U+0652><U+0628><U+064E><U+0631><U+064F><U+060C> <U+0644><U+0627> <U+0625><U+0650><U+0644><U+0647><U+064E> <U+0625><U+0650><U+0644><U+0627><U+064E><U+0651> <U+0627><U+0644><U+0644><U+0647><U+064F> <U+0648><U+0627><U+0644><U+0644><U+0647><U+064F> <U+0623><U+0643><U+0652><U+0628><U+064E><U+0631><U+064F> <U+0627><U+0644><U+0644><U+0647><U+064F> <U+0623><U+0643><U+0652><U+0628><U+064E><U+0631><U+064F> <U+0648><U+0650><U+0644><U+0644><U+0647><U+0650> <U+0627><U+0644><U+062D><U+064E><U+0645><U+0652><U+062F><U+064F>

Allaahu akbar Allaahu akbar Allaahu akbar
Laa ilaaha illallaahu wallaahu akbar
Allaahu akbar walillaahil hamd

Bersama ini Tim Iduladha 1445H menyampaikan bahwa Wapena, bekerja sama dan dengan dukungan serta fasilitas dari KBRI, akan menyelenggarakan Salat Iduladha, yang Insya Allah berlangsung pada:

<U+0001F5D2> Hari/Tanggal: *Ahad, 16 Juni 2024*
<U+23F0> Waktu Salat: *pukul 07.30 CEST*

Tempat:
*Halaman belakang KBRI/PTRI*
*Gustav-Tschermak-Gasse 5-7, Wina 1180*

Imam dan Khatib:
*Dr. Muhammad Hadid Subki (IAEA)*

Pelaksanaan salat mengikuti ketentuan berikut ini:

1) Membawa sajadah sendiri, serta kantong plastik untuk wadah alas kaki masing-masing.
2) Sudah berwudhu dari rumah.

Semoga Allah meridhoi dan membimbing kita semua, serta memberikan kita kesehatan dan keluangan waktu untuk bersama-sama menunaikan Salat Iduladha sesuai dengan informasi dan ketentuan ini.

Terima kasih atas perhatian dan pengertiannya.

Wassalamualaikum Wr. Wb.

*Tim Iduladha 1445H*"
"3397334015080065246","C8lwUlwMuje","https://www.instagram.com/p/C8lwUlwMuje/","2024-06-24 07:23:16",2024,"inainvienna",TRUE,FALSE,"Image","feed","mixed",27,"D","D3","","R3-residual",0,0,0,"","","","konsuler","D","D","D",5,2,"#F7F9FC",FALSE,"Pelayanan Konsuler di KBRI/PTRI Wina pada tgl 24-25 Juni akan tutup dikarenakan adanya pemeliharaan server.

Die Consuler-Dienste werden am 24. und 25. Juni 2024 wegen Wartungsarbeiten geschlossen sein Server"
"3399563573287988925","C8trQ7pMC69","https://www.instagram.com/p/C8trQ7pMC69/","2024-06-27 09:15:21",2024,"inainvienna",TRUE,FALSE,"Video","clips","mixed",113,"B","B2","A","max",2,3,0,"interfaith","kerja sama ekonomi; partnership","","pertemuan; met with; meeting","B","B","B",5,3,"#FDF7F8",FALSE,"Pada 25 Juni 2024, Menlu RI telah melakukan pertemuan bilateral dengan Menlu Austria, H.E. Alexander Schallenberg, di Wina.

Dalam pertemuan tersebut telah dibahas 70 tahun hubungan diplomatik Indonesia-Austria, dengan penekanan pada peningkatan kerja sama ekonomi, tenaga kerja terampil dan profesional, serta interfaith dialogue. 

Lebih lanjut, Austria memahami posisi Indonesia dalam penyelesaian EU-Indonesia Comprehensive Economic Partnership Agreement, serta mendukung Indonesia dalam keanggotaan OECD.

<U+2014><U+2014><U+2014>
<U+0001F1EE><U+0001F1E9><U+0001F1E6><U+0001F1F9> In a bilateral meeting on June 25, 2024, Indonesia<U+2019>s Foreign Minister met with Austria<U+2019>s H.E. Alexander Schallenberg. 

70 years of diplomatic ties celebrated with focusing on boosting economic cooperation, skilled and professional labor, and interfaith dialogue. 

Austria also expressed understanding of Indonesia<U+2019>s stance on the EU-Indonesia Comprehensive Economic Partnership Agreement and supported Indonesia<U+2019>s OECD membership bid. 

#IndonesiaAustria 
#Diplomacy 
#EconomicPartnership
#70tahunIndonesia-Austria
#IniDiplomasi
#IndonesiaUntukDunia"
"3399608650614004329","C8t1g5LMVpp","https://www.instagram.com/p/C8t1g5LMVpp/","2024-06-27 10:47:01",2024,"inainvienna",TRUE,FALSE,"Video","clips","id",177,"D","D4","","R3-residual",0,0,0,"","","","bertemu; pertemuan; CTBTO; multilateral; PBB","D","D","D",5,2,"#FBF5F6",FALSE,"Dalam kunjungan ke Wina, Austria, Menlu RI telah melakukan pertemuan dengan Executive Secretary Comprehensive Nuclear-Test-Ban Treaty Organization (CTBTO), Dr. Robert Floyd, di Vienna Internasional Center pada 25 Juni 2024.

Menlu tegaskan komitmen dan kontribusi Indonesia mendukung multilateralisme dalam mencapai perlucutan senjata global, termasuk melalui CTBTO. 

Pertemuan secara khusus membahas perkembangan universalisasi dan keberlakuan Traktat Pelarangan Menyeluruh Uji Coba Nuklir (Traktat CTBT), khususnya setelah proses deratifikasi Rusia. 

Pertemuan juga membahas kontribusi CTBT terhadap Sistem Deteksi Dini Tsunami di Indonesia (Tsunami Early Warning System), serta Mitigasi dan Pengurangan Resiko Bencana (Disaster Risk Reduction). 

Executive Secretary CTBTO sampaikan apresiasi untuk kerja sama dan dukungan Pemri selama ini, khususnya peran aktif Pemri yang menjadi tuan rumah beberapa pelatihan regional CTBTO selama 2023 dan 2024. 

Pada kesempatan tersebut, Menlu juga mendorong kerja sama teknis melalui program peningkatan kapasitas dan mendorong lebih banyak kaum muda profesional Indonesia berkarya dan bekerja di CTBTO. 

Di sela-sela kunjungan kerja, Menlu RI juga meninjau Data and Operations Centre CTBTO serta bertemu dengan kaum muda Indonesia yang bekerja pada berbagai badan PBB dan OI di Vienna International Center (VIC). 

#IniDiplomasi
#CTBTO
#IndonesiaUntukDunia"
"3404771845741860991","C9ALfRWsdh_","https://www.instagram.com/p/C9ALfRWsdh_/","2024-07-04 13:45:12",2024,"inainvienna",TRUE,FALSE,"Video","clips","mixed",87,"D","D1","","R3-residual",0,1,0,"","kerja sama ekonomi","","pertemuan; meeting","D","B","D",1,3,"#040202",FALSE,"Pada 26 Juni 2024, Menlu RI melakukan pertemuan bilateral dengan Menlu Slovenia, H.E. Tanja Fajon, dan menyepakati peningkatan kerja sama ekonomi, termasuk bidang logistik dan transportasi. 

Isu-isu global juga menjadi perhatian dalam pertemuan tersebut, dan Indonesia mengapresiasi langkah Slovenia yang memberikan pengakuan terhadap Palestina.

_______

On June 26, Indonesian Foreign Minister held a bilateral meeting with the Slovenian Foreign Minister, H.E. Tanja Fajon, agreeing on enhancing economic cooperation, including in the fields of logistics and transportation. 

Global issues were also a focus of the meeting, and Indonesia expressed appreciation for Slovenia<U+2019>s recognition of Palestine.

#Diplomacy
#Bilateral
#Indonesia
#Slovenia
#RintisKemajuan
#IndonesiaUntukDunia"
"3405498698719001282","C9CwwX8M3rC","https://www.instagram.com/p/C9CwwX8M3rC/","2024-07-05 13:55:01",2024,"inainvienna",TRUE,FALSE,"Video","clips","id",77,"A","A2","","max",6,0,0,"angklung; musik","","","","A","A","A",5,2,"#030102",FALSE,"Pertunjukan alat musik tradisional Indonesia, Angklung & Kolintang di Welt Museum Wien, pada 12 Juni 2024. 

KBRI/PTRI Wina bekerja sama dengan Friends of Welt Museum, memperkenalkan alat musik tradisional Indonesia di Welt Museum Wien kepada masyarakat Austria. 

Angklung & Kolintang menampilkan lagu-lagu khas dari beberapa daerah di Indonesia. Angklung & Kolintang juga memainkan lagu lawas yang populer di Austria <U+201C>Seeman deine Heimat ist das Meer<U+201D>. Para pengunjung ikut bernyanyi saat lagu yang dipopulerkan oleh Freddy tersebut dimainkan oleh Angklung & Kolintang. 

#IniDiplomasi
#Promosi
#PromosiBudaya
#WeltMuseumWien
#Angklung
#Kolintang"
"3407803058228469443","C9K8tN-Mp7D","https://www.instagram.com/p/C9K8tN-Mp7D/","2024-07-08 18:03:38",2024,"inainvienna",TRUE,FALSE,"Video","clips","id",67,"A","A2","","max",2,0,0,"seni; musik","","","","A","A","D",5,2,"#C0C0BF",FALSE,"KBRI/PTRI Wina bekerja sama dengan Redemptrorist Maria am Gestade dan didukung oleh Austrian-Indonesian Society (AIS) menampilkan Paduan Suara Voca Erudita, Universitas Sebelas Maret, di Gereja Maria am Gestade, yang merupakan gereja tertua kedua di Austria, pada 8 Juli 2024. 

Penampilan paduan suara Voca Erudita di Wina, selain untuk mempromosikan Indonesia melalui seni musik, acara ini juga dimaksudkan untuk dapat mengumpulkan dana bagi renovasi Gereja Maria am Gestade. 

#IniDiplomasi
#PromosiBudaya
#Promosi
#IndonesiaUntukDunia"
"3416337912373037107","C9pRTsTscgz","https://www.instagram.com/p/C9pRTsTscgz/","2024-07-20 12:48:34",2024,"inainvienna",TRUE,FALSE,"Video","clips","id",77,"D","D2","","R3-residual",0,0,0,"","","","PPI; pelajar; lomba","D","D","D",5,2,"#060504",FALSE,"Hari ini, Duta Besar RI KBRI/PTRI Wina resmi membuka acara pertandingan E-Sport dan Gaplek dalam rangka memperingati HUT ke-79 RI. 

KBRI/PTRI Wina bekerjasama dengan Perhimpunan Pelajar Indonesia di Austria (PPI-A) menyelenggarakan pertandingan e-Sport PlayStation-5 FIFA 2024 (sepakbola) dan Pertandingan Gaplek. 

Bapak Dubes Damos Dumoli Agusman dan Wakeppri, Akio Alfiano Tamala ikut menjadi peserta lomba Gaplek. Dubes Damos juga membuka lomba E-Sport dengan melakukan tendangan Penalti melawan perwakilan dari PPI-A. 

Dirgahayu ke-79 RI <U+0001F1EE><U+0001F1E9>
Nusantara Baru
Indonesia<U+00A0>Maju

#HUTRI
#HUTKe79RI
#HUTKe79RIKBRIWina
#PestaRakyat
#PestaRakyat2024
#PestaRakyatKBRIWina
#PestaRakyatKBRIWina2024
#IndonesiainAustria
#IndonesiainSlovenia
#PPIAustria
#PPISlovenia
#Inidiplomasi
#NusantaraBaruIndonesiaMaju"
"3418391890917280310","C9wkVA5M0o2","https://www.instagram.com/p/C9wkVA5M0o2/","2024-07-23 08:43:54",2024,"inainvienna",TRUE,FALSE,"Video","clips","en",132,"A","A2","","max",13,0,0,"batik; rendang; culture; workshop","","","diaspora","A","A","A",7,3,"#010000",FALSE,"*INDONESIAN CULTURE CLUB: Batik Workshop*

*Dear Friends of Indonesia in Austria,*

We are excited to invite you to *Indonesian Culture Club (ICC) <U+201C>Batik Workshop<U+201D>*, this time ICC will showcase the process of making *<U+201D>Batik Tulis<U+201D>*. You will be challenged to create your own piece of Batik. *The Batik Workshop is free of charge.* 

There will be *Indonesian Culinary from West Sumatera* that will be sold by Indonesian Diaspora, make sure you will bring some cash with you to taste the famous *<U+201D>Rendang<U+201D>*. 

If you<U+2019>re interested in joining, *please register now*, the space is limited! 

bit.ly/IndonesianCulturalClubVienna

<U+23F1> *Hand-drawn Batik or Batik Tulis, will take place on July 26th, 2024, starts at 10:15 am.* 

<U+0001F4CD>*Event Address:* Embassy of the Republic of Indonesia in Vienna (Gustav-Tschermak-Gasse 5-7, 1180 Wien) 

*For more info, contact us at (01)476230 or @inainvienna<U+00A0>(instagram)*

#IniDiplomasi
#PromosiBudayaIndonesia
#PromosiBatik
#WastraNusantara
#IndonesiaUntukDunia"
"3422868095330825689","C-AeGXHNjXZ","https://www.instagram.com/p/C-AeGXHNjXZ/","2024-07-29 12:54:55",2024,"inainvienna",TRUE,FALSE,"Sidecar","carousel_container","id",111,"D","D2","","R3-residual",0,0,0,"","","","diaspora; lomba; WNI; selamat","D","D","D",5,2,"#BD946D",FALSE,"Yth. Bapak dan Ibu WNI dan Diaspora Indonesia di Austria dan Slovenia,
Disampaikan selamat kepada para pemenang lomba e-Sport FIFA24 di PlayStation-5 dan Gaple Pasangan dalam rangka HUT ke-79 RI di KBRI/PTRI Wina tanggal 20 Juli 2024, sebagai berikut:

e-Sport FIFA24 di PlayStation-5
Juara 1 :
- Yuri Noberson
Juara 2 :
- Gregor K<U+00E4>fer
Juara 3 :
- Torang Gultom

Gaple Pasangan (Pria)
Juara 1 :
- Wisnu Tri Baskoro
- Torang Gultom
Juara 2 :
- Ahmad Reza Khomaini
- Imron
Juara 3 :
- Dr. iur. Damos Dumoli Agusman
- Harditya Suryawanto

Gaple Pasangan (Wanita)
Juara 1 :
- Dyah Dinanti
- Vania Alexandra Lijaya
Juara 2 :
- Ibu Lieke L. Roesli
- Hanissa Erwin
Juara 3 :
- Palupi Satio Utami
- Nydia Harkasari Sirait

Selamat kepada para pemenang!

Tim Panitia
HUT ke-79 RI
KBRI/PTRI Wina
""Nusantara Baru, Indonesia Maju"""
"3422869474275411497","C-AeabWtsYp","https://www.instagram.com/p/C-AeabWtsYp/","2024-07-29 12:57:39",2024,"inainvienna",TRUE,FALSE,"Sidecar","carousel_container","id",84,"D","D5","","R3-residual",0,0,0,"","","","diaspora; lomba; WNI; kemerdekaan; selamat","D","D","D",5,2,"#7D8864",FALSE,"Yth. Bapak dan Ibu WNI dan Diaspora Indonesia di Austria dan Slovenia,

Disampaikan selamat kepada tim Juara lomba Mini Soccer: Piala Kemerdekaan dalam rangka HUT ke-79 RI di Sportcenter Donaucity tanggal 27 Juli 2024, sebagai berikut:

Juara :
1. Alfiano Tamala
2. Gregor K<U+00E4>fer
3. Andreas Gutleben
4. Florian Gutleben
5. <U+2060>Muhammad Imamuddin Al Baqir
6. <U+2060>Yuri Noberson
7. Yongki Andita Aiman
8. <U+2060>Harditya Suryawanto
9. <U+2060>Aulia Ardhi
10. <U+2060>Romo Eduardus Only Putra

Selamat juga kepada para Tim lain yang telah meramaikan kegiatan bersama tersebut.

Tim Panitia
HUT ke-79 RI
KBRI/PTRI Wina
""Nusantara Baru, Indonesia<U+00A0>Maju"""
"3428009682595562519","C-SvKTZtUQX","https://www.instagram.com/p/C-SvKTZtUQX/","2024-08-05 15:10:20",2024,"inainvienna",TRUE,FALSE,"Sidecar","carousel_container","id",127,"D","D2","","R3-residual",0,0,0,"","","","diaspora; lomba; WNI; selamat","D","D","D",5,2,"#302A24",FALSE,"Yth. Bapak dan Ibu WNI dan Diaspora Indonesia di Austria dan Slovenia,

Disampaikan selamat kepada para pemenang lomba Badminton dan Tenis Meja Ganda Putra dan Putri dalam rangka HUT ke-79 RI di Racketworld, Wina tanggal 3 Agustus 2024, sebagai berikut:

Badminton Ganda Putra
Juara 1 :
<U+2022><U+2060> <U+2060>Adi Pratama
<U+2022><U+2060> <U+2060><U+2060>Yuri Noberson
Juara 2 :
<U+2022><U+2060> <U+2060>Tomi
<U+2022><U+2060> <U+2060><U+2060>Wisnu Arfian Sudjarwo
Juara 3 :
<U+2022><U+2060> <U+2060>Ryan Sentosa
<U+2022><U+2060> <U+2060><U+2060>Mikel B.

Badminton Ganda Putri
Juara 1 :
<U+2022><U+2060> <U+2060>Nidya Harkasari Sirait
<U+2022><U+2060> <U+2060>Retno Juliani 
Juara 2 :
<U+2022><U+2060> <U+2060>Ainun Mardhiyah
<U+2022><U+2060> <U+2060>Ida
Juara 3 :
<U+2022><U+2060> <U+2060>Caesaria Dewi Wirani
<U+2022><U+2060> <U+2060>Rita S.

Tenis Meja Ganda Putra
Juara 1 :
<U+2022><U+2060> <U+2060>A. Alfiano Tamala
<U+2022><U+2060> <U+2060>Adi Prapsilo
Juara 2 :
<U+2022><U+2060> <U+2060>Wingko Silaen
<U+2022><U+2060> <U+2060>Nursin
Juara 3 :
<U+2022><U+2060> <U+2060>Sugeng Haryanto
<U+2022><U+2060> <U+2060>Dr. Jajangmuljana Tjandra

Tenis Meja Ganda Putri
Juara 1 :
<U+2022><U+2060> <U+2060>Ulfah Nurzannah
<U+2022><U+2060> <U+2060>Rita S.
Juara 2 :
<U+2022><U+2060> <U+2060>Nydia Harkasari Sirait 
<U+2022><U+2060> <U+2060>Ainun Mardhiyah
Juara 3 :
<U+2022><U+2060> <U+2060>Rani Rudolf
<U+2022><U+2060> <U+2060>Tri Wahyuni

Selamat kepada para pemenang! <U+0001F64F><U+263A><U+FE0F><U+2764><U+FE0F>

Tim Panitia
HUT ke-79 RI
KBRI/PTRI Wina
Nusantara Baru
Indonesia Maju <U+0001F1EE><U+0001F1E9>

#HUTRI
#HUTKe79RI
#HUTKe79RIKBRIWina
#IndonesiainAustria
#IndonesiainSlovenia
#PPIAustria
#PPISlovenia
#Inidiplomasi
#NusantaraBaruIndonesiaMaju"
"3430365564021065023","C-bG049NUU_","https://www.instagram.com/p/C-bG049NUU_/","2024-08-08 21:11:03",2024,"inainvienna",TRUE,FALSE,"Sidecar","carousel_container","id",72,"D","D2","","R3-residual",1,0,0,"kuliner","","","diaspora; WNI","D","A","D",5,2,"#C9CAC9",FALSE,"Dalam rangka mempromosikan kuliner Indonesia (Indonesia Spice Up the World), pada tanggal 8 Agustus 2024 Dubes RI meresmikan pembukaan Kendang Restaurant, Authentic Indonesian Flavor (www.kendang.at) milik Chef Taufik Hidayat. 

Hadir juga perwakilan berbagai kelompok masyarakat WNI dan Diaspora Indonesia serta Friends of Indonesia. Restoran Indonesia pertama di kawasan komersial tersohor Wina di Mariahilfer Stra<U+00DF>e. Lokasi di Webgasse 27, 1060 Wina.

Bagi yang kangen makanan Indonesia, ayo kunjungi dan bantu promosikan restoran Indonesia pertama di Wina, Austria.

#indonesiaspiceuptheworld 
#diplomasikuliner 
#indonesiainaustria 
#inainvienna 
#kbriwina
#ppiaustria 
#gemapuspanusantara 
#wargapengajianaustria
#keluargakristenindonesiaaustria 
#austrianindonesiansociety 
#cerclediplomatique 
#globalvolkskulturverein
#uncav-vienna"
"3430963328845105985","C-dOvg1NEtB","https://www.instagram.com/p/C-dOvg1NEtB/","2024-08-09 16:58:42",2024,"inainvienna",TRUE,FALSE,"Image","feed","id",179,"D","D3","","R6",0,0,0,"","","persyaratan","diaspora; WNI; paspor; konsuler","D","D","D",6,2,"#F8F9F9",FALSE,"PENDAFTARAN WARUNG KONSULER @ PESTA RAKYAT 2024

Melengkapi kemeriahan HUT ke-79 RI, KBRI/PTRI Wina akan menyelenggarakan Warung Konsuler (Warkon) bagi WNI dan Diaspora berdomisili di wilayah Austria dan Slovenia bertepatan dengan pelaksanaan Pesta Rakyat 2024. Kegiatan Warkon akan diselenggarakan pada:

Hari/Tanggal: Sabtu, 17 Agustus 2024
Pukul: 10.00 - 12.00 CEST
Tempat: KBRI Wina, Gustav Tschermak Gasse 5-7, A-1180, Wina

Layanan yg diberikan antara lain:
1. Pembuatan/perpanjangan paspor 10 tahun (foto dan sidik jari biometrik)
2. Penambahan kolom tanda tangan pada paspor RI
3. Penerbitan surat pencatatan dan keterangan
4. Konsultasi kekonsuleran, dll

Untuk pendaftar layanan kekonsuleran WAJIB daftar dengan mengisi formulir berikut dan mengikuti ketentuan yang telah ditetapkan:
https://forms.gle/Ltu3MzV8sKz2jNRs5

Mohon mengisi data dengan lengkap!

Info: Sehubungan dengan kegiatan kemeriahan HUT ke-79 RI yang membutuhkan staff di lapangan, maka Panitia membatasi proses pengajuan paspor sebanyak 6 buah dan pelayanan konsuler umum sebanyak 10 berkas.

PENTING: Bagi yang sudah mendaftar pembuatan/perpanjangan paspor agar dokumen persyaratan dikirim dahulu di email: konsuler.wina@kemlu.go.id maksimal 14 Agustus 2024 pukul 15.00 CEST!

Dokumen persyaratan dapat dilihat di website KBRI Wina: www.kemlu.go.id/vienna di menu ""Pelayanan Perwakilan""

Atas perhatian dan kerjasamanya kami sampaikan terima kasih

Salam Kami
Panitia HUT Ke-79 RI
<U+0001F64F><U+0001F60A><U+2764><U+0001F1EE><U+0001F1E9><U+0001F1E6><U+0001F1F9><U+0001F1F8><U+0001F1EE>
""Nusantara Baru, 
Indonesia<U+00A0>Maju""

#HUTRI
#HUTKe79RI
#HUTKe79RIKBRIWina
#PestaRakyat
#PestaRakyat2024
#PestaRakyatKBRIWina
#PestaRakyatKBRIWina2024
#warungkonsulerkbriwina 
#IndonesiainAustria
#IndonesiainSlovenia
#PPIAustria
#PPISlovenia
#Inidiplomasi
#NusantaraBaruIndonesiaMaju"
"3433836580638687353","C-ncC1FtgB5","https://www.instagram.com/p/C-ncC1FtgB5/","2024-08-13 16:07:20",2024,"inainvienna",TRUE,FALSE,"Sidecar","carousel_container","mixed",140,"A","A2","","max",6,0,0,"musik; culture; dance; music; kultur; tanz","","","independence day","A","A","A",2,2,"#FCA503",FALSE,"<U+0001F31F>Komm zur ""Pesta Rakyat""! <U+0001F389>

Feiere mit uns den 79. Unabh<U+00E4>ngigkeitstag Indonesiens am 17. August 2024 um 10:00 Uhr in der Indonesischen Botschaft in Wien! Erlebe die indonesische Kultur mit traditionellem Essen, Musik, Tanz und spannenden Aktivit<U+00E4>ten. <U+2728>

Alle sind herzlich eingeladen, diesen besonderen Tag mit uns zu feiern und unvergessliche Momente zu erleben. Lass dir dieses Event nicht entgehen!

<U+0001F39F><U+FE0F> Eintritt frei! Markiere dir das Datum im Kalender und sei dabei! Wir freuen uns auf dich! <U+0001F31F>

#HUTRI79 #IniDiplomasi #Kemlu_RI #Feier #Indonesien #NusantaraBaruIndonesiaMaju 
@evaairat @turkishairlines @grandhotelwien @hotelciputrajkt @kanayahospitality @ramadabalisunsetroadhotel 

<U+0001F31F> Join Us for ""Pesta Rakyat""! <U+0001F389>

Celebrate Indonesia<U+2019>s 79th Independence Day with us on August 17, 2024, at 10:00 AM at the Indonesian Embassy in Vienna! Experience Indonesian culture with traditional food, music, dance, and exciting activities <U+2728>

Everyone is warmly invited to join this special day and create unforgettable memories. Don't miss out on the fun!

<U+0001F39F><U+FE0F> Free entry! Save the date and be part of the celebration! We can't wait to see you there! <U+0001F31F>"
"3435812033809030270","C-udNdOMxx-","https://www.instagram.com/p/C-udNdOMxx-/","2024-08-16 09:32:13",2024,"inainvienna",TRUE,FALSE,"Image","feed","mixed",211,"C","C3","","max",0,0,4,"","","regulation; policy","multilateral","C","C","C",2,2,"#F1F1EE",FALSE,"On August 14, 2024, Ambassador Dr. iur. Damos Dumoli Agusman delivered a keynote speech at the Focus Group Discussion on Policy and Regulatory Making - Space Debris Mitigation: Global, Regional, and National Perspectives. Hosted by Atma Jaya Catholic University Indonesia and the SAIAC Think Tank Group, the event aimed to develop concrete recommendations for Indonesian diplomacy at the multilateral level, especially within UNCOPUOS (UN Committee on the Peaceful Uses of Outer Space), as well as at the regional and national levels for outer space policy and regulation. <U+0001F30D><U+0001F680>

The Indonesian Embassy in Vienna is accredited to several UN organizations, including UNCOPUOS, headquartered in Vienna. Learn more about Indonesia<U+2019>s role in UNCOPUOS here: https://kem.lu/97d

Am 14. August 2024 hielt Botschafter Dr. iur. Damos Dumoli Agusman eine Keynote-Rede auf der Veranstaltung <U+201E>Focus Group Discussion on Policy and Regulatory Making - Space Debris Mitigation: Global, Regional, and National Perspectives<U+201C>. Die von der Atma Jaya Catholic University Indonesia und der SAIAC Think Tank Group organisierte Veranstaltung hatte zum Ziel, konkrete Empfehlungen f<U+00FC>r die indonesische Diplomatie auf multilateraler Ebene, insbesondere bei UNCOPUOS, sowie auf regionaler und nationaler Ebene f<U+00FC>r die Weltraumpolitik und -regulierung zu erarbeiten. <U+0001F30D><U+0001F680>

Die Indonesische Botschaft in Wien ist bei mehreren UN-Organisationen akkreditiert, darunter UNCOPUOS, das seinen Sitz in Wien hat. Mehr <U+00FC>ber die Rolle Indonesiens bei UNCOPUOS erfahren Sie hier: https://kem.lu/97d

#IndonesischeDiplomatie #UNCOPUOS #Weltraumpolitik #GlobaleZusammenarbeit #IniDiplomasi #SpaceDebris #IndonesianDiplomacy #UNCOPUOS #SpacePolicy #GlobalCooperation #IniDiplomasi"
"3437635188663791845","C-07v2fsDDl","https://www.instagram.com/p/C-07v2fsDDl/","2024-08-18 21:54:30",2024,"inainvienna",TRUE,FALSE,"Sidecar","carousel_container","mixed",257,"A","A2","","max",6,0,0,"komodo; budaya; kultur","","","diaspora; warga; upacara; bendera; kemerdekaan","A","A","A",2,2,"#B8BBC0",FALSE,"<U+0001F389> Indonesiens 79. Unabh<U+00E4>ngigkeitstag wird in Wien gefeiert! <U+0001F1EE><U+0001F1E9>

Servus! Am 17. August 2024 fand in der indonesischen Botschaft in Wien eine Flaggenzeremonie anl<U+00E4>sslich des 79. Jahrestages der indonesischen Unabh<U+00E4>ngigkeit statt. <U+0001F31F>

An der Veranstaltung nahmen rund ca. 150 geladene G<U+00E4>ste teil, darunter indonesische Staatsb<U+00FC>rger in <U+00D6>sterreich, die indonesische Diaspora und Freunde Indonesiens. W<U+00E4>hrend der Zeremonie ehrte der indonesische Botschafter, Dr. iur. Damos Dumoli Agusman, zwei wichtige Personen, Dr. Darmawati Sri Tjahjani Kuhnt-Saptodewo und Romo Thomas Julivadistanto, f<U+00FC>r ihren Beitrag zur F<U+00F6>rderung der indonesischen Kultur in <U+00D6>sterreich. <U+0001F396><U+FE0F>

Zus<U+00E4>tzlich <U+00FC>berreichte die ehemalige Angestellte der indonesischen Botschaft in Wien, Frau Paula Kallinger, ein Foto des indonesischen Botschafterhauses, das von Botschafter Haryono Nimpuno (1979-1983) aufgenommen wurde, und der Verein Indonesien-<U+00D6>sterreichische Freundschaft (AIS) <U+00FC>berreichte der Botschaft als Andenken eine Komodowaran-Statue von Kartika Affandi. <U+0001F98E>

Ein gro<U+00DF>artiger Tag, um unser Heimatland und unsere Kultur zu feiern! <U+0001F1EE><U+0001F1E9>

<U+0001F389> Perayaan HUT ke-79 Kemerdekaan Indonesia di Wina! <U+0001F1EE><U+0001F1E9>

17 Agustus 2024, KBRI Wina menggelar upacara bendera dalam rangka memperingati HUT ke-79 Kemerdekaan Indonesia. <U+0001F31F>

Acara ini dihadiri oleh sekitar 150 tamu undangan, termasuk warga negara Indonesia di Austria, diaspora dan Friends of Indonesia. Dalam upacara ini, Dubes RI, Dr. iur. Damos Dumoli Agusman, memberikan penghargaan kepada dua tokoh masyarakat, Dr. Darmawati Sri Tjahjani Kuhnt-Saptodewo dan Romo Thomas Julivadistanto, atas kontribusi mereka dalam mempromosikan budaya Indonesia di Austria. <U+0001F396><U+FE0F>

Selain itu, pensiunan pegawai setempat KBRI Wina, Mrs. Paula Kallinger, mempersembahkan foto Wisma Duta Besar RI yang diabadikan oleh Dubes Haryono Nimpuno (1979-1983); sementara asosiasi persahabatan Indonesia-Austria (AIS) memberikan cinderamata patung komodo karya Kartika Affandi kepada KBRI. <U+0001F98E>

Hari yang luar biasa untuk merayakan tanah air dan budaya kita! <U+0001F1EE><U+0001F1E9>

#HUTRI79 #IndonesiaMerdeka #KBRIWina #CintaIndonesia #inidiplomasi

<U+00A9><U+FE0F><U+0001F4F8>: Wingko Silaen"
"3439031708596329299","C-55R5CMFtT","https://www.instagram.com/p/C-55R5CMFtT/","2024-08-20 20:19:51",2024,"inainvienna",TRUE,FALSE,"Video","clips","de",59,"D","D6","","R3-residual",0,0,0,"","","","","D","D","D",2,2,"#211E19",FALSE,"Servus! Wusstet Ihr, dass am 19. August 1945, kurz nach der Proklamation der Unabh<U+00E4>ngigkeit am 17. August 1945, wurde das indonesische Au<U+00DF>enministerium im ersten Pr<U+00E4>sidialkabinett gegr<U+00FC>ndet. <U+0001F3DB><U+FE0F>

Das Au<U+00DF>enministerium ist eines der drei Ministerien (neben dem Innen- und Verteidigungsministerium), die in der Verfassung von 1945 ausdr<U+00FC>cklich erw<U+00E4>hnt werden und vom Pr<U+00E4>sidenten weder ge<U+00E4>ndert noch aufgel<U+00F6>st werden k<U+00F6>nnen. <U+0001F4DD>

Am 19. August 2024 feiert die indonesische Au<U+00DF>enministerium den 79.Jahrestag. <U+0001F30D><U+0001F1EE><U+0001F1E9>

#KemluRI #Geschichte #Diplomatie #IndonesiaMaju #IniDiplomasi"
"3439085791604818847","C-6Fk5wssOf","https://www.instagram.com/p/C-6Fk5wssOf/","2024-08-20 22:04:32",2024,"inainvienna",TRUE,FALSE,"Video","clips","de",134,"A","A2","","max",2,0,0,"kultur; k<U+00FC>che","","","besuch","A","A","D",2,2,"#2D2D2D",FALSE,"<U+0001F31F> R<U+00FC>ckblick auf das Pesta Rakyat 2024 in Wien! <U+0001F389>

Am 17. August 2024 feierte die Indonesische Botschaft Wien den Unabh<U+00E4>ngigkeitstag Indonesiens mit einem grandiosen <U+201C>Pesta Rakyat<U+201D> oder <U+201C>Volksfeier<U+201D>. <U+0001F973><U+0001F1EE><U+0001F1E9>

Rund 1.500 G<U+00E4>ste genossen das Event von 10:00 bis 19:00 Uhr. Trotz hei<U+00DF>em Wetter und einem pl<U+00F6>tzlichen Sturm blieb die Begeisterung ungebrochen. <U+26C8><U+FE0F><U+0001F631>

Die Besucher tanzten, genossen indonesische Spezialit<U+00E4>ten und st<U+00F6>berten durch die St<U+00E4>nde und den Flohmarkt.

Ein lang erwarteter Moment war die Tombola, bei der es tolle Preise zu gewinnen gab:
<U+0001F6EB>2 Flugtickets gesponsert von Turkish Airlines und Eva Air, <U+0001F6F4>2 Elektroroller, <U+0001F6B2>Brompton Fahrrad 
und vieles mehr <U+0001F381>.

Der H<U+00F6>hepunkt des Tages war der Auftritt von Semesta Berdendang, einer Band aus Indonesien, die mit ihren einzigartigen Theatereinlagen das Publikum begeisterte.

Dieses j<U+00E4>hrliche Event ist eine gro<U+00DF>artige Gelegenheit, die indonesische Kultur und K<U+00FC>che zu erleben. Wenn du es dieses Jahr verpasst hast, sei n<U+00E4>chstes Jahr unbedingt dabei! <U+0001F1EE><U+0001F1E9><U+2728>"
"3441051678498977726","C_BEkUmsXe-","https://www.instagram.com/p/C_BEkUmsXe-/","2024-08-23 15:03:05",2024,"inainvienna",TRUE,FALSE,"Video","clips","de",132,"A","A1","","max",2,0,0,"urlaub","","","","A","A","D",2,2,"#6E7D98",FALSE,"<U+2728><U+201D>Freitags auf Entdeckungstour: Kaimana, der Stadt des Sonnenuntergangs in West Papua<U+2728>

Kaimana in West Papua ist wegen seines atemberaubenden Sonnenuntergangspanoramas als <U+201E>Stadt des Sonnenuntergangs<U+201C> bekannt - eine Sch<U+00F6>nheit, die m<U+00F6>glich ist, weil Kaimana direkt auf die Arafura-See blickt. <U+0001F305>

Neben den atemberaubenden Sonnenunterg<U+00E4>ngen bietet Kaimana noch eine F<U+00FC>lle anderer Attraktionen. Machen Sie eine Fahrt durch den ruhigen Sisir Pond, dessen Wasser so klar wie Glas ist
Tauchen oder schnorcheln Sie in den kristallklaren Gew<U+00E4>ssern der Triton Bay! <U+0001F93F>

Entdecken Sie den atemberaubenden Karawawi-Wasserfall. Hier k<U+00F6>nnen Sie das Meisterwerk der Natur in seiner ganzen Pracht bewundern
Kaimana ist mehr als nur ein Urlaubsziel. Es ist ein magischer Ort, die noch lange nach Sonnenuntergang in Erinnerung bleiben wird. <U+0001F3DD><U+FE0F>

Erleben Sie den Zauber von Kaimana, der Stadt des Sonnenuntergangs in West Papua - Ihr n<U+00E4>chstes Urlaubsziel wartet. <U+0001F6EB><U+0001F30E><U+0001F1EE><U+0001F1E9>
#inidiplomasi #visitpapua #VisitIndonesia #TravelingWithHeart #WunderbaresIndonesien #WunderschonenIndonesien #diebestesonnenuntergangs #wonderfulindonesia @tui_austria @urlaubspiraten @lastminute_com"
"3442765108388860355","C_HKKAioJHD","https://www.instagram.com/p/C_HKKAioJHD/","2024-08-25 23:46:44",2024,"inainvienna",TRUE,FALSE,"Sidecar","carousel_container","mixed",255,"A","A2","","max",9,0,0,"musik; culture; dance; music; cuisine; performance; kultur","","","community; gemeinschaft","A","A","A",2,2,"#213F6F",FALSE,"What an incredible day at the ASEAN Family Day in Vienna! <U+0001F389> On August 24, 2024, we celebrated unity, culture, and friendship like never before. Hosted by @damos.agusman , Chair of the ASEAN Vienna Committee (AVC), the event was a colorful explosion of traditions, mouth-watering cuisines, and unforgettable performances. <U+0001FAAD><U+0001FA87><U+2728> Each ASEAN embassy showcased its unique culture through traditional dances, songs, and music, and treated us to delicious dishes from their home countries. The day was also bittersweet as we bid farewell to H.E. Mr. NGUYEN Trung Kien, Ambassador and Permanent Representative of Viet Nam, and H.E. Ms. Vilawan MANGKLATANAKUL, Ambassador and Permanent Representative of Thailand. From diplomats to families, everyone came together in a true spirit of community. Here<U+2019>s to the unbreakable bonds and a future full of possibilities for ASEAN in Vienna and beyond! <U+0001F30D><U+0001F4AA> #ASEANFamilyDay #UnitedInDiversity #ASEAN2024 #inidiplomasi 

<U+2026>

Was f<U+00FC>r ein fantastischer Tag beim ASEAN Family Day in Wien! <U+0001F389> Am 24. August 2024 haben wir Einheit, Kultur und Freundschaft wie nie zuvor gefeiert. Gastgeber S.E. Dr.iur. Damos Dumoli Agusman, Vorsitzender des ASEAN Vienna Committee, sorgte f<U+00FC>r ein farbenfrohes Fest voller Traditionen, k<U+00F6>stlicher Speisen und unvergesslicher Auftritte. <U+0001FAAD><U+0001FA87><U+2728> Jede ASEAN-Botschaft pr<U+00E4>sentierte ihre einzigartige Kultur durch traditionelle T<U+00E4>nze, Lieder und Musik und verw<U+00F6>hnte uns mit k<U+00F6>stlichen Gerichten aus ihren Heimatl<U+00E4>ndern. Der Tag war auch von einem Hauch Wehmut gepr<U+00E4>gt, als wir uns von S.E. NGUYEN Trung Kien, Botschafter und St<U+00E4>ndiger Vertreter Vietnams, und S.E. Vilawan MANGKLATANAKUL, Botschafterin und St<U+00E4>ndige Vertreterin Thailands, verabschiedeten. Von Diplomaten bis hin zu Familien <U+2013> alle kamen im wahren Gemeinschaftsgeist zusammen. Auf die unzerbrechlichen Bindungen und eine Zukunft voller M<U+00F6>glichkeiten f<U+00FC>r die ASEAN in Wien und dar<U+00FC>ber hinaus! <U+0001F30D><U+0001F4AA> #ASEANFamilyDay #ASEAN2024 #inidiplomasi 

<U+0001F4F8>: Wingko Silaen"
"3444088426594396827","C_L3C0qMWqb","https://www.instagram.com/p/C_L3C0qMWqb/","2024-08-27 19:42:37",2024,"inainvienna",TRUE,FALSE,"Video","clips","mixed",222,"A","A2","","max",6,0,0,"musik; culture; cultural; music; kultur","","","","A","A","A",2,2,"#151118",FALSE,"What a great start for the Indonesian Chairmanship of the Vienna ASEAN Committee and the celebration of the 54th ASEAN Anniversary! On August 24th 2024, our Indonesian Ambassador @damos.agusman , hosted an unforgettable ASEAN Family Day at his residence. The joyful event full of new friendships and cultural exchange was also a farewell for the Ambassadors of Vietnam and Thailand. With delicious food, rousing music and a sense of togetherness, we realized that we have more in common than differences. Thank you to everyone who shared a piece of their culture with us. We look forward to seeing you all again at the next ASEAN Vienna Committee event! <U+0001F64C> The video shows the joyful moments once again <U+0001F60D><U+0001F973><U+0001F483><U+0001F3FB> #ASEANFamilyDay #AVC #UnityInDiversity #ASEAN2024 #inidiplomasi 

Was f<U+00FC>r ein gro<U+00DF>artiger Start f<U+00FC>r den indonesischen Vorsitz des Wiener ASEAN-Komitees und die Feier des 54. ASEAN- Jahrestags! Am 24. August 2024 veranstaltete unser indonesischer Botschafter, Dr. iur. Damos Dumoli Agusman, einen unvergesslichen ASEAN-Familientag in seiner Residenz. Die fr<U+00F6>hliche Veranstaltung voller neuer Freundschaften und kulturellem Austausch war auch eine Verabschiedung f<U+00FC>r die Botschafter von Vietnam und Thailand. Bei k<U+00F6>stlichem Essen, mitrei<U+00DF>ender Musik und einem Gef<U+00FC>hl der Zusammengeh<U+00F6>rigkeit wurde uns bewusst, dass wir mehr Gemeinsamkeiten als Unterschiede haben. Vielen Dank an alle, die ein St<U+00FC>ck ihrer Kultur mit uns geteilt haben. Wir freuen uns darauf, Sie alle bei der n<U+00E4>chsten Veranstaltung des ASEAN-Wien-Komitees wiederzusehen! <U+0001F64C> Das Video zeigt die freudigen Momente noch einmal<U+0001F60D><U+0001F973><U+0001F483><U+0001F3FB> #ASEANFamilyDay #AVC #UnityInDiversity #ASEAN2024 #inidiplomasi"
"3444473651069644207","C_NOok6Mu2v","https://www.instagram.com/p/C_NOok6Mu2v/","2024-08-28 08:21:18",2024,"inainvienna",TRUE,FALSE,"Sidecar","carousel_container","de",230,"A","A2","","max",8,0,0,"kultur; interreligi<U+00F6>s","","","delegation; treffen; gemeinschaft","A","A","A",2,2,"#2C2B29",FALSE,"<U+201E>St<U+00E4>rkung der Zusammenarbeit durch Dialog <U+0001F30D><U+0001F91D><U+201C>

Seit 2009 gibt es zwischen Indonesien und <U+00D6>sterreich ein aktives interreligi<U+00F6>ses Dialogforum, das sich alle zwei Jahre trifft, um gegenseitiges Verst<U+00E4>ndnis und Frieden zu f<U+00F6>rdern. Der interreligi<U+00F6>se und interkulturelle Dialog hat als zentrales Element der <U+00F6>sterreichischen Au<U+00DF>enpolitik weiterhin gro<U+00DF>e Bedeutung.

Am 27. August 2024 veranstaltete die indonesische Botschaft in Wien @damos.agusman ein Arbeitsessen mit der <U+00F6>sterreichischen Delegation, die am 8. interreligi<U+00F6>sen und interkulturellen Dialog vom 7. bis 9. Juli 2024 in Indonesien teilgenommen hatte. Ziel dieses Treffens war es, Einblicke in die <U+00F6>sterreichische Perspektive zu gewinnen, die Ergebnisse des Treffens vom Juli weiterzuverfolgen und zuk<U+00FC>nftige M<U+00F6>glichkeiten zu erkunden.

Von <U+00F6>sterreichischer Seite nahmen teil:
<U+0001F3DB><U+FE0F> Amb. Regina RUSZ, Abteilungsleitering f<U+00FC>r Internationale Kulturangelegenheiten, BMEIA;
<U+0001F3DB><U+FE0F> Min. Plen. Ulrike Hartmann, Leiterin der Abteilung f<U+00FC>r Kulturen und Religionen, BMEIA;
<U+0001F3DB><U+FE0F> Min. Plen. Alexander RIEGER, Leiter der Task Force Dialog der Kulturen und Religionen, BMEIA;
<U+0001FAB7>Herr Gerhard WEISSGRAB, Pr<U+00E4>sident der <U+00D6>sterreichischen Buddhistischen Religionsgesellschaft; und
<U+0001F9D5>Frau Elif MEDENI, Leiterin des Instituts f<U+00FC>r islamische Religion - Hochschule der christlichen Kirchen f<U+00FC>r LehrerInnenbildung

Es war uns eine Ehre, auch Vertreter verschiedener indonesischer Gemeinschaften in Wien zu haben, darunter die indonesische Studentenvereinigung, die indonesischen muslimischen und christlichen Gemeinschaften, die balinesische hinduistische Kulturgruppe, die Wiener Freunde des Weltmuseums und Gema Puspa Nusantara. Ihr Einsatz unterstreicht die Bedeutung der nichtstaatlichen Akteure an der Graswurzel in unserem laufenden Dialog.

Gemeinsam bauen wir weiterhin Br<U+00FC>cken zwischen den Kulturen und Religionen, um Harmonie und Verst<U+00E4>ndnis f<U+00FC>r eine bessere Zukunft zu f<U+00F6>rdern. <U+0001F31F><U+0001F1EE><U+0001F1E9><U+0001F1E6><U+0001F1F9>"
"3448425732663089341","C_bRO7tsxi9","https://www.instagram.com/p/C_bRO7tsxi9/","2024-09-02 19:13:23",2024,"inainvienna",TRUE,FALSE,"Sidecar","carousel_container","mixed",103,"D","D6","","R3-residual",0,0,1,"","","sicher","","A","C","D",2,2,"#FDFDFB",FALSE,"<U+0001F4E3>Am 30. August 2024 nahm Botschafter @damos.agusman Dr.iur.Damos Aguman an der Vorstellung der Herbst-Ausgabe 2024 des Cercle Diplomatique Magazins teil. Diese besondere Ausgabe enth<U+00E4>lt einen exklusiven Artikel <U+00FC>ber Indonesien mit dem Titel <U+2018>Rasanter Aufschwung einer selbstbewussten Nation<U+2019> sowie ein aufschlussreiches Interview mit dem indonesischen Botschafter. Sichern Sie sich Ihr Exemplar und erfahren Sie mehr! <U+0001F4F0><U+0001F4DD><U+0001F1EE><U+0001F1E9><U+2600><U+FE0F>

<U+0001F4E3>On August 30, 2024, Ambassador Dr.iur. Damos Aguman attended the launch of Cercle Diplomatique<U+2019>s Autumn 2024 Edition. This special issue features an exclusive article on Indonesia, titled <U+2018>Rapid Upswing of a Self-Confident Nation,<U+2019> along with an insightful interview with the Indonesian Ambassador. Don<U+2019>t miss out<U+2014>grab your copy today to explore more! <U+0001F4F0><U+0001F4DD><U+0001F1EE><U+0001F1E9><U+2600><U+FE0F>

#Inidiplomasi #Indonesia #Indonesien #cerclediplomatique #cerclediplomatiquevienna #Herbst #Autumn"
"3450254616761069190","C_hxEswse6G","https://www.instagram.com/p/C_hxEswse6G/","2024-09-05 07:47:03",2024,"inainvienna",TRUE,FALSE,"Image","feed","de",95,"A","A2","","max",6,0,0,"gamelan; workshop; kultur","","","besuch","A","A","A",2,2,"#623D1F",FALSE,"<U+0001F3B6> Erlebe den Zauber Javas! <U+0001F3B6>

Die Botschaft von Indonesien, in Zusammenarbeit mit den Freunden des Weltmuseum Wien und der <U+00D6>sterreichisch-Indonesischen Gesellschaft, l<U+00E4>dt Sie herzlich zu einem faszinierenden Event ein:

<U+2728> Gamelan-Konzert & Workshop <U+201C>Ngesti Budoyo<U+201D> <U+2728>
<U+0001F4CD> Ort: Weltmuseum Wien
<U+0001F4C5> Datum: Sonntag, 29. September 2024
<U+0001F552> Uhrzeit: 13:30 - 17:00 Uhr (2 Sessions)

Lassen Sie sich von den bezaubernden Kl<U+00E4>ngen des traditionellen javanischen Gamelans beim Konzert verzaubern. Und warum nicht selbst etwas Magie erschaffen im praktischen Workshop? <U+0001F3BC><U+2728>

F<U+00FC>r weitere Details und die Anmeldung zum Workshop besuchen Sie bitte die Website des Weltmuseum Wien: https://shorturl.at/Zcv4j

Wir freuen uns auf einen Tag voller Rhythmus und Kultur mit Ihnen! <U+2764><U+0001F1EE><U+0001F1E9><U+0001F1E6><U+0001F1F9>#IniDiplomasi #Gamelan"
"3453947732915606127","C_u4ynNM1Jv","https://www.instagram.com/p/C_u4ynNM1Jv/","2024-09-10 10:04:37",2024,"inainvienna",TRUE,FALSE,"Sidecar","carousel_container","mixed",153,"A","A2","","max",2,1,0,"culture; kultur","wirtschaft","","","A","A","D",2,2,"#F2F2F1",FALSE,"Servus! Dieses Jahr feiern wir 70 Jahre diplomatische Beziehungen zwischen Indonesien und <U+00D6>sterreich! <U+0001F389> In den vergangenen sieben Jahrzehnten haben unsere beiden L<U+00E4>nder eine tiefe Verbindung auf Freundschaft, Dialog, Kultur, Wirtschaft und Zusammenarbeit aufgebaut. <U+0001F30F><U+0001F91D>
Bleibt gespannt, w<U+00E4>hrend wir faszinierende Fakten <U+00FC>ber unsere gemeinsame Geschichte, die Menschen und die vielen Gemeinsamkeiten zwischen Indonesien und <U+00D6>sterreich teilen. <U+0001F1EE><U+0001F1E9><U+0001F1E6><U+0001F1F9>
Freut euch auf spannende Veranstaltungen und Geschichten<U+2014>seid dabei! Achtet auf unsere Beitr<U+00E4>ge mit dem besonderen 70-Jahre-Logo. #INAUT70 #70JahreFreundschaft #IniDiplomasi

Servus! This year, we celebrate 70 years of diplomatic relations between Indonesia and Austria! <U+0001F389> Over the past seven decades, both countries have shared a deep connection built on friendship, dialogue, culture, economy and collaboration. <U+0001F30F><U+0001F91D>
Stay tuned as we share fascinating facts about our history, the people, and the many things that bring Indonesia and Austria together. <U+0001F1EE><U+0001F1E9><U+0001F1E6><U+0001F1F9>
Exciting events and stories are coming soon<U+2014>don<U+2019>t miss them! Keep an eye out for our posts featuring the special 70th anniversary logo. #INAUT70 #70YearsOfFriendship #inidiplomasi 

Thank you @hipdi_indonesia for the design <U+0001F60D>"
"3456399702439998769","C_3mTdxs7Ux","https://www.instagram.com/p/C_3mTdxs7Ux/","2024-09-13 19:16:14",2024,"inainvienna",TRUE,FALSE,"Sidecar","carousel_container","mixed",129,"D","D4","","R3-residual",0,1,0,"","impor","security; sicherheit; sicher","IAEA; statement","C","B","D",2,2,"#D4931A",FALSE,"<U+201C>Indonesia reaffirms the importance of collective efforts to establish a nuclear-weapon-free Middle East, a statement delivered by the Indonesian Deputy Chief of Mission in Vienna, @alabar_tamala . He emphasized that this commitment is not only about regional stability but also crucial for enhancing global peace and security. Supported by other IAEA member states, Indonesia stands ready to actively promote disarmament and non-proliferation efforts. <U+2728><U+0001F30D> #IAEA #GlobalPeace #InternationalSecurity #inidiplomasj 

<U+201C>Indonesien bekr<U+00E4>ftigt die Bedeutung gemeinsamer Bem<U+00FC>hungen, eine kernwaffenfreie Zone im Nahen Osten zu schaffen. Diese Erkl<U+00E4>rung wurde vom indonesischen Vize Botschafter in Wien, Herrn Alfiano Tamala, abgegeben, der betonte, dass dieses Engagement nicht nur zur Stabilit<U+00E4>t der Region beitr<U+00E4>gt, sondern auch entscheidend f<U+00FC>r die St<U+00E4>rkung des globalen Friedens und der Sicherheit ist. Mit Unterst<U+00FC>tzung anderer IAEA-Mitgliedsstaaten ist Indonesien bereit, sich aktiv f<U+00FC>r Abr<U+00FC>stung und Nichtverbreitung einzusetzen. <U+2728><U+0001F30D> #IAEA #Weltfrieden #InternationaleSicherheit #inidiplomasi"
"3459918350790015717","DAEGWiasbrl","https://www.instagram.com/p/DAEGWiasbrl/","2024-09-18 15:47:10",2024,"inainvienna",TRUE,FALSE,"Sidecar","carousel_container","mixed",157,"D","D2","","R3-residual",0,0,0,"","","","diaspora; komunitas; gemeinschaft; UNIDO; PBB","D","D","D",2,2,"#E6E5E2",FALSE,"<U+0001F1EE><U+0001F1E9><U+0001F91D><U+0001F1E6><U+0001F1F9> Tahun 2024 kita merayakan 70 tahun hubungan diplomatik Indonesia dan Austria! <U+0001F389> Untuk itu, kami akan memperkenalkan berbagai aspek dalam hubungan bilateral ini, diantaranya adalah sisi people-to-people <U+0001F30F>, terutama peran penting diaspora Indonesia di Austria. Hubungan bilateral semakin kuat berkat masyarakatnya. <U+0001F4AA>

Hari ini, kami memperkenalkan <U+0001F31F> Dindin Wahyudin @smurfuehrer <U+0001F31F>, seorang tenaga profesional di UNIDO sekaligus Ketua Komunitas Indonesia di Organisasi PBB di Wina, VICINDO. <U+0001F1FA><U+0001F1F3> Swipe untuk melihat kisah inspirasinya <U+0001F4D6><U+2728> dan nantikan konten menarik lainnya tentang Diaspora Indonesia di Austria! <U+0001F51C> #inidiplomasi #diasporaindonesia 

<U+0001F1EE><U+0001F1E9><U+0001F91D><U+0001F1E6><U+0001F1F9> Im Jahr 2024 feiern wir 70 Jahre diplomatische Beziehungen zwischen Indonesien und <U+00D6>sterreich! <U+0001F389> Zu diesem Anlass stellen wir verschiedene Aspekte dieser Beziehungen vor, insbesondere die people-to-people <U+0001F30F>-Beziehungen, einschlie<U+00DF>lich der indonesischen Diaspora in <U+00D6>sterreich. Die bilateralen Beziehungen werden durch ihre Menschen gest<U+00E4>rkt. <U+0001F4AA>

Heute stellen wir <U+0001F31F> Dindin Wahyudin <U+0001F31F> vor, einen professionellen Mitarbeiter bei UNIDO und Leiter der indonesischen Gemeinschaft in der UN Wien, VICINDO. <U+0001F1FA><U+0001F1F3> Swipe, um seine inspirierende Geschichte zu sehen <U+0001F4D6><U+2728> und bleibt dran f<U+00FC>r mehr spannende Inhalte <U+00FC>ber die indonesische Diaspora in <U+00D6>sterreich! <U+0001F51C> #indonesien #70jahrediplomatie"
"3460021788525795530","DAEd3wUMRjK","https://www.instagram.com/p/DAEd3wUMRjK/","2024-09-18 19:15:00",2024,"inainvienna",TRUE,FALSE,"Video","clips","mixed",136,"D","D6","","R3-residual",0,0,1,"","","policy","","D","C","D",13,3,"#C9D8E3",FALSE,"<U+0001F30D><U+0001F1EE><U+0001F1E9> Ambassador Damos D. Agusman @damos.agusman  gave an insightful public lecture today at Webster University Vienna on 18 September 2024. <U+0001F393><U+2728>

<U+0001F4E2> He shared Indonesia<U+2019>s Foreign Policy Framework and highlighted the nation<U+2019>s leadership in ASEAN. <U+0001F91D><U+0001F30F>

Key topics included: 
<U+0001F30A> The South China Sea dynamics 
<U+0001F50E> ASEAN<U+2019>s Outlook on Indo-Pacific 
<U+0001F6E1><U+FE0F> Policies on disarmament & non-proliferation

With ASEAN driving regional & global growth, it<U+2019>s no surprise the lecture sparked engaging discussions and curiosity from the audience! <U+0001F4AC><U+0001F331>

#ASEAN #Indonesia #Diplomacy #ForeignPolicy #Vienna #GlobalGrowth #IndoPacific #Inidiplomasi

<U+0001F30D><U+0001F1EE><U+0001F1E9> Botschafter Damos D. Agusman hielt heute, am 18. September 2024, einen aufschlussreichen Vortrag an der Webster University in Wien. <U+0001F393><U+2728>

<U+0001F4E2> Er teilte den Au<U+00DF>enpolitischen Rahmen Indonesiens und hob die f<U+00FC>hrende Rolle des Landes in der ASEAN hervor. <U+0001F91D><U+0001F30F>

Wichtige Themen waren: 
<U+0001F30A> Die Dynamik im S<U+00FC>dchinesischen Meer 
<U+0001F50E> ASEAN-Ausblick auf den Indopazifik 
<U+0001F6E1><U+FE0F> Politik zu Abr<U+00FC>stung & Nichtverbreitung

Da ASEAN das regionale und globale Wachstum vorantreibt, ist es kein Wunder, dass der Vortrag spannende Diskussionen und gro<U+00DF>es Interesse weckte! <U+0001F4AC><U+0001F331>

#ASEAN #Indonesien #Diplomatie #Au<U+00DF>enpolitik #Wien #GlobalesWachstum #Indopazifik #Inidiplomasi"
"3461170725135586663","DAIjG-6sBVn","https://www.instagram.com/p/DAIjG-6sBVn/","2024-09-20 09:15:24",2024,"inainvienna",TRUE,FALSE,"Sidecar","carousel_container","mixed",263,"D","D4","","R3-residual",0,0,0,"","","security","IAEA; General Conference","D","D","D",2,2,"#294775",FALSE,"<U+0001F514> Indonesia reaffirms its commitment to the peaceful use of nuclear technology at the 68th IAEA General Conference (GC) in Vienna. Ambassador Dr. Damos Dumoli Agusman @damos.agusman highlighted the benefits of nuclear technology in health, food security, and the environment, while also discussing plans to support zero-net emissions through nuclear power development. 

In the Middle East Agenda, Indonesia expressed great concern over the acquisition of nuclear weapon capability by Israel and the pending establishment of a Middle East Zone Free of Nuclear Weapons and Other Weapons of Mass Destruction. <U+269B><U+FE0F>

During GC, Indonesia is represented by the Nuclear Energy Regulatory Agency (BAPETEN) @bapeten , the National Research and Innovation Agency (BRIN) @brin_indonesia , the Ministry of Energy and Mineral Resources @kesdm , the Ministry of Agriculture @kementerianpertanian , PT. PLN @pln_id  and PTRI/KBRI Vienna, reflecting our comprehensive national approach. Together, we can create a more sustainable future! <U+0001F4AA><U+0001F33F> #Indonesia #NuclearForPeace #Sustainability #IAEAGC #IniDiplomasi 

<U+0001F514>Indonesien bekr<U+00E4>ftigt sein Engagement f<U+00FC>r die friedliche Nutzung von Nukleartechnologie auf der 68. IAEA-Generalversammlung (GC) in Wien. Botschafter Dr. Damos Dumoli Agusman hob die Vorteile der Nukleartechnologie in den Bereichen Gesundheit, Ern<U+00E4>hrungssicherheit und Umwelt hervor und diskutierte gleichzeitig Pl<U+00E4>ne zur Unterst<U+00FC>tzung von Netto-Null-Emissionen durch die Entwicklung der Kernenergie.

In der Nahost-Agenda <U+00E4>u<U+00DF>erte Indonesien gro<U+00DF>e Besorgnis <U+00FC>ber die Erlangung nuklearer Waffenkapazit<U+00E4>ten durch Israel und die noch ausstehende Errichtung einer atomwaffenfreien Zone im Nahen Osten, die auch andere Massenvernichtungswaffen umfasst.

W<U+00E4>hrend der GC wird Indonesien durch die Aufsichtsbeh<U+00F6>rde f<U+00FC>r Atomenergie (BAPETEN), die Nationale Agentur f<U+00FC>r Forschung und Innovation (BRIN), das Ministerium f<U+00FC>r Energie und Mineralressourcen, das Landwirtschaftsministerium, PT. PLN und PTRI/KBRI Wien vertreten, was unseren umfassenden nationalen Ansatz widerspiegelt. Gemeinsam k<U+00F6>nnen wir eine nachhaltigere Zukunft schaffen! <U+0001F4AA><U+0001F33F> #Indonesien #NuklearF<U+00FC>rFrieden #Nachhaltigkeit #IAEAGC #IniDiplomasi<U+201D>"
"3461977259312161194","DALafmZyCGq","https://www.instagram.com/p/DALafmZyCGq/","2024-09-21 11:57:51",2024,"jakartaconcertorchestra",FALSE,FALSE,"Sidecar","carousel_container","en",128,"A","A2","","max",6,0,0,"musik; art; music; performance","","","","A","A","A",7,3,"#B62424",FALSE,"Jakarta Concert Orchestra
Avip Priatna, Conductor

SYMPHONIE DER FREUNDSCHAFT
70 Years of Diplomatic Relations Between Indonesia and Austria

Have you ever imagined the elegance of European classical music combined with the vibrant and colorful sounds of the East? The answer lies in the concert Symphonie der Freundschaft.

This concert will be led by Avip Priatna, the founder and music director of Jakarta Concert Orchestra, who is an alumnus of the University of Music and Performing Arts in Vienna. In 2021, Priatna was awarded a Star Prize from the Austrian Government.

Additionally, Batavia Madrigal Singers, winners of the 2022 European Grand Prix for Choral Singing, as well as instrumental and vocal soloists from Indonesia and Austria will provide a colorful and sophisticated performance.

Vienna, Austria
Gro<U+00DF>er Musikvereinssaal 
October 22, 2024 
19:30 Austrian Time

Ticket purchase available at bit.ly/jcomusikverein"
"3461978461307649612","DALaxF2S75M","https://www.instagram.com/p/DALaxF2S75M/","2024-09-21 12:00:14",2024,"jakartaconcertorchestra",FALSE,FALSE,"Sidecar","carousel_container","en",130,"A","A2","","max",5,0,0,"art; music; performance","","","","A","A","A",7,3,"#1E5A3D",FALSE,"Jakarta Concert Orchestra
Avip Priatna, Conductor

SYMPHONIE DER FREUNDSCHAFT
70 Years of Diplomatic Relations Between Indonesia and Austria

Have you ever imagined the elegance of European classical music combined with the vibrant and colorful sounds of the East? The answer lies in the concert Symphonie der Freundschaft.

This concert will be led by Avip Priatna, the founder and music director of Jakarta Concert Orchestra, who is an alumnus of the University of Music and Performing Arts in Vienna. In 2021, Priatna was awarded a Star Prize from the Austrian Government.

Additionally, Batavia Madrigal Singers, winners of the 2022 European Grand Prix for Choral Singing, as well as instrumental and vocal soloists from Indonesia and Austria will provide a colorful and sophisticated performance.

Salzburg, Austria
Gro<U+00DF>er Saal, Stiftung Mozarteum
October 23, 2024
19.30 Austrian Time

Ticket purchase available at bit.ly/jcomozarteum"
"3467121889073223346","DAdsP0PMNay","https://www.instagram.com/p/DAdsP0PMNay/","2024-09-28 14:22:22",2024,"inainvienna",TRUE,FALSE,"Video","clips","de",79,"A","A1","","max",9,0,0,"danau; bali; reise; urlaub; reiseziel; kultur; tanz","","","","A","A","A",2,2,"#508DD7",FALSE,"Willkommen zu einem von Balis versteckten Juwelen: Danau Batur <U+0001F48E><U+0001F30B> 

Dieses Vulkan-Krater-See im Herzen von Kintamani ist nicht nur ein wundersch<U+00F6>ner Zufluchtsort, sondern auch ein Ort voller spiritueller und kultureller Bedeutung. <U+0001F33E><U+0001F64F> 

Wusstest du, dass Bali im Jahr 2023 von 5.273.258 internationalen G<U+00E4>sten als Top-Reiseziel gew<U+00E4>hlt wurde? <U+0001F30F><U+2708><U+FE0F> 

Und gestern am 27. September 2024 er<U+00F6>ffneten die Balinesischen T<U+00E4>nzer das ICDO-Event in Wien! Wer den Tanz gesehen hat und jetzt dieses Video schaut, das ist dein Zeichen: Buche deinen n<U+00E4>chsten Urlaub nach Bali! <U+0001F3DD><U+FE0F><U+0001F57A><U+0001F483> #DanauBatur #Bali #NaturUndSpiritualit<U+00E4>t #VerborgeneSch<U+00E4>tze #ICDO2024 #NextStopBali #inidiplomasi #dip10masi"
"3468522642149009059","DAiqvdMsOaj","https://www.instagram.com/p/DAiqvdMsOaj/","2024-09-30 12:42:21",2024,"inainvienna",TRUE,FALSE,"Sidecar","carousel_container","mixed",148,"D","D2","","R3-residual",0,0,0,"","","","olahraga","D","D","D",2,3,"#A09C96",FALSE,"<U+0001F1E6><U+0001F1F9>ASEAN Sports Day 2024 <U+0001F3F8>
Indonesien, als Vorsitzender des ASEAN Vienna Committee (AVC) in diesem Jahr, hat einen aufregenden ASEAN Sports Day organisiert, bei dem wir Badminton gespielt haben <U+2013> eine der Lieblingssportarten in S<U+00FC>dostasien! Wir haben nicht nur unsere L<U+00E4>nder vertreten, sondern auch gemeinsam in gemischten Teams zwischen den Botschaften gespielt! <U+0001F389>
Fun Fact: Badminton feierte sein olympisches Deb<U+00FC>t bei den Spielen in 1992 und wurde von <U+00FC>ber 1,1 Milliarden Menschen im Fernsehen gesehen! <U+0001F680>
<U+0001F4AA><U+0001F60E>

<U+0001F1EE><U+0001F1E9>ASEAN Sports Day 2024 <U+0001F3F8>
Indonesia, sebagai Ketua ASEAN Vienna Committee (AVC) tahun ini mengadakan ASEAN Sports Day yang seru.. bermain bulu tangkis, salah satu olahraga favorit di Asia Tenggara! Acara dihadiri rekan dan keluarga dari kedutaan negara anggota ASEAN. Kami tidak hanya bermain bulu tangkis mewakili negara masing-masing tapi juga tidak lupa bermain bersama dalam tim campuran antar kedutaan! <U+0001F389>
Fun fact: Bulu tangkis pertama kali debut di Olimpiade pada tahun 1992 dan disaksikan di televisi oleh lebih dari 1,1 miliar orang! <U+0001F680><U+0001F4AA><U+0001F60E>

#IniDiplomasi #ASEANSportsDay #BuluTangkis #ASEANVienna #IndonesiaChair2024"
"3469135254993898174","DAk2CJXsgq-","https://www.instagram.com/p/DAk2CJXsgq-/","2024-10-01 09:02:47",2024,"inainvienna",TRUE,FALSE,"Video","clips","mixed",129,"A","A2","","max",9,0,0,"gamelan; workshop","","","","A","A","A",2,2,"#A79F97",TRUE,"<U+0001F1E6><U+0001F1F9> Vielen Dank an alle, die am Gamelan-Konzert und Workshop <U+201E>Ngesti Budoyo<U+201C> im Weltmuseum Wien teilgenommen haben! <U+0001F3B6> Die Veranstaltung war ein gro<U+00DF>er Erfolg, viele Teilnehmer haben voller Begeisterung mitgemacht und sogar ein ganzes Gamelan-St<U+00FC>ck gespielt! <U+0001F64C> Verpassen Sie nicht die n<U+00E4>chste Gelegenheit, denn die indonesische Botschaft in Wien wird regelm<U+00E4><U+00DF>ig kostenlose Gamelan-Kurse anbieten. Bleiben Sie dran und lassen Sie sich vom Klang des javanischen Gamelans verzaubern! <U+0001F3B6><U+0001F3BC>

<U+0001F1EE><U+0001F1E9> Terima kasih kepada semua yang telah berpartisipasi dalam konser dan lokakarya Gamelan <U+201C>Ngesti Budoyo<U+201D> di Weltmuseum Wien! <U+0001F3B6> Acara ini sukses besar dengan banyaknya peserta yang antusias belajar dan bahkan berhasil memainkan satu lagu gamelan secara penuh! <U+0001F64C> Jangan lewatkan kesempatan berikutnya untuk belajar gamelan, karena Kedutaan Besar Indonesia di Wina akan menyelenggarakan kursus reguler secara gratis. Stay tuned dan rasakan pesona gamelan Jawa! <U+0001F1EE><U+0001F1E9><U+2728>

#Inidiplomasi #KemluRI #Gamelan #indonesien #kulturundmusik"
"3470067981381498903","DAoKHGgs3gX","https://www.instagram.com/p/DAoKHGgs3gX/","2024-10-02 15:52:40",2024,"inainvienna",TRUE,FALSE,"Sidecar","carousel_container","mixed",119,"A","A2","","max",23,0,0,"budaya; seni; batik; warisan; UNESCO; kultur; kunst; kulturerbe","","","selamat","A","A","A",2,3,"#AA7335",FALSE,"<U+0001F1E6><U+0001F1F9> Heute feiern wir den Batik National Tag! Wusstest du, Batik ist von der UNESCO als Immaterielles Kulturerbe anerkannt. Es ist nicht nur in Indonesien beliebt, sondern hat auch in <U+00D6>sterreich Aufmerksamkeit erregt! <U+0001F1E6><U+0001F1F9> Heutzutage wird die Batik-Kunst bei kulturellen Veranstaltungen in <U+00D6>sterreich pr<U+00E4>sentiert und symbolisiert die Freundschaft zwischen unseren L<U+00E4>ndern. <U+0001F91D><U+2728> Lasst uns heute mit Stolz Batik tragen und unser Kulturerbe feiern! <U+0001F483><U+0001F57A>#Kulturerbe #Batik #70JahreIndonesien<U+00D6>sterreich

<U+0001F1EE><U+0001F1E9> Selamat Hari Batik Nasional! <U+0001F389><U+0001F1EE><U+0001F1E9> Tahukah kamu, bahwa Batik diakui UNESCO sebagai Warisan Budaya Tak Benda, tidak hanya populer di Indonesia saja, tapi juga menarik perhatian di Austria! <U+0001F1E6><U+0001F1F9> Saat ini, budaya dan seni Batik sering dihadirkan di acara-acara budaya di Austria dan menjadi simbol persahabatan kedua negara. <U+0001F91D><U+2728> Yuk, bangga pakai batik hari ini dan jaga warisan budaya kita! <U+0001F483><U+0001F57A>#Inidiplomasi #WarisanBudaya #70IndonesiaAustria"
"3470681578478333417","DAqVoHVsW3p","https://www.instagram.com/p/DAqVoHVsW3p/","2024-10-03 12:11:46",2024,"inainvienna",TRUE,FALSE,"Image","feed","mixed",135,"A","A2","","max",6,0,1,"budaya; BIPA; bahasa indonesia; kultur","","sicher","","A","A","A",2,2,"#FCF3E5",FALSE,"<U+0001F1E6><U+0001F1F9>Gute Nachrichten! Die Botschaft der Republik Indonesien in Wien bietet ab dem 16. Oktober 2024 wieder Indonesischkurse (BIPA) an! <U+0001F389>

<U+2728> F<U+00FC>r alle Niveaus: A1, A2, B1 und B2, auch Kinderkurse werden angeboten! Sichert euch schnell einen Platz, denn die Kapazit<U+00E4>ten sind begrenzt!
<U+0001F469><U+200D><U+0001F3EB> Mit hochqualifizierten Lehrkr<U+00E4>ften taucht ihr nicht nur in die indonesische Sprache, sondern auch in die faszinierende Kultur ein! Und das Beste: Die Kurse sind kostenlos!
<U+0001F4DD> Meldet euch <U+00FC>ber das Poster oder den Link in unserer Bio an! <U+0001F4CC>

<U+0001F1EE><U+0001F1E9>Kabar gembira! KBRI Wina akan kembali membuka kelas Bahasa Indonesia (BIPA) mulai 16 Oktober 2024! <U+0001F389>

<U+2728> Tersedia untuk semua tingkat: A1, A2, B1 dan B2 serta ada juga kelas khusus anak-anak! Jangan lewatkan kesempatan ini, karena slot terbatas!
<U+0001F469><U+200D><U+0001F3EB> Dengan pengajar yang berpengalaman, kalian akan belajar Bahasa Indonesia sekaligus memahami budaya Indonesia secara mendalam! Dan yang lebih menarik, kursus ini GRATIS!
<U+0001F4DD> Yuk, segera daftar melalui poster atau link di bio! <U+0001F4CC> https://docs.google.com/forms/d/e/1FAIpQLSdS7TzKrK2ROKcQ9GjFNVA74yfSjC6WWv3W-qZAal9igcaUFg/viewform

#IniDiplomasi #Kementerianluarnegeri #indonesischkurs #Sprachkurs"
"3471541511033969584","DAtZJx8M9uw","https://www.instagram.com/p/DAtZJx8M9uw/","2024-10-04 16:40:18",2024,"inainvienna",TRUE,FALSE,"Image","feed","id",61,"D","D3","","R3-residual",0,0,0,"","","","diaspora; WNI; konsuler","B","D","D",6,2,"#F9F9F7",FALSE,"<U+0001F4E2> Halo WNI & Diaspora Indonesia di Slovenia! <U+0001F1EE><U+0001F1E9><U+2728>

Ada kabar gembira! <U+0001F389> KBRI Wina akan membuka Warung Konsuler (Warkons) khusus buat kamu yang di Slovenia dan sekitarnya! Yuk, catat tanggalnya dan jangan sampai ketinggalan:

<U+0001F5D3> Sabtu-Minggu, 12-13 Oktober 2024 
<U+23F0> Pukul 10.00-16.00 & 10.00-12.00 CEST 
<U+0001F4CD> Urban Hotel, <U+0160>tefanova 4, 1000 Ljubljana

Jangan lupa registrasi ya, bisa langsung klik link ini: https://bitly.cx/5QYsc atau scan barcode yang ada di flyer! <U+0001F4F2>

Sampai ketemu di sana, ya! <U+0001F64C><U+0001F3FC><U+2728> <U+0001F4BC><U+0001F30F>

<U+0001F1EE><U+0001F1E9><U+0001F91D><U+0001F1F8><U+0001F1EE> #WarkonsLjubljana #DiasporaIndonesia #KBRIWina #Warkons2024 #Inidiplomasi"
"3472779363927304038","DAxym6SMadm","https://www.instagram.com/p/DAxym6SMadm/","2024-10-06 09:41:01",2024,"inainvienna",TRUE,FALSE,"Video","clips","en",38,"D","D6","","R3-residual",0,1,0,"","opportunity","","","D","B","D",7,3,"#FAF7EC",FALSE,"<U+0001F30F><U+2728> Join us for the 6th World Indonesianist Congress! <U+0001F1EE><U+0001F1E9>

<U+0001F5D3><U+FE0F> 8-9 October 2024
<U+0001F4CD> Bogor, West Java & Online
<U+23F0> 08.00-11.30 CEST
<U+0001F31F> Theme: Toward A More Stable, Prosperous, and Advanced Indonesia

Don<U+2019>t miss this opportunity to connect and share insights with fellow Indonesianists from around the globe! <U+0001F310><U+0001F91D>#Inidiplomasi"
"3473486769703481871","DA0TdBQMfIP","https://www.instagram.com/p/DA0TdBQMfIP/","2024-10-07 09:08:37",2024,"inainvienna",TRUE,FALSE,"Video","clips","mixed",194,"A","A2","","max",10,0,0,"budaya; tari; tarian; workshop; kultur; tanz","","","besuch; warga","A","A","A",2,13,"#3E2730",FALSE,"<U+0001F1E6><U+0001F1F9>Am 5. Oktober 2024, waren die Wiener B<U+00FC>rger begeistert, die Lange Nacht der Museen zu feiern! Die Indonesische Botschaft in Wien hat in Zusammenarbeit mit der Austria-Indonesian Society (AIS) und den Weltmuseum Wien Friends einen Tanzworkshop f<U+00FC>r Poco-poco (Nord-Sulawesi), Maumere (Flores) und Denok Deblong (Semarang) organisiert. <U+0001F3B6> Unser Ziel war es, die Besucher des Weltmuseums, die in einer langen Schlange standen, zu unterhalten und ihnen die indonesische Tanz- und Kulturwelt n<U+00E4>herzubringen. Vielen Dank an alle, die mitgemacht haben! Wir hoffen, wir konnten euch mit indonesischen Tanzbewegungen die kalte Nacht ein wenig erw<U+00E4>rmen. <U+2744><U+FE0F><U+2728> Wenn ihr mehr <U+00FC>ber indonesische T<U+00E4>nze und Kultur erfahren m<U+00F6>chtet, bleibt dran! <U+0001F483><U+2764><U+FE0F> #LangeNachtDerMuseen #IndonesischerTanz #WeltmuseumWien #IndonesienIn<U+00D6>sterreich #Kulturaustausch<U+201D>

<U+0001F1EE><U+0001F1E9> Pada tanggal 5 Oktober 2024, warga kota Wina sangat antusias meramaikan acara <U+201C>Lange Nacht der Museen<U+201D>! Kedutaan Besar Indonesia di Wina bekerja sama dengan AIS (Austria-Indonesian Society) dan Weltmuseum Wien Friends menghadirkan workshop tari Poco-poco (Sulawesi Utara), Maumere (Flores), dan Denok Deblong (Semarang). <U+0001F3B6> Kami ingin menghibur para pengunjung Weltmuseum yang harus mengantri panjang dan memperkenalkan tarian serta budaya Indonesia. Terima kasih banyak untuk semua yang telah berpartisipasi! Semoga gerakan tari Indonesia bisa menghangatkan malam dingin kalian. <U+2744><U+FE0F><U+2728> Jika ingin tahu lebih lanjut tentang tari dan budaya Indonesia, tetap ikuti kami ya! <U+0001F483><U+2764><U+FE0F> #LangeNachtDerMuseen #IndonesianDance #WeltmuseumWien #IndonesiaInAustria #CulturalExchange #Inidiplomasi"
"3475192874250883948","DA6XYG7sVNs","https://www.instagram.com/p/DA6XYG7sVNs/","2024-10-09 17:37:53",2024,"inainvienna",TRUE,FALSE,"Video","clips","id",48,"D","D6","","R3-residual",0,0,0,"","","","","D","D","D",5,2,"#776726",FALSE,"<U+0001F31F> Dalam perjalanan menuju pengajuan Wilayah Bebas Korupsi, KBRI Wina mempersembahkan inovasi dengan motto MOZART:

<U+0001F3B6> Melayani dengan hati
<U+0001F3B6> Orientasi Hasil menuju
<U+0001F3B6> Zona Integritas yang
<U+0001F3B6> Akuntabel
<U+0001F3B6>Ramah, dan 
<U+0001F3B6>Terpercaya

Mari bersama kita dukung terciptanya lingkungan yang lebih transparan dan terintegrasi. Bersama, kita wujudkan perubahan positif untuk Indonesia yang lebih baik! <U+0001F1EE><U+0001F1E9><U+0001F4AB> #KBRIWina #MOZART #ZonaIntegritas #Transparansi #PerubahanPositif #WBK"
"3477170001024247399","DBBY7FuseZn","https://www.instagram.com/p/DBBY7FuseZn/","2024-10-12 11:07:22",2024,"inainvienna",TRUE,FALSE,"Video","clips","mixed",201,"D","D4","","R3-residual",0,0,0,"","","","UNIDO","D","D","D",2,3,"#7D7057",FALSE,"<U+0001F1E6><U+0001F1F9> <U+0001F30D><U+2728> Vom 9. bis 11. Oktober 2024 findet die UNIDO Bridge for Cities-Konferenz im Vienna International Center (VIC) in Wien, <U+00D6>sterreich, statt. 

Unter dem Motto <U+201C>Innovative L<U+00F6>sungen f<U+00FC>r die St<U+00E4>dte von morgen<U+201D> <U+0001F306><U+0001F4A1> steht am ersten Tag die zuk<U+00FC>nftige indonesische Hauptstadt Nusantara <U+0001F1EE><U+0001F1E9> als eine der nachhaltigen St<U+00E4>dte der Zukunft im Fokus. <U+0001F33F><U+0001F3D9><U+FE0F>

Die Indonesische Botschaft/St<U+00E4>ndige Vertretung in Wien pr<U+00E4>sentierte die Vision, den Hintergrund und den Entwicklungsstand von Nusantara, was bei den Teilnehmenden auf gro<U+00DF>es Interesse stie<U+00DF>. <U+0001F3D7><U+FE0F><U+0001F4C8>

Dar<U+00FC>ber hinaus wird Nusantara auf der Ausstellung <U+201C>New Cities Shaping Urban Future<U+201D> <U+0001F3E2><U+0001F3D9><U+FE0F> zusammen mit anderen St<U+00E4>dten wie Alatau (Kasachstan) <U+0001F1F0><U+0001F1FF>, Kigali (Ruanda) <U+0001F1F7><U+0001F1FC> und der neuen Verwaltungshauptstadt <U+00C4>gyptens (NAC) <U+0001F1EA><U+0001F1EC> vorgestellt.

Gemeinsam die St<U+00E4>dte der Zukunft gestalten! <U+0001F4A1><U+0001F30F> #UNIDOB4C #NachhaltigeSt<U+00E4>dte #Nusantara #ZukunftsSt<U+00E4>dte #Inidiplomasi 

<U+0001F1EE><U+0001F1E9> <U+0001F30D><U+2728> Pada tanggal 9-11 Oktober 2024, konferensi UNIDO Bridge for Cities diselenggarakan di Vienna International Center (VIC), Wina, Austria. 

Dengan tema <U+201C>Solusi Inovatif untuk Kota Masa Depan<U+201D> <U+0001F306><U+0001F4A1>, hari pertama menampilkan Ibu Kota baru Indonesia, Nusantara <U+0001F1EE><U+0001F1E9>, sebagai salah satu kota berkelanjutan di masa depan. <U+0001F33F><U+0001F3D9><U+FE0F>

KBRI/PTRI Wina menyampaikan presentasi mengenai visi, latar belakang, dan perkembangan pembangunan Nusantara yang disambut dengan antusias oleh peserta. <U+0001F3D7><U+FE0F><U+0001F4C8>

Selain itu, Nusantara juga ditampilkan di pameran side event bertema <U+201C>New Cities Shaping Urban Future<U+201D> <U+0001F3E2><U+0001F3D9><U+FE0F>, bersama dengan kota lain seperti Alatau (Kazakhstan) <U+0001F1F0><U+0001F1FF>, Kigali (Rwanda) <U+0001F1F7><U+0001F1FC>, dan New Administrative Capital (NAC), Mesir <U+0001F1EA><U+0001F1EC>.

Mari membangun kota masa depan bersama! <U+0001F4A1><U+0001F30F> #UNIDOB4C #KotaBerkelanjutan #Nusantara #KotaMasaDepan"
"3480626654088452165","DBNq4AwsthF","https://www.instagram.com/p/DBNq4AwsthF/","2024-10-17 05:30:00",2024,"inainvienna",TRUE,FALSE,"Sidecar","carousel_container","mixed",114,"D","D1","","R3-residual",0,0,0,"","","","besuch; peringatan","D","D","D",2,2,"#EFCD69",FALSE,"<U+0001F1E6><U+0001F1F9> #WusstestDu Der Besuch des indonesischen Au<U+00DF>enministers Retno Marsudi am 25. Juni 2024 in Wien, <U+00D6>sterreich, markiert einen bedeutenden Moment in der St<U+00E4>rkung der bilateralen Beziehungen zwischen den beiden L<U+00E4>ndern und f<U+00E4>llt mit dem 70. Jahrestag der Aufnahme diplomatischer Beziehungen im Jahr 1954 zusammen. <U+0001F91D><U+0001F1EE><U+0001F1E9><U+0001F1E6><U+0001F1F9>

Neugierig auf die Highlights der indonesisch-<U+00F6>sterreichischen Beziehungen der letzten Jahre? Haltet euch bereit f<U+00FC>r die <U+00DC>berraschungen der indonesischen Botschaft in Wien am 22. Oktober 2024!

<U+0001F1EE><U+0001F1E9>#TahukahKamu Kunjungan Menteri Luar Negeri RI Retno Marsudi ke Wina, Austria pada 25 Juni 2024 menjadi momen penting dalam memperkuat hubungan bilateral kedua negara, bertepatan dengan peringatan 70 tahun hubungan diplomatik yang dimulai sejak tahun 1954.

Penasaran dengan pencapaian hubungan Indonesia-Austria dalam beberapa tahun terakhir? Nantikan kejutan dari KBRI Wina tanggal 22 Oktober 2024!

<U+0001F4F7><U+00A9><U+FE0F>BMEIA/Gruber, KBRI/Wingko"
"3481419917930247421","DBQfPhSM7T9","https://www.instagram.com/p/DBQfPhSM7T9/","2024-10-18 07:46:56",2024,"inainvienna",TRUE,FALSE,"Sidecar","carousel_container","mixed",201,"A","A1","","max",3,0,0,"bali; art","","","diaspora","A","A","A",2,2,"#E8E7E3",FALSE,"<U+0001F1E6><U+0001F1F9> Diesen Monat geht unsere Serie <U+00FC>ber die indonesische Diaspora in <U+00D6>sterreich weiter! Diesmal haben wir eine ganz besondere Pers<U+00F6>nlichkeit: <U+2728>Vina Aquarina Welan @vina.aquarina .<U+2728> Die sch<U+00F6>ne Radiomoderatorin, Model, Presenterin und ein echtes Multitalent ist in Wien geboren und aufgewachsen, aber ihre Eltern stammen beide aus Bali, Indonesien. Sie war Zweitplatzierte bei der Miss Vienna 2014 und vertrat Wien dann auch bei der Miss Austria. <U+0001F451> Man merkt sofort, wie sie in <U+00D6>sterreich mit ihrer herzlichen, indonesischen Art beeindruckt - wir sind unglaublich stolz auf sie! Schaut euch ihr Video in Slide 2 an und h<U+00F6>rt euch an, was sie <U+00FC>ber den 22. Oktober 2024 zu sagen hat: <U+0001F92B><U+0001F4A1>Hinweis, es h<U+00E4>ngt noch stark mit unserem vorherigen Beitrag zusammen! 

<U+0001F1EE><U+0001F1E9>Bulan ini, seri kami tentang Diaspora Indonesia di Austria berlanjut lagi! Kali ini kami ingin memperkenalkan seorang tokoh yang sangat istimewa: <U+2728>Vina Aquarina Welan. <U+2728> Penyiar radio, model, dan presenter yang sangat berbakat ini lahir dan dibesarkan di Wina, namun kedua orangtuanya berasal dari Bali, Indonesia. Dia adalah runner-up di Miss Vienna 2014 dan kemudian juga mewakili Wina di Miss Austrian 2014. <U+0001F451> Kelihatan khan bagaimana Vina dapat mempesona publik di Austria dengan pembawaannya yang hangat dan khas Indonesia! Di slide 2 Vina memberikan bocoran tentang 22 Oktober 2024 <U+0001F92B> <U+0001F4A1>petunjuk, ini masih sangat terkait dengan postingan kami sebelumnya!

#diasporaindonesia #inidiplomasi #kementerianluarnegeri #indonesien #indonesierin #oe24"
"3482857425029141933","DBVmGAGMZWt","https://www.instagram.com/p/DBVmGAGMZWt/","2024-10-20 07:25:22",2024,"inainvienna",TRUE,FALSE,"Video","clips","mixed",71,"D","D5","","R3-residual",0,0,0,"","","","selamat","D","D","D",2,2,"#E6E6E7",FALSE,"<U+0001F1E6><U+0001F1F9>Herzlichen Gl<U+00FC>ckwunsch zur Amtseinf<U+00FC>hrung des Pr<U+00E4>sidenten und Vizepr<U+00E4>sidenten der Republik Indonesien f<U+00FC>r die Amtszeit 2024-2029, Prabowo Subianto und Herrn Gibran Rakabuming Raka. M<U+00F6>ge Indonesien weiterhin nationale Wohlstand und Souver<U+00E4>nit<U+00E4>t erreichen und seine strategische Rolle auf globaler Ebene weiter st<U+00E4>rken. <U+0001F1EE><U+0001F1E9> #Indonesien #Amtseinf<U+00FC>hrung #PrabowoGibran #IniDiplomasi

<U+0001F1EE><U+0001F1E9>Selamat atas pelantikan Presiden dan Wakil Presiden Republik Indonesia 2024-2029, Bapak Prabowo Subianto dan Bapak Gibran Rakabuming Raka. Semoga Indonesia senantiasa mencapai kemakmuran nasional dan kedaulatan, serta semakin memperkuat peran strategisnya di tingkat global. <U+0001F30F>"
"3483686695779507105","DBYipeqsRuh","https://www.instagram.com/p/DBYipeqsRuh/","2024-10-21 10:50:37",2024,"inainvienna",TRUE,FALSE,"Image","feed","de",37,"D","D6","","R3-residual",0,0,0,"","","","","D","D","D",2,2,"#F4F2F0",FALSE,"<U+0001F1EE><U+0001F1E9><U+2728> Vielen Dank an Frau Ministerin Retno Marsudi f<U+00FC>r ein Jahrzehnt herausragender F<U+00FC>hrung als Au<U+00DF>enministerin der Republik Indonesien! <U+0001F30F><U+0001F64F> Wir w<U+00FC>nschen Ihnen alles Gute und viel Erfolg in Ihrer neuen Rolle als Sondergesandte f<U+00FC>r Wasser bei den Vereinten Nationen. <U+0001F4A7><U+0001F91D>"
"3483693766101085586","DBYkQXasq2S","https://www.instagram.com/p/DBYkQXasq2S/","2024-10-21 11:04:40",2024,"inainvienna",TRUE,FALSE,"Image","feed","de",35,"D","D6","","R3-residual",0,0,0,"","","","","D","D","D",2,2,"#F4F1F1",FALSE,"Indonesien hat heute einen neuen Au<U+00DF>enminister ernannt. Herzlichen Gl<U+00FC>ckwunsch an S.E. Sugiono zur Ernennung zum Au<U+00DF>enminister der Republik Indonesien 2024-2029. Wir w<U+00FC>nschen ihm viel Erfolg, um die Diplomatie zu st<U+00E4>rken und die globale F<U+00FC>hrungsrolle f<U+00FC>r Frieden auszubauen. #Indonesien <U+0001F1EE><U+0001F1E9><U+0001F1E6><U+0001F1F9>"
"3484264760384488500","DBamFbSIQQ0","https://www.instagram.com/p/DBamFbSIQQ0/","2024-10-22 06:03:21",2024,"hipdi_indonesia",FALSE,FALSE,"Video","clips","id",83,"D","D1","","R3-residual",0,0,0,"","","","pertemuan; resepsi","D","D","D",5,2,"#C3C5C8",TRUE,"Kunjungan resmi HIPDI Indonesia ke KBRI Wina di Austria, oleh Ketua Umum DPP HIPDI
Suprafto, didampingi Ketua HIPDI Worldwide Bayu Santoso beserta delegasi, pada tanggal 21 Oktober
2024. Pihak KBRI Bapak Duta Besar RI untuk Austria, Bapak Dr. iur. Damos Dumoli Agusman, didampingi oleh Koordinator Fungsi Bilateral Bapak Arief Bramono.

Pada pertemuan tersebut dibahas perihal keterlibatan HIPDI dalam rangkaian kegiatan <U+201C>Resepsi Diplomatik, 70 tahun Hubungan Diplomatik Indonesia-Austria<U+201D>

Turut dibahas pula perkembangan industri kreatif dokumentasi serta kerjasama dalam bentuk dukungan oleh
HIPDI untuk KBRI yang berkelanjutan.

@inainvienna @hipdi_indonesia
@hipdiworldwide
@damos.agusman
@abebram
@toto.maximus
@bayuxlens
@indrokencana 
@bangyanyan 
@izanherdianza
@vizalist"
"3484395765561834860","DBbD3zXMD1s","https://www.instagram.com/p/DBbD3zXMD1s/","2024-10-22 10:21:06",2024,"inainvienna",TRUE,FALSE,"Video","clips","de",21,"D","D6","","R3-residual",1,0,0,"kultur","","","","D","A","D",2,2,"#0C686F",FALSE,"Heute, am 22. Oktober 2024, steht etwas ganz Besonderes bevor! Eine Enth<U+00FC>llung, die Geschichte und Kultur verbindet. Seid gespannt und lasst euch <U+00FC>berraschen! #Inidiplomasi"
"3485908126634404039","DBgbvjXsOjH","https://www.instagram.com/p/DBgbvjXsOjH/","2024-10-24 12:28:05",2024,"inainvienna",TRUE,FALSE,"Video","clips","de",66,"D","D6","","R3-residual",1,0,0,"musik","","","","D","A","D",2,2,"#E2E7E6",FALSE,"<U+0001F3B6><U+2728> Feierliche 70 Jahre diplomatische Beziehungen zwischen Indonesien und <U+00D6>sterreich in Wien! <U+0001F1EE><U+0001F1E9><U+0001F1E6><U+0001F1F9> In der ber<U+00FC>hmten Musikvereinhalle pr<U+00E4>sentierte die indonesische Botschaft ein besonderes Buch, das den Weg unserer bilateralen Beziehungen dokumentiert. Das Jakarta Concert Orchestra @jakartaconcertorchestra geleitet von Maestro Avip Priatna, verzauberte das Publikum mit der <U+201E>Symphony of Friendship<U+201C>, die klassische und indonesische Volksmusik pr<U+00E4>sentierte. Ein unvergesslicher Abend im Zeichen unserer Freundschaft und Zusammenarbeit. <U+0001F3BB><U+0001F4D6>

Vielen Dank f<U+00FC>r die Unterst<U+00FC>tzung von @hipdi_indonesia @hipdiworldwide <U+0001F64C>"
"3486660345713630971","DBjGxx-s577","https://www.instagram.com/p/DBjGxx-s577/","2024-10-25 13:18:44",2024,"inainvienna",TRUE,FALSE,"Image","feed","de",73,"D","D6","","R3-residual",0,0,0,"","","","","D","D","D",2,2,"#F5F3F3",FALSE,"<U+0001F1E6><U+0001F1F9>Vielen Dank an Seine Exzellenz Herrn Pahala Mansury f<U+00FC>r ihre wertvollen Dienste und seine engagierte Leistung als stellvertretender Au<U+00DF>enminister. Herzlichen Gl<U+00FC>ckwunsch und viel Erfolg den neuen stellvertretenden Au<U+00DF>enministern: Seine Exzellenz Herrn Arrmanatha C. Nasir, Seine Exzellenz Herrn Anis Matta und Seine Exzellenz Herrn Arif Havas Oegroseno. Mit ihrem starken Engagement und ihrer F<U+00FC>hrungsrolle im Dienste der indonesischen Diplomatie sind wir bereit, uns den globalen Herausforderungen zu stellen und die nationalen Interessen weiter zu st<U+00E4>rken. <U+0001F1EE><U+0001F1E9> #Diplomatie #Indonesien #GlobaleHerausforderungen #F<U+00FC>hrung #IniDiplomasi"
"3488864937773152260","DBq8C0VSLgE","https://www.instagram.com/p/DBq8C0VSLgE/","2024-10-28 14:21:08",2024,"jakartaconcertorchestra",FALSE,FALSE,"Video","clips","unknown",17,"D","D6","","R3-residual",1,0,0,"musik","","","","D","A","D",5,2,"#322725",FALSE,"Bangga! JCO & BMS mendapatkan standing ovation ketika konser di Wiener Musikverein, Wina & Mozarteum, Salzburg Terima kasih, Austria <U+0001F1E6><U+0001F1F9>"
"3488913425343534379","DBrHEZ5sVUr","https://www.instagram.com/p/DBrHEZ5sVUr/","2024-10-28 15:55:12",2024,"inainvienna",TRUE,FALSE,"Sidecar","carousel_container","de",172,"A","A2","","max",7,0,0,"BIPA; bahasa indonesia; kultur","","","studierende; selamat","A","A","A",2,2,"#F4F4F4",FALSE,"<U+0001F389> Die indonesische Botschaft hat am 25. Oktober 2024 offiziell die BIPA-Klasse f<U+00FC>r das Wintersemester 2024 in Wien er<U+00F6>ffnet! <U+0001F1EE><U+0001F1E9><U+2728> Seit 2018 ist dieses Programm eine spannende Zusammenarbeit zwischen der indonesischen Botschaft, der Universit<U+00E4>t Wien und dem indonesischen Kulturministerium. Dieses Semester starten wir parallel zwei Kurse <U+2013> einer an der Botschaft und einer an der Universit<U+00E4>t Wien, mit verschiedenen Niveaustufen. W<U+00E4>hrend der Er<U+00F6>ffnung wurden wir mit Auftritten einiger BIPA-Teilnehmer unterhalten.<U+0001F4DA><U+0001F31F>

Wir freuen uns sehr, neue indonesische Lehrkr<U+00E4>fte, Ibu Adisti Dwiyani und Ibu Yohanna Nirmalasari, die extra aus Jakarta und Malang angereist sind, begr<U+00FC><U+00DF>en zu d<U+00FC>rfen! <U+0001F469><U+200D><U+0001F3EB><U+2708><U+FE0F> Sie bringen den Studierenden die indonesische Sprache, Kultur und Tradition n<U+00E4>her! <U+0001F30F><U+2764><U+FE0F>

Heute feiern wir auch den Tag des Jugendversprechens (Hari Sumpah Pemuda)! <U+0001F38A> Vor 96 Jahren, am 28. Oktober 1928, versammelten sich junge indonesische Nationalisten in Jakarta und legten drei bedeutende Versprechen ab:

1<U+FE0F><U+20E3> Ein Mutterland <U+2013> Die Einheit aller indonesischen Gebiete.
2<U+FE0F><U+20E3> Eine Nation <U+2013> Anerkennung Indonesiens als eine Nation.
3<U+FE0F><U+20E3> Eine Sprache <U+2013> Bahasa Indonesia als gemeinsame Landessprache zur Vereinigung des Volkes.

Selamat Hari Sumpah Pemuda! <U+0001F389><U+0001F30D> Swipe durch die Slides und erlebe, wie unsere BIPA-Teilnehmer ihr Bahasa Indonesia rocken!"
"3489626077170517838","DBtpG2osEdO","https://www.instagram.com/p/DBtpG2osEdO/","2024-10-29 15:32:54",2024,"inainvienna",TRUE,FALSE,"Video","clips","de",42,"A","A2","","max",2,0,1,"rendang; sate","","wahl","","A","A","D",2,2,"#DDD7D3",FALSE,"<U+0001F30F><U+2728> Heute am 29.Oktober 2024 beim Mittagessen des ASEAN Vienna Committee diskutierte die ORF-Journalistin Rosa Lyon @rosa_lyoness mit den Botschaftern <U+00FC>ber die Politik <U+00D6>sterreichs nach der Wahl und weitere strategische Themen. <U+0001F1E6><U+0001F1F9><U+0001F91D> Dazu gab es k<U+00F6>stliche indonesische Gerichte wie Rendang, Sate Ayam und Gado-Gado! <U+0001F35B><U+0001F957> #ASEANVienna #Diplomatie #IndonesischeK<U+00FC>che #Inidiplomasi"
"3490889412038266844","DByIWy6to_c","https://www.instagram.com/p/DByIWy6to_c/","2024-10-31 09:21:08",2024,"inainvienna",TRUE,FALSE,"Sidecar","carousel_container","en",269,"C","C2","","max",0,0,2,"","","human rights","meeting; delegation; United Nations","C","C","D",2,2,"#F3F0EC",FALSE,"Indonesia participated in the Twelfth Session of the Conference of the Parties to the United Nations Convention Against Transnational Organized Crime (COP-12 UNTOC) in Vienna from October 14 to 18, 2024. Ambassador Damos Agusman emphasized <U+0001F1EE><U+0001F1E9> Indonesia<U+2019>s commitment to combating transnational organized crimes and supported the adoption of the UN Convention on Cybercrime <U+0001F310>. The delegation delivered interventions on key topics, including human trafficking and international cooperation, and held bilateral meetings <U+0001F91D> with Australia <U+0001F1E6><U+0001F1FA>, the UAE <U+0001F1E6><U+0001F1EA>, and Vietnam <U+0001F1FB><U+0001F1F3>. They also co-sponsored and participated as keynote speakers <U+0001F3A4> in several side events.

Highlights of the side events:

<U+0001F4A5> ""Disrupting the Nexus: Transnational Organized Crimes and the Financing of Terrorism""
<U+0001F46E> ""Human Rights-Compliant Policing to Prevent Torture and Other Ill-Treatment in the Investigation and Prosecution of Transnational Organized Crimes""
<U+0001F50D> ""Actionable Solutions to Organized Fraud and Human Trafficking in Southeast Asia from a Broad Transnational Crime Perspective""

<U+0001F1E6><U+0001F1F9>Indonesien nahm vom 14.-18. Oktober 2024 an der zw<U+00F6>lften Sitzung der Vertragsparteienkonferenz des UN-<U+00DC>bereinkommens gegen grenz<U+00FC>berschreitende organisierte Kriminalit<U+00E4>t (COP-12 UNTOC) in Wien teil. Botschafter Damos Agusman @damos.agusman betonte Indonesiens Engagement im Kampf gegen organisierte Kriminalit<U+00E4>t und unterst<U+00FC>tzte die Annahme des UN-<U+00DC>bereinkommens zur Bek<U+00E4>mpfung der Cyberkriminalit<U+00E4>t <U+0001F310>. Die indonesische Delegation hielt auch Beitr<U+00E4>ge zu wichtigen Themen wie Menschenhandel und internationaler Zusammenarbeit und f<U+00FC>hrte bilaterale Gespr<U+00E4>che <U+0001F91D> mit Australien <U+0001F1E6><U+0001F1FA>, den Vereinigte Arabische Emirates<U+0001F1E6><U+0001F1EA> und Vietnam <U+0001F1FB><U+0001F1F3>. Indonesien war au<U+00DF>erdem Mitveranstalter und Keynote-Speaker <U+0001F3A4> bei mehreren Side-Events.

Highlights der Side-Events:
<U+0001F4A5> <U+201E>Disrupting the Nexus: Transnational Organized Crimes and the Financing of Terrorism<U+201C>
<U+0001F46E> <U+201E>Human Rights-Compliant Policing to Prevent Torture and Other Ill-Treatment in the Investigation and Prosecution of Transnational Organized Crimes<U+201C>
<U+0001F50D> <U+201E>Actionable Solutions to Organized Fraud and Human Trafficking in Southeast Asia from a Broad Transnational Crime Perspective<U+201C>"
"3491897332045442153","DB1th9ks-xp","https://www.instagram.com/p/DB1th9ks-xp/","2024-11-01 18:43:41",2024,"inainvienna",TRUE,FALSE,"Sidecar","carousel_container","en",178,"C","C3","A","max",2,1,3,"bali","business","policy","OSCE","A","C","C",2,2,"#E4E0DC",FALSE,"<U+0001F1E6><U+0001F1F9> 1/11/2024 Herr A. Alfiano Tamala @alabar_tamala , Stv. Missionschef, betonte beim Launch des OSZE-RSO Policy Brief <U+201E>New Frontiers<U+201C> die Risiken der Technologie f<U+00FC>r den Menschenhandel <U+2013> besonders durch AI (Artificial Intelligence)-gest<U+00FC>tzte Online-Betrugsmaschen krimineller Gruppen. Indonesien bek<U+00E4>mpft den Missbrauch von IKT (Informations- und Kommunikationstechnologie) mit Gesetzen <U+0001F4DC>, Aufkl<U+00E4>rung <U+0001F4E2>, Capacity Building <U+0001F4C8>, opferzentrierten Ans<U+00E4>tzen <U+0001F91D> und regionaler Zusammenarbeit <U+0001F310>. Als Co-Chair des Bali-Prozesses unterst<U+00FC>tzt Indonesien dieses wichtige Engagement.
#BaliProcess #OSZE #Menschenhandel #IniDiplomasi

Mr. A. Alfiano Tamala, Deputy Chief of Mission, highlighted the risks of technology in trafficking, especially AI-driven online scams by organized criminal groups, during the launch of the OSCE<U+2013>RSO Policy Brief: New Frontiers <U+2013> The Use of Generative Artificial Intelligence to Facilitate Trafficking in Persons on Friday (01/11) at Hofburg Ratsaal, Vienna.

He outlined Indonesia<U+2019>s efforts to combat ICT misuse in trafficking through legislation, awareness campaigns, capacity building, a victim-centered approach, and regional law enforcement collaboration.

The policy brief addresses AI's increasing role in trafficking and provides recommendations for governments, businesses, NGOs, and researchers. 

As Co-Chair of the Bali Process, Indonesia supports this initiative to assess both the risks and opportunities of AI in this context.

#BaliProcess #tppo"
"3501312702762349212","DCXKVo3tnKc","https://www.instagram.com/p/DCXKVo3tnKc/","2024-11-14 18:30:21",2024,"inainvienna",TRUE,FALSE,"Sidecar","carousel_container","de",111,"B","B2","","max",1,4,0,"kultur","wirtschaft; unternehmen; wirtschaftskammer","","besuch","B","B","B",2,2,"#2E1D1A",FALSE,"<U+0001F1EE><U+0001F1E9><U+0001F91D><U+0001F1E6><U+0001F1F9> Botschafter Dr. Damos Dumoli Agusman besuchte Graz, Steiermark!

Vom 11. bis 13. November 2024 traf sich der indonesische Botschafter mit wichtigen Partnern in Graz: 
1<U+FE0F><U+20E3> Prof. Elke Kahr, B<U+00FC>rgermeisterin von Graz
2<U+FE0F><U+20E3> Dr. Karl-Heinz Dernoscheg, Direktor der Wirtschaftskammer Steiermark
3<U+FE0F><U+20E3> Prof. Mireille von Poppel, Vizerektorin der Karl-Franzens-Universit<U+00E4>t Graz

Die Themen der Gespr<U+00E4>che: 
<U+0001F539> Wirtschaftliche Zusammenarbeit: Austausch zwischen indonesischen und Grazer Unternehmen
<U+0001F539> Arbeitsmarkt: Umsetzung des MoU zur Entsendung qualifizierter indonesischer Fachkr<U+00E4>fte
<U+0001F539> Wissensaustausch: Best Practices in gr<U+00FC>ner Technologie, Transport, Wohnbau & F&E
<U+0001F539> Kultureller Austausch: Zusammenarbeit zwischen Universit<U+00E4>ten und F<U+00F6>rderung der Beziehungen zwischen Menschen

Der indonesische Botschafter @damos.agusman betonte die Bedeutung der St<U+00E4>rkung der bilateralen Zusammenarbeit zwischen Indonesien und <U+00D6>sterreich durch enge Kontakte nicht nur auf Bundesebene, sondern auch auf Landesebene. <U+0001F30E>"
"3504653565018080266","DCjB9lTtYQK","https://www.instagram.com/p/DCjB9lTtYQK/","2024-11-19 09:08:03",2024,"inainvienna",TRUE,FALSE,"Sidecar","carousel_container","de",110,"A","A2","","max",3,0,0,"kultur","","","besuch","A","A","A",2,2,"#33262E",FALSE,"<U+0001F389> Am 12. November 2024 veranstaltete die Indonesische Botschaft in Wien den <U+201E>Indonesischer Abend<U+201C> in Graz, der zweitgr<U+00F6><U+00DF>ten Stadt <U+00D6>sterreichs.<U+2728> Die Veranstaltung diente dazu, die vielf<U+00E4>ltige Kultur Indonesiens zu einem breiten Publikum n<U+00E4>herzubringen.

Im Rahmen der Feierlichkeiten zum 70-j<U+00E4>hrigen diplomatischen Beziehungen zwischen Indonesien und <U+00D6>sterreich wurde das Event zu einer besonderen Plattform f<U+00FC>r den kulturellen Austausch. <U+0001F941><U+0001F3AD> Mit 137 G<U+00E4>sten aus Regierung, Wissenschaft und einer Vielzahl von Friends of Indonesia bot die Veranstaltung eine hervorragende Gelegenheit, Indonesien als Land mit reicher Tradition und warmherziger Gastfreundschaft vorzustellen. <U+0001F30F><U+2764><U+FE0F>

Die positive Resonanz der Besucher in Graz unterstreicht das Potenzial der Stadt als strategischer Standort, um Indonesien in <U+00D6>sterreich bekannter zu machen und die kulturellen Verbindungen weiter zu st<U+00E4>rken. <U+0001F450><U+2728>

#inidiplomasi"
"3506859152484944096","DCq3dGtMUjg","https://www.instagram.com/p/DCq3dGtMUjg/","2024-11-22 10:11:49",2024,"inainvienna",TRUE,FALSE,"Video","clips","de",58,"D","D6","","R3-residual",0,0,0,"","","","","D","D","D",13,3,"#AD9982",FALSE,"ASEAN Goes to Campus <U+0001F30F><U+0001F4DA>

Am 21. November hielten Vertreter der ASEAN-Missionen in Wien eine Vorlesung an der Webster University zum Thema <U+201E>ASEAN Leadership, Diplomacy and Cooperation in South East Asia<U+201C> <U+0001F33F><U+0001F91D>.

Unter indonesischer Moderation von @ricky.ichsan wurden Themen wie Klimapolitik <U+0001F331>, Konfliktmanagement <U+0001F54A><U+FE0F> und regionale Zukunftsstrategien <U+0001F50D> diskutiert. Laos <U+0001F1F1><U+0001F1E6>, der aktuelle ASEAN-Vorsitz, wurde von den n<U+00E4>chsten Vorsitzstaaten Malaysia <U+0001F1F2><U+0001F1FE> (2025) und den Philippinen <U+0001F1F5><U+0001F1ED> (2026) begleitet."
"3507625823030104623","DCtlxoSslIv","https://www.instagram.com/p/DCtlxoSslIv/","2024-11-23 11:33:24",2024,"inainvienna",TRUE,FALSE,"Image","feed","de",113,"A","A2","","max",7,0,0,"BIPA; bahasa indonesia; musik; kultur; auff<U+00FC>hrung","","","","A","A","A",2,2,"#435294",TRUE,"<U+0001F4C5> Merkt euch den 12. Dezember 2024 vor!
<U+0001F552> Zeit: 17:30<U+2013>20:00
<U+0001F4CD> Indonesische Botschaft in Wien

Erlebt ein kulturelles Highlight mit unseren BIPA-Studenten (Bahasa Indonesia untuk Penutur Asing <U+2013> Indonesisch f<U+00FC>r Fremdsprachige) <U+0001F3AD><U+0001F3B6>. Von traditionellen T<U+00E4>nzen bis hin zu musikalischen Auff<U+00FC>hrungen <U+2013> taucht ein in die Sch<U+00F6>nheit der indonesischen Kultur!

<U+0001F3A5> Bleibt danach f<U+00FC>r die Vorf<U+00FC>hrung von <U+201E>Gesturing Notations<U+201C>, einer 35-min<U+00FC>tigen Dokumentation <U+00FC>ber 44 Jahre Teater Koma und das Verm<U+00E4>chtnis von Nano Riantiarno als Stimme des Volkes und Gewissen der Nation.
<U+0001F4FD> Original Bahasa Indonesia mit englischen Untertiteln
<U+0001F3A4> Mit einer Q&A-Session mit dem Regisseur George Arif!

<U+0001F374> Au<U+00DF>erdem gibt es einen Food Bazaar mit authentischem und erschwinglichem indonesischen Essen.
<U+0001F39F><U+FE0F> Der Eintritt ist kostenlos, aber eine Anmeldung ist erforderlich!
<U+0001F449> Jetzt registrieren: https://kem.lu/ICC_KBRI_Wina

<U+0001F389> Wir freuen uns auf euch!"
"3509926394823132222","DC1w3WvM0Q-","https://www.instagram.com/p/DC1w3WvM0Q-/","2024-11-26 15:44:13",2024,"inainvienna",TRUE,FALSE,"Image","feed","id",42,"D","D3","","R6",0,0,0,"","","persyaratan","WNI; layanan konsuler; konsuler","D","D","D",6,2,"#FDFEFC",FALSE,"KBRI Wina akan kembali mengadakan Warung Konsuler pada:
<U+0001F4C5> 30 November 2024 | <U+23F0> 13.00-16.30
<U+0001F4C5> 1 Desember 2024 | <U+23F0> 10.00-12.00
<U+0001F4CD> Seminarraum Steierhof, Jakominiplatz 12, A-8010 Graz

Bagi WNI yang memiliki izin tinggal Austria dan Slovenia dan berdomisili di sekitar Graz, silakan manfaatkan kesempatan ini untuk mengurus berbagai layanan konsuler. Jangan lewatkan! <U+2728>

<U+0001F4CC> Registrasi & dokumen persyaratan: https://shorturl.at/rRrau"
"3511471276431663167","DC7QIV2smA_","https://www.instagram.com/p/DC7QIV2smA_/","2024-11-28 18:59:09",2024,"inainvienna",TRUE,FALSE,"Video","clips","de",82,"D","D4","","R3-residual",0,0,0,"","","","treffen; IAEA; UNIDO; CTBTO; multilateral","D","D","D",2,2,"#1A1A20",FALSE,"<U+0001F1EE><U+0001F1E9><U+0001F91D><U+0001F1FA><U+0001F1F3>Die Botschaft/St<U+00E4>ndige Vertretung Indonesiens in Wien begleitete den Generaldirektor f<U+00FC>r multilaterale Zusammenarbeit des indonesischen Au<U+00DF>enministeriums bei der IAEA-Ministerkonferenz <U+0001F3DB><U+FE0F> zur Anwendung nuklearer Technologien. Indonesien betonte die Bedeutung des Zugangs zu Nukleartechnologie f<U+00FC>r <U+0001F30D> Energie, <U+0001F3E5> Gesundheit und <U+0001F33E> Ern<U+00E4>hrungssicherheit.

<U+2728> In einem bilateralen Treffen einigten sich Indonesien und UNIDO darauf, die Zusammenarbeit in den Bereichen erneuerbare Energien, Energiewende, St<U+00E4>rkung von KMU und Weiterverarbeitung kritischer Mineralien <U+0001F680> fortzusetzen.

<U+0001F30A> Mit der CTBTO wurde eine verst<U+00E4>rkte Zusammenarbeit im Bereich Monitoring und Verifikation vereinbart, einschlie<U+00DF>lich der Unterst<U+00FC>tzung von Tsunami-Fr<U+00FC>hwarnsystemen. #IndonesischeDiplomatie"
"3511962227977883233","DC8_woHNg5h","https://www.instagram.com/p/DC8_woHNg5h/","2024-11-29 11:09:03",2024,"inainvienna",TRUE,FALSE,"Image","feed","de",99,"A","A1","B","max",6,5,0,"tourism; tourismus","wirtschaft; gesch<U+00E4>ft; unternehmen; wirtschaftskammer","","besuch; treffen","A","A","A",2,2,"#F0F0EE",FALSE,"<U+0001F1EE><U+0001F1E9><U+0001F91D><U+0001F1E6><U+0001F1F9> St<U+00E4>rkere Partnerschaften in Salzburg!

#throwbackfriday vom 6. bis 8. November 2024 besuchte das Team f<U+00FC>r bilaterale und wirtschaftliche Zusammenarbeit der Indonesischen Botschaft in Wien Salzburg, um die Kooperation zwischen Indonesien und <U+00D6>sterreich in den Bereichen Tourismus, Hospitality und Arbeitskr<U+00E4>fteentwicklung voranzutreiben.

<U+0001F4CD> Wichtige Treffen mit:
1<U+FE0F><U+20E3> Mag. Gabriele Tischler <U+2013> Tourismusschule Klessheim
2<U+FE0F><U+20E3> Mrs. Andrea Stiftel <U+2013> Vizepr<U+00E4>sidentin der Wirtschaftskammer Salzburg
3<U+FE0F><U+20E3> Mag. Irene Schulte <U+2013> Gesch<U+00E4>ftsf<U+00FC>hrerin der Industriellenvereinigung Salzburg

Gemeinsam arbeiten wir daran, Kapazit<U+00E4>ten f<U+00FC>r indonesische Fachkr<U+00E4>fte nach <U+00F6>sterreichischen Standards in Schl<U+00FC>sselbranchen wie Hospitality, Gesundheit und IT zu st<U+00E4>rken.

<U+0001F31F> Im Fokus stand die Vertiefung der Zusammenarbeit im Tourismus, insbesondere durch die F<U+00F6>rderung zuk<U+00FC>nftiger B2B-Kontakte zwischen Unternehmen aus Indonesien und <U+00D6>sterreich.

#Indonesien<U+00D6>sterreich #Salzburg #Diplomatie #Tourismus #inidiplomasi #kooperationspartner #B2B"
"3514185538694805294","DDE5SDkt_cu","https://www.instagram.com/p/DDE5SDkt_cu/","2024-12-02 12:46:23",2024,"inainvienna",TRUE,FALSE,"Sidecar","carousel_container","de",138,"A","A2","","max",2,0,0,"kultur","","","treffen; gemeinschaft","A","A","D",2,2,"#F5F5F2",FALSE,"<U+0001F31F> Ein besonderes Adventsfest in Wallern an der Trattnach! <U+0001F31F>

Am 1. Dezember 2024 nahm der indonesische Botschafter @damos.agusman auf Einladung der Evangelischen Kirche Wallern an der Trattnach an der Feier des ersten Adventssonntags teil. <U+0001F384><U+2728>

<U+0001F91D> Ein bedeutungsvolles Treffen mit Superintendenten, Gerold Legner, Superintentialkuratorin Renate Bauinger
2.Landtagspr<U+00E4>sidentin Sabine Binder, B<U+00FC>rgermeister Dominik Richtsteiger

<U+0001F35B> Das Highlight des Tages: Authentische indonesische Gerichte, die viele G<U+00E4>ste zum ersten Mal probierten <U+2013> ein wahres Geschmackserlebnis! <U+0001F60B><U+2764><U+FE0F>

<U+0001F306> Der Abend setzte sich mit einem Treffen mit dem Leiter des Kulturvereins Sch<U+00E4>rding, Herrn Franz Schmid, und dem B<U+00FC>rgermeister von Sch<U+00E4>rding, Herrn Streicher Gunter, fort. Bei einem Konzert teilte Herr Schmid die faszinierende Geschichte Indonesiens mit den Zuh<U+00F6>rern.

<U+0001F54A><U+FE0F> Ein Moment der Dankbarkeit und Freundschaft in der Stadt Wallern, die 2004 die Opfer des Tsunamis in Aceh unterst<U+00FC>tzte.

<U+0001F389> 70 Jahre Freundschaft zwischen Indonesien und <U+00D6>sterreich <U+2013> gefeiert mit Kultur, kulinarischer Diplomatie und Gemeinschaftsgeist. Gemeinsam Br<U+00FC>cken bauen und Traditionen teilen! <U+0001F30F><U+0001F309>

#Adventssonntag #Indonesien<U+00D6>sterreich #KulturelleDiplomatie #KulinarischeDiplomatie #IndonesischeK<U+00FC>che #70JahreFreundschaft #WallernTrattnach #Sch<U+00E4>rding #inidiplomasi"
"3516243180485030761","DDMNIr0szNp","https://www.instagram.com/p/DDMNIr0szNp/","2024-12-05 09:00:15",2024,"inainvienna",TRUE,FALSE,"Video","clips","de",77,"B","B2","","max",0,10,0,"","investment; trade; export; investition; handel; gesch<U+00E4>ft","","","B","B","B",2,2,"#7F675B",FALSE,"<U+0001F30F> Asia Day am 3.12.2024: Eine j<U+00E4>hrliche Flagship-Veranstaltung der WK<U+00D6>, die seit 2023 organisiert wird, um Asien als vielversprechende Region f<U+00FC>r Gesch<U+00E4>ft, Handel und Investitionen vorzustellen.

<U+0001F1EE><U+0001F1E9> Die Indonesische Botschaft in Wien pr<U+00E4>sentierte einen Promotionsstand, unterst<U+00FC>tzt vom Indonesian Investment Promotion Center in London @iipc_london und dem Indonesian Trade Promotion Center in Budapest @itpc_budapest . Die Teilnehmer erhielten wertvolle Einblicke in Investitions- und Exportm<U+00F6>glichkeiten mit Indonesien!

<U+0001F4CA> Fakten:

<U+00D6>sterreichische Investitionen in Indonesien (2023): 102,2 Mio. USD
Indonesische Exporte nach <U+00D6>sterreich (2023): 39,1 Mio. USD
Exporte Januar-September 2024: 14,5 Mio. USD

#AsiaDay2024 #Wirtschaft #Indonesien #InvestierenInAsien #HandelUndInvestition #IndonesiaAustria #inidiplomasi #diplomasiekonomi"
"3520106562313113013","DDZ7kSiMc21","https://www.instagram.com/p/DDZ7kSiMc21/","2024-12-10 16:52:02",2024,"inainvienna",TRUE,FALSE,"Video","clips","id",93,"D","D3","","R3-residual",0,0,0,"","","","WNI; paspor; konsuler","D","D","D",6,2,"#87857A",FALSE,"<U+2728> Warung Konsuler KBRI Wina hadir lebih dekat dengan Anda!<U+2728>

Pada Semester II 2024, kami telah mengunjungi:
<U+0001F4CD> Ljubljana, Slovenia (11-13 Oktober)
<U+0001F4CD> Graz, Austria (30 November - 1 Desember)

<U+0001F4BC> Dengan semangat pelayanan, KBRI Wina memberikan kemudahan untuk:
<U+2705> Pembuatan paspor
<U+2705> Surat keterangan
<U+2705> Pencatatan peristiwa kependudukan
<U+2705> Nomor Induk Tunggal & Kartu Identitas Digital
<U+2705> Konsultasi isu kekonsuleran

<U+0001F496> Kami hadir untuk mendukung WNI dengan motto MOZART <U+0001F3BC>
*M* elayani dengan hati
*O* rientasi hasil
*Z* ona integritas
*A* kuntabel
*R* amah
*T* erpercaya

Kira-kira kota mana lagi yang banyak penduduk WNI-nya dan perlu dikunjungi Warung Konsuler KBRI Wina tahun 2025? <U+0001F1EE><U+0001F1E9> 

<U+0001F4CD>Yuk... WNI di Austria dan Slovenia isi kolom komentar di bawah<U+0001F447><U+0001F3FC>

#MOZART #IniDiplomasi #NegaraMelindungi #WarkonsWina #INAinVienna"
"3520840771982083708","DDcigcktEZ8","https://www.instagram.com/p/DDcigcktEZ8/","2024-12-11 17:09:08",2024,"inainvienna",TRUE,FALSE,"Sidecar","carousel_container","mixed",223,"D","D6","","R3-residual",0,0,0,"","","","","D","D","D",2,2,"#FBFBFA",FALSE,"<U+2728> Eine stolze Nachricht! <U+2728>

Am 11. Dezember 2024 wurde die Indonesische Botschaft in Wien mit dem Titel ""Zone der Integrit<U+00E4>t <U+2013> Korruptionsfreier Bereich"" (ZI-WBK) vom indonesischen Ministerium f<U+00FC>r Verwaltungsreform und B<U+00FC>rokratie ausgezeichnet. Die Auszeichnung wurde vergeben im Rahmen der <U+201E>Ein Jahrzehnt der Zone der Integrit<U+00E4>t 2024<U+201C> Veranstaltung.

Wir sind stolz darauf, eine von nur vier indonesischen Auslandsvertretungen zu sein, die diese Anerkennung in diesem Jahr erhalten haben. <U+0001F64C>

Mit unserem Motto MOZART (Mit Herz dienen, Ergebnisorientierung, Integrit<U+00E4>tszone, Verantwortlichkeit, Freundlichkeit und Vertrauensw<U+00FC>rdigkeit) verpflichtet sich die Botschaft weiterhin zu:
<U+2705> Hochwertigem und exzellentem <U+00F6>ffentlichen Service
<U+2705> Transparenz und Verantwortlichkeit
<U+2705> St<U+00E4>rkung der internen Verwaltung und B<U+00FC>rokratie

Vielen Dank f<U+00FC>r Ihr Vertrauen und Ihre Unterst<U+00FC>tzung. <U+0001F499> Gemeinsam werden wir weiterhin unser Bestes geben, um der Gesellschaft in <U+00D6>sterreich und Slowenien den besten Service zu bieten! <U+0001F31F>

<U+2728> Kabar membanggakan! <U+2728>

Pada 11 Desember 2024, KBRI Wina meraih predikat Zona Integritas Wilayah Bebas Korupsi (ZI-WBK) dari Kementerian PANRB RI di acara <U+201C>Satu Dekade Zona Integritas 2024<U+201D>.

Kami bangga menjadi salah satu dari 4 Perwakilan RI di luar negeri yang mendapatkan predikat tersebut pada tahun ini. <U+0001F64C>

Dengan motto MOZART (Melayani dengan Hati, Orientasi Hasil, Zona Integritas, Akuntabel, Ramah, dan Terpercaya), KBRI Wina terus berkomitmen untuk:
<U+2705> Memberikan pelayanan publik yang prima
<U+2705> Menjunjung akuntabilitas & transparansi
<U+2705> Memperkuat tata kelola & manajemen internal

Terima kasih atas dukungan dan kepercayaan yang telah diberikan. <U+0001F499> Bersama, kami akan terus berkarya dan berupaya untuk memberikan pelayanan terbaik bagi masyarakat Austria dan Slovenia! <U+0001F31F>

#KBRIWina #zonaintegritas #WBK #BirokrasiBersih #IndonesiaDiplomacy"
"3526531607400411374","DDwwdAESfDu","https://www.instagram.com/p/DDwwdAESfDu/","2024-12-19 13:47:04",2024,"abnonjakarta",FALSE,FALSE,"Video","clips","id",46,"D","D6","","R3-residual",1,0,0,"musik","","","","D","A","D",5,2,"#9DBAB6",FALSE,"Dorong ekonomi kreatif Jakarta, dalam kesempatan kali ini Abang None Jakarta berkesempatan untuk menjadi bagian dalam upaya mendukung sektor ekonomi kreatif di bidang fotografi bersama @disparekrafdki @hipdi_indonesia @inainvienna 

Pengalaman berharga lainnya, kami turut menyaksikan putra putri bangsa menampilkan karya musik dalam rangka merayakan 70 tahun hubungan bilateral Indonesia dan Austria!

#abnonjakarta #abangnonejakarta #enjoyjakarta #wonderfulindonesia #IndonesiainVienna #KedubesRIVienna @dkijakarta"
"3530666066237883486","DD_chS6ooRe","https://www.instagram.com/p/DD_chS6ooRe/","2024-12-25 06:30:00",2024,"inainvienna",TRUE,FALSE,"Video","clips","mixed",103,"A","A3","","max",3,0,0,"toleransi; toleranz; interreligi<U+00F6>s","","","masyarakat indonesia; gemeinschaft; natal; selamat; frohe","A","A","A",2,2,"#020101",TRUE,"<U+0001F1E6><U+0001F1F9>:
<U+0001F384><U+2728> Am 21. Dezember 2024 feierte die Indonesische Botschaft in Wien gemeinsam mit der Christlichen Indonesischen Gemeinschaft in <U+00D6>sterreich (KKIA) ein besinnliches und festliches Weihnachtsfest. Die Veranstaltung brachte verschiedene Gruppen der indonesischen Gemeinschaft in <U+00D6>sterreich zusammen und spiegelte Toleranz und interreligi<U+00F6>se Harmonie wider.

Wir, die Familie der Botschaft der Republik Indonesien in Wien, w<U+00FC>nschen allen, die feiern, ein frohes Weihnachtsfest <U+0001F385><U+0001F31F><U+0001F64F><U+0001F3FC>

<U+0001F1EE><U+0001F1E9>:
<U+0001F384><U+2728> Pada tanggal 21 Desember 2024, KBRI Wina bersama dengan Keluarga Kristen Indonesia di Austria (KKIA) merayakan Natal bersama. Acara berlangsung dengan khidmat dan meriah, dihadiri oleh berbagai elemen masyarakat Indonesia di Austria, mencerminkan toleransi dan kerukunan beragama.

Kami segenap keluarga KBRI Wina mengucapkan Selamat Natal bagi yang merayakan <U+0001F385><U+0001F31F><U+0001F64F><U+0001F3FC>"
"3540082427473993617","DEg5jYtMJ-R","https://www.instagram.com/p/DEg5jYtMJ-R/","2025-01-07 06:22:56",2025,"inainvienna",TRUE,FALSE,"Video","clips","mixed",186,"D","D3","","R3-residual",0,0,0,"","","","consular","D","D","D",2,3,"#223960",FALSE,"<U+2728> Staffel<U+00FC>bergabe! Am 6.1.2025 hat Botschafter Damos Agusman @damos.agusman den Vorsitz des ASEAN Vienna Committee (AVC) an <U+0001F1F1><U+0001F1E6> Botschafter Khonepheng Thammavong aus der Demokratischen Volksrepublik Laos <U+00FC>bergeben.

In den vergangenen 6<U+FE0F><U+20E3> Monaten (Juli-Dezember 2024) hat Indonesien den AVC mit Stolz gef<U+00FC>hrt und unvergessliche Veranstaltungen organisiert, darunter:
<U+0001F389> ASEAN Family Day am 27. August 2024
<U+0001F3C3><U+200D><U+2642><U+FE0F> ASEAN Sports Day am 26. September 2024
<U+0001F30F> Konsular-Briefing am 27. September 2024
<U+0001F37D><U+FE0F> Botschafter-Luncheon mit ORF-Journalistin Rosa Lyon am 29. Oktober 2024
<U+0001F393> ASEAN Goes to Campus am 21. November 2024

Viel Erfolg an die Demokratische Volksrepublik Laos f<U+00FC>r ihre Amtszeit von Januar bis Juni 2025! <U+0001F31F> N<U+00E4>chster Stopp: <U+0001F1F2><U+0001F1FE> Malaysia <U+00FC>bernimmt die Leitung in der zweiten Jahresh<U+00E4>lfte 2025. #asean #inidiplomasi 

<U+2728> Passing the gavel! On 6.1.2025 
Ambassador Damos Agusman handed over the chairmanship of the ASEAN Vienna Committee (AVC) to <U+0001F1F1><U+0001F1E6> Ambassador Khonepheng Thammavong of Lao PDR.

Over the past 6<U+FE0F><U+20E3> months (July-December 2024), Indonesia has proudly led the AVC, organizing memorable events like:
<U+0001F389> ASEAN Family Day on 27 August 2024
<U+0001F3C3><U+200D><U+2642><U+FE0F> ASEAN Sports Day on 26 September 2024
<U+0001F30F> Consular Briefing on 27 September 2024
<U+0001F37D><U+FE0F> Ambassador<U+2019>s Luncheon with ORF<U+2019>s Rosa Lyon on 29 October 2024
<U+0001F393> ASEAN Goes to Campus 21 November 2024

Best of luck to Lao PDR as they take the lead from January-June 2025! <U+0001F31F> Next stop: <U+0001F1F2><U+0001F1FE> Malaysia will lead the second half of the year 2025."
"3544539353591141836","DEwu8MnMVXM","https://www.instagram.com/p/DEwu8MnMVXM/","2025-01-13 09:53:59",2025,"inainvienna",TRUE,FALSE,"Image","feed","mixed",110,"D","D5","","R3-residual",0,0,0,"","","","duka cita","D","D","D",2,2,"#F8FCFE",FALSE,"<U+0001F1E6><U+0001F1F9>:Mit gro<U+00DF>er Trauer nehmen wir Abschied von Prof. Dr. Hasjim Djalal. Indonesien hat einen herausragenden Staatsmann verloren, der sich unerm<U+00FC>dlich f<U+00FC>r die internationale Anerkennung Indonesiens als Archipelstaat eingesetzt hat. Sein Beitrag zur Nation wird unvergessen bleiben. M<U+00F6>ge er in Frieden ruhen und seine Familie in dieser schweren Zeit Trost finden.

<U+0001F1EE><U+0001F1E9>: Keluarga besar KBRI/PTRI Wina menyampaikan rasa duka cita yang mendalam atas berpulangnya Prof. Dr. Hasjim Djalal. Almarhum adalah tokoh bangsa yang telah berjasa besar bagi Indonesia, khususnya dalam melahirkan konsep negara nusantara dan memperjuangkan pengakuan internasional atas status Indonesia sebagai negara kepulauan. Semoga almarhum mendapat tempat terbaik di sisi Allah SWT, dan keluarga yang ditinggalkan diberi ketabahan serta kekuatan."
"3567189144309388261","DGBM6CBMNPl","https://www.instagram.com/p/DGBM6CBMNPl/","2025-02-13 15:55:05",2025,"inainvienna",TRUE,FALSE,"Sidecar","carousel_container","mixed",86,"D","D5","","R3-residual",0,0,0,"","","","selamat","D","D","D",2,2,"#E8E8E7",FALSE,"<U+0001F1EE><U+0001F1E9> KBRI/PTRI Wina mengucapkan selamat <U+0001F389> atas penunjukan Bpk. Harditya Suryawanto sebagai Kepala Pusat Kebijakan Strategi dan Tata Kelola Kesehatan, Kementerian Kesehatan Republik Indonesia.

<U+2728> Semoga sukses dalam mengemban tugas baru ini sehingga dapat memberikan kontribusi terbaik bagi kemajuan sektor kesehatan Indonesia! <U+0001F3E5><U+0001F4AA>

<U+0001F1E6><U+0001F1F9> Die Botschaft/St<U+00E4>ndige Vertretung der Republik Indonesien in Wien gratuliert <U+0001F389> Herrn Harditya Suryawanto zu seiner Ernennung als Leiter des Zentrums f<U+00FC>r Strategische Politik und Globales Gesundheitsmanagement im Gesundheitsministerium der Republik Indonesien.

<U+2728> Viel Erfolg in der neuen Position und weiterhin viel Engagement f<U+00FC>r den Fortschritt des Gesundheitssektors! <U+0001F3E5><U+0001F4AA>"
"3568531800014284296","DGF-MPliWYI","https://www.instagram.com/p/DGF-MPliWYI/","2025-02-15 12:22:42",2025,"ppiaustria",FALSE,FALSE,"Sidecar","carousel_container","id",44,"D","D2","","R3-residual",0,0,0,"","","","PPI","D","D","D",5,2,"#EBE0DE",FALSE,"Halo Sobat PPI Austria! <U+0001F44B><U+0001F3FB>

Berikut dokumentasi dari rangkaian acara 

Webinar: Beasiswa Studi di Austria <U+0001F1E6><U+0001F1F9>

yang diselenggarakan pada 1 Februari 2025 lalu.
Acara ini juga dihadiri oleh Duta Besar Indonesia untuk Austria yaitu Bapak Damos Dumoli Agusman

Terima kasih kepada teman-teman yang sudah hadir dan berpartisipasi! <U+0001F393><U+2728>

#PPIAustria #BersamaBerdigdaya"
"3571513749980983812","DGQkNU6CjIE","https://www.instagram.com/p/DGQkNU6CjIE/","2025-02-19 15:07:18",2025,"ppiaustria",FALSE,FALSE,"Image","feed","id",61,"D","D2","","R3-residual",0,0,0,"","","","courtesy call; bertemu; PPI; WNI","D","D","D",5,2,"#E6E6DA",FALSE,"Hi Sobat PPI Austria <U+0001F44B><U+0001F3FB>

Pengurus PPI Austria 2025  menghadiri Courtesy Call dengan Kedutaan Besar Indonesia beberapa waktu lalu di kantor Kedutaan Besar Indonesia (KBRI) untuk Austria <U+0001F1EE><U+0001F1E9> <U+0001F1E6><U+0001F1F9>. 

Para pengurus PPI Austria bertemu langsung dengan Dubes RI serta jajarannya dengan tujuan bersilaturahmi dan menjalin kerjasama antara PPI Austria dan KBRI untuk mencipatakan program yang bermanfaat bagi seluruh WNI yang ada atau berkunjung ke Austria. 

 #PPIAustria2025 #BersamaBerdigdaya"""
"3573025794604200001","DGV8AeMsPBB","https://www.instagram.com/p/DGV8AeMsPBB/","2025-02-21 17:11:28",2025,"inainvienna",TRUE,FALSE,"Image","feed","de",49,"A","A2","","max",3,0,0,"bahasa indonesia; kultur","","","","A","A","A",2,2,"#F8F9F8",FALSE,"<U+0001F1E6><U+0001F1F9><U+0001F1EE><U+0001F1E9> Lerne Bahasa Indonesia <U+2013> online & kostenlos! <U+0001F30D><U+2728>

Entdecke eine neue Sprache und tauche in die faszinierende Kultur Indonesiens ein!

<U+0001F4C5> Kurs startet am 3. M<U+00E4>rz 2025
<U+0001F4CD> Lerne von M<U+00E4>rz bis Juni 2025
<U+0001F469><U+200D><U+0001F3EB> Profitiere von top-qualifizierten Lehrkr<U+00E4>ften
<U+0001F193> Nimm kostenlos teil <U+2013> f<U+00FC>r alle Altersgruppen
<U+0001F4D6> Starte ohne Vorkenntnisse

Melde dich jetzt an und erlebe Sprache & Kultur hautnah! <U+27A1><U+FE0F> https://bit.ly/BIPASummerKBRIVienna2025

#BahasaIndonesia #Sprachkurs #OnlineLernen #Kostenlos #Indonesien #BIPA"
"3575837749698285117","DGf7XzdMs49","https://www.instagram.com/p/DGf7XzdMs49/","2025-02-25 14:18:19",2025,"inainvienna",TRUE,FALSE,"Sidecar","carousel_container","mixed",161,"A","A2","","max",9,0,0,"budaya; culture; kultur; keberagaman; vielfalt","","","","A","A","A",2,3,"#E7E3D8",FALSE,"<U+0001F1E6><U+0001F1F9>Die Indonesische Botschaft in Wien nahm an den ASEAN Culture Day 2025 teil! <U+0001F389> Von Januar bis Juni 2025 hat Laos die Pr<U+00E4>sidentschaft der ASEAN Vienna Committee und organisierte als erste Initiative gemeinsam mit Society Magazine den ASEAN Culture Day am 24. Februar 2025 im Grand Hotel Wien.
Eine wunderbare Gelegenheit, die Vielfalt und Gemeinsamkeiten der ASEAN-Mitgliedstaaten zu pr<U+00E4>sentieren <U+2013> mit k<U+00F6>stlichen traditionellen Gerichten und beeindruckenden Darbietungen.
Indonesien zeigte ein Kulturvideo und servierte Rujak Pengantin sowie Lapis Beras zum Abendessen.<U+2728>

<U+0001F1EE><U+0001F1E9>KBRI Wina berpartisipasi dalam ASEAN Culture Day 2025! <U+0001F389> Dari Januari hingga Juni 2025, Laos memegang keketuaan ASEAN Vienna Committee dan sebagai inisiatif pertama, bekerja sama dengan Society Magazine untuk menyelenggarakan ASEAN Culture Day pada 24 Februari 2025 di Grand Hotel Wien. Acara ini merupakan kesempatan yang luar biasa untuk menampilkan keberagaman sekaligus kesamaan budaya di antara negara-negara anggota ASEAN<U+2014>dengan hidangan tradisional yang lezat dan pertunjukan yang memukau. Indonesia menampilkan Video Budaya serta menyajikan Rujak Pengantin dan Lapis Beras saat makan malam. <U+2728>

<U+00A9><U+FE0F><U+0001F4F8>: Society Magazine/Karakan & KBRI Wina/Wingko Silaen"
"3581857927208780805","DG1UM6rMkQF","https://www.instagram.com/p/DG1UM6rMkQF/","2025-03-05 21:39:20",2025,"inainvienna",TRUE,FALSE,"Sidecar","carousel_container","de",83,"D","D6","","R3-residual",1,0,0,"kultur","","","","D","A","D",2,2,"#B3483A",FALSE,"Anl<U+00E4>sslich des Jahrestages der Kr<U+00F6>nung von Sri Sultan Hamengku Buwono X veranstaltet der Sultanspalast von Yogyakarta das Internationale Symposium zur Javanischen Kultur 2025 unter dem Thema Apparatus at the Sultanate of Yogyakarta.

Renommierte Referenten aus dem In- und Ausland werden Forschungsergebnisse pr<U+00E4>sentieren, die auf alten Manuskripten und weiteren literarischen Quellen zum Sultanspalast Yogyakarta basieren

<U+0001F4C5> Datum: Samstag<U+2013>Sonntag, 12.<U+2013>13. April 2025
<U+23F0> Uhrzeit: 09:00 Uhr WIB <U+2013> open end
<U+0001F4CD> Ort: The Kasultanan Ballroom, Hotel Royal Ambarrukmo, Yogyakarta (Hybrid)

Weitere Informationen finden Sie auf https://symposium.kratonjogja.id/. F<U+00FC>r R<U+00FC>ckfragen bitte wenden Sie sich an symposium@kratonjogja.id #kratonjogja"
"3583055657784473389","DG5kiMMsnct","https://www.instagram.com/p/DG5kiMMsnct/","2025-03-07 13:22:03",2025,"inainvienna",TRUE,FALSE,"Video","clips","de",107,"D","D6","","R3-residual",0,0,0,"","","","","D","D","D",2,2,"#191818",FALSE,"<U+0001F1E6><U+0001F1F9> Stolz! <U+0001F389> Forum Komunikasi Difabel Boyolali (FKDB) gewinnt den Zero Project Award 2025 in Wien! <U+0001F3C6><U+0001F30D><U+0001F389> Diese Auszeichnung w<U+00FC>rdigt au<U+00DF>ergew<U+00F6>hnliche Innovationen bei der Schaffung inklusiver Arbeitsm<U+00F6>glichkeiten f<U+00FC>r Menschen mit Behinderungen durch das Kresna Patra-Programm. <U+0001F4AA><U+2728> @kresnapatra 

Indonesien setzt sich aktiv f<U+00FC>r die Umsetzung der UN-Behindertenrechtskonvention (UN CRPD) ein, indem es Initiativen zur F<U+00F6>rderung von Barrierefreiheit und Inklusion unterst<U+00FC>tzt. FKDB wurde als eine der 45 weltweit besten Innovationen ausgezeichnet! <U+0001F30F>

Der Preis wurde symbolisch von Indonesiens Botschafter in <U+00D6>sterreich und Slowenien, @damos.agusman bei der Zero Project Conference 2025 im UN-B<U+00FC>ro Wien entgegengenommen. @zeroprojectorg 

Mit der richtigen Innovation und Unterst<U+00FC>tzung sind Menschen mit Behinderungen nicht nur Empf<U+00E4>nger, sondern aktive Gestalter unserer Gesellschaft! <U+267F><U+0001F499> Gemeinsam f<U+00FC>r mehr Inklusion!#inidiplomasi"
"3588029810932307383","DHLPhpUIdW3","https://www.instagram.com/p/DHLPhpUIdW3/","2025-03-14 10:01:46",2025,"inainvienna",TRUE,FALSE,"Sidecar","carousel_container","mixed",89,"D","D4","","R3-residual",1,1,0,"visit","opportunity","","meeting; treffen; CTBTO","D","B","D",2,3,"#FDFDFD",FALSE,"<U+0001F91D> S.E. Botschafter Damos Dumoli Agusman @damos.agusman nahm am 12. M<U+00E4>rz 2025 an einem Treffen zwischen dem ASEAN Vienna Committee (AVC) und dem Exekutivsekret<U+00E4>r der CTBTO teil, um die Fortschritte der Zusammenarbeit zwischen ASEAN und CTBTO zu besprechen. <U+0001F30D><U+0001F52C> Zudem hatte das AVC die Gelegenheit, die Einrichtungen und Komponenten der CTBTO zu besichtigen. <U+0001F3E2><U+0001F50E> #ASEAN #CTBTO #Diplomatie

<U+0001F91D> H.E. Ambassador Damos Dumoli Agusman participated in a meeting between the ASEAN Vienna Committee (AVC) and the Executive Secretary of CTBTO on March 12, 2025, to discuss the progress of cooperation between ASEAN and CTBTO. <U+0001F30D><U+0001F52C> AVC also had the opportunity to visit CTBTO<U+2019>s facilities and components. <U+0001F3E2><U+0001F50E> #ASEAN #CTBTO #Diplomacy"
"3590082792759836500","DHSiUdosT9U","https://www.instagram.com/p/DHSiUdosT9U/","2025-03-17 06:00:00",2025,"inainvienna",TRUE,FALSE,"Sidecar","carousel_container","mixed",185,"A","A1","B","max",6,4,0,"pariwisata; tourism; tourismus; budaya; kultur; interreligi<U+00F6>s","investasi; perdagangan; investition; handel","","pertemuan","A","A","A",2,2,"#F7F7F5",FALSE,"<U+0001F1E6><U+0001F1F9>: Beim 6. Bilateralen Konsultationsforum (BKF) in Jakarta am 3. M<U+00E4>rz 2025 in Jakarta bekr<U+00E4>ftigten Indonesien und <U+00D6>sterreich ihr Engagement f<U+00FC>r eine st<U+00E4>rkere Zusammenarbeit. <U+0001F91D> Die Gespr<U+00E4>che unter der Leitung von Herrn Widya Sadnovic, Direktor bei Eropa 1 der indonesischen Aussenministerium und Botschafterin Bita Rasoulian, Direktorin der Asia-Pasifik an der BMEIA konzentrierten sich auf Handel, Investitionen, Bildung, Tourismus und erneuerbare Energien.

Beide L<U+00E4>nder betonten zudem die Bedeutung des Kulturaustauschs und des interreligi<U+00F6>sen Dialogs f<U+00FC>r eine offene und friedliche Gesellschaft. <U+0001F1EE><U+0001F1E9><U+0001F1E6><U+0001F1F9> Mit einer gemeinsamen globalen Vision engagieren sich Indonesien und <U+00D6>sterreich f<U+00FC>r Stabilit<U+00E4>t und den Weltfrieden. <U+0001F30D><U+2728> #Indonesien #zusammenarbeit 

<U+0001F1EE><U+0001F1E9>: Pada Forum Konsultasi Bilateral (FKB) ke-6 di Jakarta pada 3 Maret 2025 di Jakarta, Indonesia dan Austria menegaskan komitmen untuk memperkuat hubungan kerja sama. <U+0001F91D>Pertemuan yang dipimpin oleh Bapak Widya Sadnovic, Direktur Eropa 1 Kementerian Luar Negeri RI dan Duta Besar Bita Rasoulian, Direktur Asia-Pasifik Kementerian Federal untuk Eropa dan Urusan Internasional, membahas kerja sama di bidang perdagangan, investasi, pendidikan, pariwisata, dan energi terbarukan.

Kedua negara juga menekankan pentingnya pertukaran budaya dan dialog antaragama untuk menciptakan masyarakat yang lebih terbuka dan damai. <U+0001F1EE><U+0001F1E9><U+0001F1E6><U+0001F1F9>Indonesia dan Austria memiliki banyak kesamaan dalam visi global dan berkomitmen untuk stabilitas serta perdamaian dunia. <U+0001F30D><U+2728>#inidiplomasi #IndonesiaAustria #kerjasama"
"3590807447569181160","DHVHFlBMCno","https://www.instagram.com/p/DHVHFlBMCno/","2025-03-18 06:00:00",2025,"inainvienna",TRUE,FALSE,"Sidecar","carousel_container","mixed",194,"D","D4","","R3-residual",0,0,0,"","","keamanan; keselamatan; sicherheit; sicher","IAEA; sidang","C","D","D",2,2,"#8A7A64",FALSE,"<U+0001F1E6><U+0001F1F9> Indonesien ruft im Namen von 34 L<U+00E4>ndern w<U+00E4>hrend der IAEA-BoG-Sitzung zur Unterst<U+00FC>tzung Pal<U+00E4>stinas auf <U+269B><U+FE0F><U+0001F30D>

Bei der IAEA-BoG-Sitzung (3.<U+2013>7. M<U+00E4>rz 2025) sprach sich der indonesische Botschafter im Namen von 34 L<U+00E4>ndern f<U+00FC>r die Unterst<U+00FC>tzung Pal<U+00E4>stinas <U+0001F1F5><U+0001F1F8> aus und forderte die IAEA auf, insbesondere in den Bereichen Nuklearmedizin und Capacity Building Hilfe zu leisten.

Indonesien <U+00E4>u<U+00DF>erte zudem seine Besorgnis <U+00FC>ber das iranische Nuklearprogramm <U+0001F1EE><U+0001F1F7> und forderte mehr Transparenz sowie eine verst<U+00E4>rkte Zusammenarbeit Irans mit der IAEA zur Erf<U+00FC>llung seiner Safeguard-Verpflichtungen gem<U+00E4><U+00DF> dem NPT.

In Bezug auf die Ukraine <U+0001F1FA><U+0001F1E6> betonte Indonesien seine Besorgnis und unterst<U+00FC>tzte die IAEA bei ihrem Mandat zur Gew<U+00E4>hrleistung der nuklearen Sicherheit, Sicherung und Einhaltung der Safeguard-Bestimmungen in dem Land. <U+269B><U+FE0F><U+2728>

<U+0001F1EE><U+0001F1E9>Indonesia atas nama 34 negara, serukan Dukungan untuk Palestina di Sidang BoG IAEA <U+269B><U+FE0F><U+0001F30D>

Pada Sidang BOG IAEA (3-7 Maret 2025), Duta Besar Indonesia mewakili 34 negara menyampaikan dukungan untuk Palestina <U+0001F1F5><U+0001F1F8> dan mendorong IAEA memberikan bantuan, khususnya di bidang nuclear medicine dan capacity building.

Indonesia juga menyatakan keprihatinan terhadap program nuklir Iran <U+0001F1EE><U+0001F1F7> dan mendorong transparansi serta kerja sama Iran dengan IAEA untuk memenuhi kewajiban safeguard sesuai NPT.

Terkait Ukraina <U+0001F1FA><U+0001F1E6>, Indonesia menegaskan keprihatinannya dan mendukung IAEA dalam menjalankan mandatnya untuk memastikan keselamatan, keamanan, dan kepatuhan safeguard nuklir di negara tersebut. <U+269B><U+FE0F><U+2728>"
"3591757446360983896","DHYfF4VtelY","https://www.instagram.com/p/DHYfF4VtelY/","2025-03-19 13:27:55",2025,"info_wapena",FALSE,FALSE,"Image","feed","id",89,"D","D6","","R3-residual",0,0,0,"","","","","D","D","D",15,2,"#F5F6F6",FALSE,"<U+0001F54C> Assalamu<U+2019>alaikum warahmatullahi wabarakatuh <U+0001F31F>

<U+0001F4E3> Berikut ini kami sampaikan informasi mengenai kajian Wapena bersama KBRI ,yang akan dilanjutkan dengan buka puasa bersama dan sholat Tarawih.

<U+0001F399> Tema: Moderasi Islam dari Perspektif Indonesia
<U+0001F464> Pemateri: Ustadz Dr. Abas Mansur Tamam, LC., MA (HI)
<U+0001F4C5> Waktu: Sabtu, 22 Maret 2025
<U+23F0> Pukul: 17.15 CET - selesai / 23.00 WIB - selesai

Mengingat keterbatasan tempat, mohon isi link  pendaftaran berikut: https://bit.ly/IftarKBRI25

<U+0001F4CD> Lokasi: KBRI Wina (Gustav-Tschermakgasse 5-7 1180 Wina)

<U+0001F517> Link zoom: bit.ly/ramadanwapena25

<U+0001F4FA> Kajian juga dapat disaksikan melalui kanal YouTube @wapenaonline.

<U+0001F4A1> Semoga kajian ini memberi manfaat dan meningkatkan keimanan kita selama berpuasa di bulan suci Ramadan. <U+0001F64F><U+0001F3FB><U+2728>

Wassalamu<U+2019>alaikum warahmatullahi<U+00A0>wabarakatuh"
"3592363400739555687","DHao3rVMgln","https://www.instagram.com/p/DHao3rVMgln/","2025-03-20 09:35:19",2025,"inainvienna",TRUE,FALSE,"Video","clips","mixed",156,"D","D6","","R3-residual",0,0,0,"","","","","D","D","D",2,2,"#030202",FALSE,"Die Geschichte hinter der Indonesischen Botschaft in Wien <U+0001F3DB><U+FE0F><U+0001F1EE><U+0001F1E9><U+0001F1E6><U+0001F1F9>

Wusstest du schon? Das Geb<U+00E4>ude, in dem sich heute die Indonesische Botschaft in Wien befindet, hat eine spannende Geschichte! Erbaut im Jahr 1893, war es einst die Residenz von Peter Alexander, einem der beliebtesten Entertainer <U+00D6>sterreichs. Heute steht diese elegante Villa als Symbol der indonesisch-<U+00F6>sterreichischen Beziehungen.

Dieser Einblick ist nur ein kleiner Teil der faszinierenden ORF-Dokumentation <U+00FC>ber das historische Cottageviertel in Wien. Schau dir die ganze Geschichte an <U+2013> den Link findest du hier: https://on.orf.at/video/14267798/erbe-oesterreich-das-wiener-cottage-lebensgefuehl-vorstadtvilla <U+0001F3A5><U+2728>

Kisah di Balik Kedutaan Besar Indonesia di Wina <U+0001F3DB><U+FE0F><U+0001F1EE><U+0001F1E9><U+0001F1E6><U+0001F1F9>

Tahukah Anda? Gedung yang kini menjadi Kedutaan Besar Indonesia di Wina memiliki sejarah yang menarik! Dibangun pada tahun 1893, bangunan ini dulu merupakan kediaman Peter Alexander, salah satu entertainer paling terkenal di Austria. Kini, vila elegan ini menjadi simbol hubungan Indonesia-Austria.

Cuplikan ini hanyalah sekilas dari dokumenter ORF yang mengangkat sejarah kawasan Cottageviertel di Wina. Jangan lewatkan kisah lengkapnya <U+2013> tonton videonya di tautan berikut ini: https://on.orf.at/video/14267798/erbe-oesterreich-das-wiener-cottage-lebensgefuehl-vorstadtvilla<U+0001F3A5><U+2728>

<U+00A9><U+FE0F>ORF, 2025"
"3595551568670410155","DHl9xoGMsWr","https://www.instagram.com/p/DHl9xoGMsWr/","2025-03-24 19:06:09",2025,"inainvienna",TRUE,FALSE,"Sidecar","carousel_container","id",63,"D","D6","","R3-residual",0,0,0,"","","","","D","D","D",15,2,"#FFFEFE",FALSE,"<U+0001F508>Pengumuman: Idul Fitri Tenang & Khidmat di Hari Minggu <U+0001F514>

Sholat Idul Fitri 1446H dan Open House KBRI/PTRI Wina akan diselenggarakan pada:
<U+0001F5D3><U+FE0F> Minggu, 30 Maret 2025
<U+0001F557> pkl 08.00 CEST (Registrasi dibuka pkl 07.00)
<U+0001F4CD>KBRI Wina, Gustav Tschermakgasse 5-7 1180, Wina - Austria

Untuk menghadiri Sholat Idul Fitri dan Open House KBRI/PTRI Wina, mohon kiranya melakukan registrasi melalui tautan berikut https://kem.lu/EID2025_Wina serta baca ketentuan di slide 2 & 3.

Salam hangat, 
Panitia Idul Fitri 1446H KBRI Wina"
"3598088176422536694","DHu-iIKMsX2","https://www.instagram.com/p/DHu-iIKMsX2/","2025-03-28 07:05:00",2025,"inainvienna",TRUE,FALSE,"Video","clips","mixed",45,"D","D5","","R3-residual",0,0,0,"","","","idulfitri; selamat","D","D","D",10,2,"#D8CFBB",FALSE,"<U+0001F1E6><U+0001F1F9>Iftar am 22. M<U+00E4>rz 2025 <U+2728><U+0001F319>
In den letzten Tagen des Ramadan <U+2013> m<U+00F6>ge jede religi<U+00F6>se Praxis Segen bringen. <U+0001F54C><U+0001F932>
Die Indonesische Botschaft/St<U+00E4>ndige Vertretung in Wien w<U+00FC>nscht ein gesegnetes Eid! <U+0001F33F><U+0001F338>

<U+0001F1EE><U+0001F1E9> Iftar pada 22 Maret 2025 <U+2728><U+0001F319>
Di hari-hari terakhir Ramadhan, semoga ibadah kita membawa berkah. <U+0001F54C><U+0001F932>
KBRI/PTRI Wina mengucapkan Selamat Idulfitri! <U+0001F33F><U+0001F338>"
"3612243568568131309","DIhRGMasV7t","https://www.instagram.com/p/DIhRGMasV7t/","2025-04-16 19:50:11",2025,"inainvienna",TRUE,FALSE,"Sidecar","carousel_container","de",37,"D","D5","","R3-residual",0,0,0,"","","","idulfitri","D","D","D",2,2,"#FDFCF8",FALSE,"<U+0001F1E6><U+0001F1F9><U+2728> Ein besinnlicher Ramadan und ein festliches Idulfitri!
Am Sonntag, dem 30. M<U+00E4>rz, feierten wir gemeinsam das Zuckerfest und unser Open House in der indonesischen Botschaft <U+2013> voller Freude, Respekt und gegenseitiger Vergebung. Ein besonderes Wochenende der Zusammenkunft und Harmonie! #Idulfitri #OpenHouse #Gemeinschaft #Ramadan2025"
"3612774408372892241","DIjJy7gsDJR","https://www.instagram.com/p/DIjJy7gsDJR/","2025-04-17 13:29:01",2025,"inainvienna",TRUE,FALSE,"Video","clips","mixed",170,"D","D4","","R3-residual",0,0,0,"","","","penandatanganan; CTBTO","D","D","D",2,2,"#BDB4AD",FALSE,"<U+0001F1E6><U+0001F1F9><U+0001F4E3>CTBTO unterzeichnet erstes Facility Agreement seit 2017, Indonesien wird 50. Gaststaat 

<U+0001F4C5> Am 16. April 2025 unterzeichnete der Exekutivsekret<U+00E4>r der CTBTO (Comprehensive Nuclear-Test-Ban Treaty Organization) in Anwesenheit des indonesischen Botschafters in Wien @damos.agusman ein Facility Agreement (FA) f<U+00FC>r eine internationale nukleare <U+00DC>berwachungsanlage (IMS) in Indonesien <U+0001F4E1> #

<U+0001F30D> Wo befinden sich die IMS-Standorte in Indonesien? 
<U+0001F4CD> Lembang 
<U+0001F4CD> Jayapura 
<U+0001F4CD> Sorong 
<U+0001F4CD> Parapat 
<U+0001F4CD> Kappang 
<U+0001F4CD> East Baumata 

89 L<U+00E4>nder sind Gastgeber von IMS-Einrichtungen. Mit dieser Unterzeichnung ist Indonesien offiziell das 5<U+FE0F><U+20E3>0<U+FE0F><U+20E3>-Land mit einem aktiven FA - und ein wichtiger Teil des globalen <U+00DC>berwachungssystems f<U+00FC>r eine atomtestfreie Welt <U+262E><U+FE0F><U+0001F310>

<U+0001F1EE><U+0001F1E9><U+0001F4E3>CTBTO Teken Facility Agreement Pertama Sejak 2017, Indonesia Jadi Negara ke-50

<U+0001F4C5> Pada 16 April 2025, disaksikan langsung oleh Dubes RI di Wina, Executive Secretary CTBTO (Comprehensive Nuclear-Test-Ban Treaty Organization) menandatangani Facility Agreement (FA) untuk fasilitas pemantauan nuklir internasional (IMS) di Indonesia <U+0001F4E1>

<U+0001F30D> Di mana saja lokasi IMS Indonesia? 
<U+0001F4CD> Lembang
<U+0001F4CD> Jayapura
<U+0001F4CD> Sorong
<U+0001F4CD> Parapat
<U+0001F4CD> Kappang
<U+0001F4CD> Baumata Timur

89 negara menjadi host bagi fasilitas IMS. Dengan penandatanganan ini, Indonesia resmi jadi negara ke-5<U+FE0F><U+20E3>0<U+FE0F><U+20E3> yang punya FA aktif<U+2014>dan jadi bagian penting dari sistem pemantauan global untuk dunia bebas uji coba nuklir <U+262E><U+FE0F><U+0001F310> #inidiplomasi #kbriwina #ptriwina #permanentmission #nuclear #CTBTO"
"3618621853547916821","DI37WdNMG4V","https://www.instagram.com/p/DI37WdNMG4V/","2025-04-25 15:02:42",2025,"inainvienna",TRUE,FALSE,"Sidecar","carousel_container","mixed",149,"D","D5","","R3-residual",1,0,0,"warisan","","","duka cita; belasungkawa; beileid","D","A","D",2,2,"#7E5B3E",FALSE,"<U+0001F1E6><U+0001F1F9>: Der indonesische Botschafter @damos.agusman hat am 24. April 2025 das Kondolenzbuch in der Apostolischen Nuntiatur in <U+00D6>sterreich, Wien, als Zeichen des Respekts f<U+00FC>r den Tod von Papst Franziskus ausgef<U+00FC>llt.<U+0001F54A><U+FE0F>

Im Namen der indonesischen Regierung und des indonesischen Volkes spricht dem Vertreter des Vatikans in <U+00D6>sterreich sein Beileid und Mitgef<U+00FC>hl aus.

Als ein Leitfigur, der sich treu f<U+00FC>r die Werte der Menschlichkeit, der Gerechtigkeit und der Gleichheit eingesetzt hat, hinterl<U+00E4>sst Papst Franziskus der gesamten Menschheit ein Verm<U+00E4>chtnis wertvoller Werte f<U+00FC>r eine gerechtere und w<U+00FC>rdigere Welt.

<U+0001F1EE><U+0001F1E9>: Duta Besar/Watap RI tanggal 24 April 2025 mengisi Buku Duka Cita di Apostolic Nunciature of the Holy See to Austria, Wina, sebagai bentuk penghormatan atas wafatnya Paus Fransiskus. <U+0001F54A><U+FE0F>

Atas nama Pemerintah dan rakyat Indonesia, disampaikan belasungkawa dan simpati kepada Perwakilan Vatikan di Austria.

Sebagai pemimpin yang setia memperjuangkan nilai kemanusiaan, keadilan, dan kesetaraan, Paus Fransiskus meninggalkan warisan berharga bagi seluruh umat manusia demi dunia yang lebih adil dan bermartabat."
"3633808070409451539","DJt4S_ys_gT","https://www.instagram.com/p/DJt4S_ys_gT/","2025-05-16 13:58:42",2025,"inainvienna",TRUE,FALSE,"Video","clips","de",139,"A","A1","","max",3,1,0,"pariwisata; tourism; tourismus","wirtschaft","","besuch","A","A","A",2,2,"#09060A",FALSE,"<U+0001F1EE><U+0001F1E9><U+0001F91D><U+0001F1E6><U+0001F1F9> Zur F<U+00F6>rderung der Umsetzung des Arbeitskr<U+00E4>fte-MoU zwischen Indonesien und <U+00D6>sterreich veranstaltete die Indonesische Botschaft in Wien am 15. Mai 2025 eine Informationssitzung gemeinsam mit dem Bundesministerium f<U+00FC>r Wirtschaft, Energie und Tourismus (BMWET), um die Entsendung qualifizierter und professioneller Arbeitskr<U+00E4>fte nach <U+00D6>sterreich zu unterst<U+00FC>tzen.

Das Webinar wurde von <U+00FC>ber 100 Teilnehmer:innen besucht, darunter Vertreter:innen des indonesischen Au<U+00DF>enministeriums (@kemlu_ri), der Nationalen Agentur zum Schutz von Migrant-innen (@ditjenpelindungankp2mi_) sowie Arbeitsvermittlungsverb<U+00E4>nde (@apjati.id , ASPATAKI, PERPEMINDO @perpemindo).

<U+00D6>sterreich hat Indonesien als eines der Schwerpunktl<U+00E4>nder f<U+00FC>r die Anwerbung ausl<U+00E4>ndischer Arbeitskr<U+00E4>fte festgelegt!

<U+0001F1EE><U+0001F1E9><U+0001F91D><U+0001F1E6><U+0001F1F9> Dorong implementasi MoU ketenagakerjaan Indonesia<U+2013>Austria, KBRI Wina (15/5/2025) gelar sesi informasi bersama Kementerian Federal Ekonomi, Energi, dan Pariwisata Austria (BMWET) untuk penempatan tenaga kerja terampil dan profesional ke Austria. 

Webinar dihadiri lebih dari 100 peserta, termasuk KEMLU, KP2MI, dan asosiasi P3MI (APJATI, ASPATAKI, PERPEMINDO).

Austria tetapkan Indonesia sebagai salah satu dari negara fokus dalam perekrutan tenaga kerja asing! #inidiplomasi #kbriwina"
"3635823728500358112","DJ1CmrrMzvg","https://www.instagram.com/p/DJ1CmrrMzvg/","2025-05-19 08:39:45",2025,"inainvienna",TRUE,FALSE,"Sidecar","carousel_container","de",86,"D","D4","","R3-residual",0,0,0,"","","","pertemuan; delegation; UNIDO","D","D","D",2,2,"#807362",FALSE,"<U+0001F1E6><U+0001F1F9><U+0001F1FA><U+0001F1F3> Indonesien hat an der 41. Sitzung des Programme and Budget Committee (PBC) der UNIDO vom 13. bis 15. Mai 2025 in Wien teilgenommen. Die Delegation wurde vom stellvertretenden St<U+00E4>ndigen Vertreter Indonesiens geleitet @alabar_tamala . In der Sitzung wurden die Leistungen der UNIDO im Jahr 2024 bewertet und das Programm sowie Budget f<U+00FC>r 2026<U+2013>2027 besprochen. Indonesien ist seit Dezember 2023 Mitglied des PBC.

<U+0001F1EE><U+0001F1E9><U+0001F1FA><U+0001F1F3>Indonesia hadiri Sesi ke-41 Programme and Budget Committee (PBC) UNIDO di Wina, 13<U+2013>15 Mei 2025. Delegasi dipimpin Deputi Wakil Tetap RI. Pertemuan bahas evaluasi kinerja 2024 dan program-anggaran UNIDO 2026<U+2013>2027. Indonesia jadi anggota PBC sejak Desember 2023. #IndonesiaUNIDO #DiplomasiRI"
"3646166150367204149","DKZyMuosNM1","https://www.instagram.com/p/DKZyMuosNM1/","2025-06-02 15:08:18",2025,"inainvienna",TRUE,FALSE,"Sidecar","carousel_container","id",91,"D","D5","","R3-residual",0,0,0,"","","","diaspora; idul adha","D","D","D",15,2,"#F8F7E8",FALSE,"PENGUMUMAN SHOLAT IDUL ADHA 1446 H KBRI/PTRI WINA <U+0001F54C>

KBRI/PTRI Wina mengundang masyarakat dan diaspora Indonesia di Austria dan Slovenia untuk menghadiri pelaksanaan Sholat Idul Adha 1446 H, yang akan diselenggarakan pada:

<U+0001F4C5> Hari/Tanggal: Jumat, 6 Juni 2025
<U+0001F557> Waktu Sholat: 08.00 CEST (Registrasi dibuka pukul 07.00)
<U+0001F4CD> Tempat: KBRI Wina, Gustav-Tschermakgasse 5<U+2013>7, 1180 Wina

Untuk menghadiri Sholat Idul Adha di KBRI/PTRI Wina, mohon melakukan registrasi melalui tautan berikut:
<U+0001F449> https://kem.lu/IdulAdha_Wina2025

<U+0001F4E7> Peserta akan menerima email konfirmasi.
<U+0001F4F8> Mohon membawa atau screenshot email konfirmasi dari KBRI/PTRI Wina saat masuk ke area acara.

Untuk informasi lebih lanjut, silakan cek instagram KBRI Wina @inainvienna atau website https://kemlu.go.id/vienna"
"3646585094521634129","DKbRdKyMj1R","https://www.instagram.com/p/DKbRdKyMj1R/","2025-06-03 05:00:00",2025,"inainvienna",TRUE,FALSE,"Sidecar","carousel_container","de",159,"A","A1","","max",2,1,0,"bali; kultur","handel","","delegation; CCPCJ; statement","A","A","D",2,2,"#483F4A",FALSE,"<U+0001F1EE><U+0001F1E9> Indonesien nahm an der 34. Sitzung der Commission on Crime Prevention and Criminal Justice (CCPCJ) in Wien, <U+00D6>sterreich, vom 19. - 23. Mai 2025 teil.

Die indonesische Delegation wurde vom Leiter der BNPT (Nationale Beh<U+00F6>rde zur Terrorismusbek<U+00E4>mpfung Indonesiens) gef<U+00FC>hrt und setzte sich aus Vertreter/innen des Au<U+00DF>enministeriums, BNPT, Polizei, BNN (Nationale Drogenbeh<U+00F6>rde) sowie der Botschaft/ St<U+00E4>ndigen Vertretung Indonesiens in Wien zusammen.

Die 34. CCPCJ-Sitzung verabschiedete erfolgreich:
<U+2705><U+FE0F>7 Resolutionen per Akklamation
<U+2705><U+FE0F>Dokumente, u.a. Statements von MIKTA, der Asien-Pazifik-Gruppe sowie eine Erkl<U+00E4>rung gegen Islamfeindlichkeit & Intoleranz
<U+270D><U+FE0F><U+0001F1EE><U+0001F1E9> trat als Co-Sponsor von 2 Resolutionen Japans und Thailands auf

<U+0001F1EE><U+0001F1E9> organisierte zudem ein Side Event mit dem Titel:
<U+2705><U+FE0F>Getting Smart on Justice: Parole, Probation and Reducing Recidivism
<U+0001F4CD> zur Bewerbung des World Congress on Probation & Parole, der im April 2026 in Bali stattfindet

<U+00DC>ber das Forum CCPCJ bekr<U+00E4>ftigte <U+0001F1EE><U+0001F1E9> sein Engagement:
<U+0001F4C8> f<U+00FC>r die St<U+00E4>rkung internationaler Zusammenarbeit als Schl<U+00FC>ssel zur Verh<U+00FC>tung und Bek<U+00E4>mpfung transnationaler Kriminalit<U+00E4>t
<U+0001F517> sowie zur Zusammenarbeit bei der Bek<U+00E4>mpfung neuer Kriminalit<U+00E4>tsformen, insbesondere Umweltkriminalit<U+00E4>t, Schleusung von Personen, Schmuggel von Handelswaren und von Kulturg<U+00FC>tern/Eigentum."
"3647668932295705666","DKfH5FXtsRC","https://www.instagram.com/p/DKfH5FXtsRC/","2025-06-04 16:54:21",2025,"inainvienna",TRUE,FALSE,"Video","clips","de",214,"D","D3","","R6",0,0,0,"","","aman; sicher","rekrutmen","D","D","D",2,2,"#524940",TRUE,"Am Montag, den 2. Juni 2025, begr<U+00FC><U+00DF>ten die indonesische Botschaft in Wien<U+0001F1EE><U+0001F1E9><U+0001F91D> der Wiener Gesundheitsverbund <U+0001F1E6><U+0001F1F9> und die FH Campus Wien<U+0001F1E6><U+0001F1F9> die Ankunft von 46 indonesischen Pflegekr<U+00E4>ften, die ein Stipendium im Rahmen des Programms #Nurses4Vienna erhalten haben, am Flughafen Wien-Schwechat.

Das Programm #Nurses4Vienna konzentriert sich auf innovative Ans<U+00E4>tze:

<U+2705><U+FE0F>Vergabe von Berufsausbildungsstipendien,
<U+2705><U+FE0F>St<U+00E4>rkung von Ethik und Deutschkenntnissen,
<U+2705><U+FE0F>F<U+00F6>rderung der sozialen Integration der Pflegekr<U+00E4>fte, sowie
<U+2705><U+FE0F>Schaffung eines sicheren, geordneten und regul<U+00E4>ren Rekrutierungskorridors f<U+00FC>r qualifizierte und professionelle Gesundheitsfachkr<U+00E4>fte aus Indonesien nach <U+00D6>sterreich.

Die Ankunft der indonesischen Pflegekr<U+00E4>fte in Wien erfolgte im Rahmen einer Hochschulkooperation (U-to-U) zwischen der FH Campus Wien und der Binawan Universit<U+00E4>t. Unter den Teilnehmenden sind 15 Absolvent:innen der Universit<U+00E4>t Indonesien, 16 Absolvent:innen der Universit<U+00E4>t Padjadjaran, 9 Absolvent:innen der Universit<U+00E4>t Airlangga und 6 Absolvent:innen der Binawan Universit<U+00E4>t.

Senin, 2 Juni 2025, KBRI Wina<U+0001F1EE><U+0001F1E9><U+0001F91D>bersama Wiener Gesundheitsverbund<U+0001F1E6><U+0001F1F9> dan FH Campus Wien<U+0001F1E6><U+0001F1F9>, menyambut ketibaan 46 perawat Indonesia penerima beasiswa program #Nurses4Vienna di Vienna International Airport. 

Program #Nurses4Vienna fokus pada inovasi:
<U+2705><U+FE0F> beasiswa pendidikan vokasi, 
<U+2705><U+FE0F> penguatan etika dan Bahasa Jerman, 
<U+2705><U+FE0F>	integrasi sosial perawat, dan 
<U+2705><U+FE0F>	penciptaan koridor rekrutmen aman, tertib, dan teratur, sebagai pekerja migran terampil dan profesional sektor kesehatan di Austria. 

<U+2708><U+FE0F>Ketibaan para perawat Indonesia di Wina ini terwujud di bawah skema kerja sama U-to-U antara FH Campus Wien dan Universitas Binawan. Komposisi peserta terdiri dari 15 lulusan Universitas Indonesia, 16 lulusan Universitas Padjajaran, 9 lulusan Universitas Airlangga, dan 6 lulusan Universitas Binawan.

#inidiplomasi #kbriwina #peduliwni"
"3648246575483780414","DKhLO5gvv0-","https://www.instagram.com/p/DKhLO5gvv0-/","2025-06-05 12:01:44",2025,"trustorchestra",FALSE,FALSE,"Image","feed","id",100,"A","A2","","max",2,0,0,"musik","","","","A","A","D",3,3,"#DFE0E0",FALSE,"Yuk jalan-jalan keliling nusantara bareng TRUST! <U+0001F1EE><U+0001F1E9><U+0001F3BB> Lewat <U+0001D40F><U+0001D411><U+0001D404>-<U+0001D403><U+0001D404><U+0001D40F><U+0001D400><U+0001D411><U+0001D413><U+0001D414><U+0001D411><U+0001D404> <U+0001D402><U+0001D40E><U+0001D40D><U+0001D402><U+0001D404><U+0001D411><U+0001D413>: <U+0001D404><U+0001D41C><U+0001D421><U+0001D428><U+0001D41E><U+0001D42C> <U+0001D41F><U+0001D42B><U+0001D428><U+0001D426> <U+0001D42D><U+0001D421><U+0001D41E> <U+0001D400><U+0001D42B><U+0001D41C><U+0001D421><U+0001D422><U+0001D429><U+0001D41E><U+0001D425><U+0001D41A><U+0001D420><U+0001D428> <U+2728>

Sebelum berangkat ke Vienna, TRUST punya satu penampilan spesial di Jakarta nih! <U+0001F389>

Mari rayakan kekayaan musik Indonesia bareng kami! Mulai dari lagu-lagu folksong yang penuh warna, sampai pop hits legendaris seperti Laskar Pelangi, Mengejar Matahari dan banyak lagi! 

<U+0001D40F><U+0001D411><U+0001D404>-<U+0001D403><U+0001D404><U+0001D40F><U+0001D400><U+0001D411><U+0001D413><U+0001D414><U+0001D411><U+0001D404> <U+0001D402><U+0001D40E><U+0001D40D><U+0001D402><U+0001D404><U+0001D411><U+0001D413>
<U+0001D404><U+0001D41C><U+0001D421><U+0001D428><U+0001D41E><U+0001D42C> <U+0001D41F><U+0001D42B><U+0001D428><U+0001D426> <U+0001D42D><U+0001D421><U+0001D41E> <U+0001D400><U+0001D42B><U+0001D41C><U+0001D421><U+0001D422><U+0001D429><U+0001D41E><U+0001D425><U+0001D41A><U+0001D420><U+0001D428>: <U+0001D412><U+0001D42E><U+0001D426><U+0001D426><U+0001D41E><U+0001D42B> <U+0001D422><U+0001D427> <U+0001D415><U+0001D422><U+0001D41E><U+0001D427><U+0001D427><U+0001D41A>

<U+0001F4CD> <U+0001D405><U+0001D422><U+0001D427><U+0001D41E> <U+0001D400><U+0001D42B><U+0001D42D><U+0001D42C> <U+0001D413><U+0001D421><U+0001D41E><U+0001D41A><U+0001D42D><U+0001D42B><U+0001D41E>, <U+0001D409><U+0001D408><U+0001D412> <U+0001D402><U+0001D422><U+0001D425><U+0001D41A><U+0001D427><U+0001D41D><U+0001D41A><U+0001D424>
<U+0001F5D3><U+FE0F> <U+0001D40C><U+0001D422><U+0001D427><U+0001D420><U+0001D420><U+0001D42E>, <U+0001D7D0><U+0001D7D7> <U+0001D409><U+0001D42E><U+0001D427><U+0001D422> <U+0001D7D0><U+0001D7CE><U+0001D7D0><U+0001D7D3> | <U+0001D7CF><U+0001D7D4>:<U+0001D7CE><U+0001D7CE> <U+0001D416><U+0001D408><U+0001D401>
<U+0001F3AB> <U+0001D40F><U+0001D41E><U+0001D427><U+0001D423><U+0001D42E><U+0001D41A><U+0001D425><U+0001D41A><U+0001D427> <U+0001D413><U+0001D422><U+0001D424><U+0001D41E><U+0001D42D>: <U+0001D7CF><U+0001D7CF> <U+0001D409><U+0001D42E><U+0001D427><U+0001D422> <U+0001D7D0><U+0001D7CE><U+0001D7D0><U+0001D7D3> | <U+0001D7D0><U+0001D7CE>:<U+0001D7CE><U+0001D7CE> <U+0001D416><U+0001D408><U+0001D401>
<U+26A0><U+FE0F> Link pembelian tiket akan dipost di feed & story mendekati waktu penjualan. Stay tuned ya!

Sampai ketemu dan mari keliling Indonesia lewat musik! <U+0001F1EE><U+0001F1E9><U+0001F3B6>

Illustration by @usanyan.playground <U+2728>

#TRUSTOrchestra
#EchoesfromtheArchipelago
#TRUSTGoesToVienna"
"3651628360875110952","DKtMKWls_Io","https://www.instagram.com/p/DKtMKWls_Io/","2025-06-10 04:00:00",2025,"inainvienna",TRUE,FALSE,"Sidecar","carousel_container","mixed",66,"D","D5","","R3-residual",0,0,0,"","","","idul adha","D","D","D",15,2,"#BAC3CB",FALSE,"<U+0001F1E6><U+0001F1F9> Eid al-Adha 1446 H in Wien am 6. Juni 2025 war ein Moment, um den Wert des <U+0001F31F> Opfers, des <U+0001F932> Glaubens und der <U+0001F54A><U+FE0F> Fr<U+00F6>mmigkeit zu st<U+00E4>rken. Das Eid-Gebet wurde im Hof der indonesischen Botschaft in Wien mit gro<U+00DF>er Feierlichkeit und Gemeinsamkeit durchgef<U+00FC>hrt. <U+0001F54C><U+2728>

<U+0001F1EE><U+0001F1E9> Idul Adha 1446 H di Wina tanggal 6 Juni 2025 menjadi momen untuk memperkuat nilai <U+0001F31F> pengorbanan, <U+0001F932> keimanan, dan <U+0001F54A><U+FE0F> ketakwaan. Sholat Ied dilaksanakan di halaman KBRI Wina dengan penuh khidmat dan kebersamaan. <U+0001F54C><U+2728>"
"3651996542382992023","DKuf4GVsWqX","https://www.instagram.com/p/DKuf4GVsWqX/","2025-06-10 16:12:14",2025,"inainvienna",TRUE,FALSE,"Image","feed","id",77,"D","D3","","R6",0,0,0,"","","keamanan","WNI; belasungkawa","D","D","D",5,2,"#F3F3F2",FALSE,"<U+203C><U+FE0F><U+0001F509>KBRI Wina menyampaikan turut berduka cita atas tragedi penembakan yang terjadi di Graz, Austria, pada 10 Juni 2025, yang mengakibatkan korban jiwa dan luka-luka. Kami menyampaikan belasungkawa yang sedalam-dalamnya kepada keluarga korban serta seluruh masyarakat Austria.

Sehubungan dengan insiden tersebut, KBRI Wina menghimbau kepada seluruh WNI di Austria untuk tetap tenang dan meningkatkan kewaspadaan. Jika mengalami insiden atau mengetahui hal mencurigakan, segera hubungi aparat keamanan setempat.

Dalam keadaan darurat, WNI dapat menghubungi Hotline KBRI Wina di nomor:
<U+0001F4DE> +43 676 3401946"
"3652788905581773275","DKxUCgEsIHb","https://www.instagram.com/p/DKxUCgEsIHb/","2025-06-11 18:26:32",2025,"inainvienna",TRUE,FALSE,"Image","feed","de",21,"D","D6","","R3-residual",1,0,0,"pencak silat","","","","D","A","D",2,2,"#E8E6D0",FALSE,"<U+0001F4C5> Save the date! <U+2728> Erleben Sie den Rhythmus Indonesiens mit traditionellen T<U+00E4>nzen & Pencak Silat live <U+2013> am 22. Juni 2025 im Weltmuseum Wien @weltmuseumwien @wmw.friends <U+0001F1EE><U+0001F1E9><U+0001F483><U+0001F94B> Eintritt frei!"
"3653257426419562184","DKy-kYGy7bI","https://www.instagram.com/p/DKy-kYGy7bI/","2025-06-12 09:57:24",2025,"safetravel.kemlu",FALSE,FALSE,"Sidecar","carousel_container","id",112,"D","D3","","R6",1,0,0,"travel","","keamanan; safe","WNI","D","A","D",5,2,"#202A22",FALSE,"Pada hari Selasa, 10 Juni 2025 telah terjadi penembakan di Federal High School Dreierschitzeingazze, Graz, Austria yang menyebabkan 11 orang meninggal dunia termasuk pelaku yang melakukan bunuh diri, dan 12 korban luka.

Dengan adanya kejadian tersebut, kami mengimbau seluruh WNI yang berada di Austria untuk selalu meningkatkan kewaspadaan diri sendiri dan keluarga dengan selalu mematuhi aturan otoritas pemerintah setempat serta mengikuti perkembangan situasi keamanan terkini melalui sumber resmi setempat.

Untuk Anda yang akan bepergian ke kota Graz, diharapkan untuk menghindari beraktivitas di area terdampak, kecuali untuk keperluan esensial.

Apabila Anda berada dalam kondisi berbahaya atau darurat segera hubungi hotline pelindungan WNI:

- KBRI Wina: +43 6763 4019 46
- atau tekan Tombol Darurat di aplikasi Safe Travel

Dokumentasi: CNBC Indonesia, DW Indonesia

#safetravel #safetravelkemlu #imbauan #austria #schoolshooting"
"3656129019114268603","DK9LfjNTae7","https://www.instagram.com/p/DK9LfjNTae7/","2025-06-16 09:02:44",2025,"universitasbinawan",FALSE,FALSE,"Sidecar","carousel_container","id",68,"D","D5","","R3-residual",0,0,0,"","","","selamat","D","D","D",5,2,"#EAECEB",FALSE,"<U+0001F1EE><U+0001F1E9><U+2728> [INSPIRASI DARI WINA]

KBRI Austria menyambut hangat para penerima beasiswa International Nurse Development Program Scholarship (INDPS) di Wina, termasuk alumni kebanggaan Universitas Binawan!

Momen ini menjadi awal yang baik untuk mempererat jejaring akademik dan profesional di kancah global.
Selamat berkarya dan menginspirasi di tanah Eropa! <U+0001F1EE><U+0001F1E9><U+0001F1E6><U+0001F1F9>

Yuk, #MulaiLangkahmu di Universitas Binawan! Daftar sekarang dan wujudkan mimpimu kuliah sambil menyiapkan karier internasional!
<U+0001F310> Daftar via: pmb.binawan.ac.id
<U+0001F4DE> Info lebih lanjut: 0816-775-933

#UniversitasBinawan #UBinawan #AmbilKesempatan #KampusNasionalKarierInternasional"
"3662647146415488252","DLUViyTsXz8","https://www.instagram.com/p/DLUViyTsXz8/","2025-06-25 08:53:05",2025,"inainvienna",TRUE,FALSE,"Sidecar","carousel_container","de",49,"A","A1","","max",4,0,0,"wonderful indonesia; reise; kultur; tanz","","","","A","A","A",2,2,"#EBE7E1",FALSE,"Wonderful Indonesia: Rhythm of the Equator im Welt Museum Wien @weltmuseumwien war ein voller Erfolg! <U+0001F38A> Rund 250 G<U+00E4>ste <U+2013> Freunde Indonesiens, Diplomaten, Museumsbesucher und Kulturbegeisterte <U+2013> erlebten eine faszinierende Reise durch Tanz und Kampfkunst aus dem Archipel.
Vielen Dank f<U+00FC>r die gro<U+00DF>artige Unterst<U+00FC>tzung (@sekolahcikal @gpn_wina @shivanata_tanzgruppe @bongsusilat, anakharimau und @wmw.friends )<U+2013> bis zum n<U+00E4>chsten Mal! <U+0001F1EE><U+0001F1E9><U+0001F91D><U+0001F1E6><U+0001F1F9>

<U+0001F4F8>: Bayu Santoso/Edo Danilyan"
"3665519569431574915","DLeiqCtNjmD","https://www.instagram.com/p/DLeiqCtNjmD/","2025-06-29 08:00:05",2025,"wmw.friends",FALSE,FALSE,"Sidecar","carousel_container","de",175,"A","A2","","max",3,0,0,"reise; kultur; auff<U+00FC>hrung","","","","A","A","A",2,2,"#2A2A2D",FALSE,"<U+0001F1EE><U+0001F1E9> <U+0001D5EA><U+0001D5FC><U+0001D5FB><U+0001D5F1><U+0001D5F2><U+0001D5FF><U+0001D5F3><U+0001D602><U+0001D5F9> <U+0001D5DC><U+0001D5FB><U+0001D5F1><U+0001D5FC><U+0001D5FB><U+0001D5F2><U+0001D600><U+0001D5F6><U+0001D5EE> : <U+0001D5E5><U+0001D5F5><U+0001D606><U+0001D601><U+0001D5F5><U+0001D5FA> <U+0001D5FC><U+0001D5F3> <U+0001D601><U+0001D5F5><U+0001D5F2> <U+0001D5D8><U+0001D5FE><U+0001D602><U+0001D5EE><U+0001D601><U+0001D5FC><U+0001D5FF> <U+0001F483><U+0001F3FD><U+0001F94B>

Am vergangenen Sonntag durften wir im @weltmuseumwien rund 250 G<U+00E4>ste willkommen hei<U+00DF>en. Ob <U+0001D61E><U+0001D614><U+0001D61E> <U+0001D60D><U+0001D633><U+0001D62A><U+0001D626><U+0001D62F><U+0001D625><U+0001D634>, Diplomaten, Indonesien-Freunde oder einfach <U+00FC>berraschte Museumsbesucher: alle waren begeistert und lie<U+00DF>en sich von mitrei<U+00DF>enden <U+0001D5E7><U+00E4><U+0001D5FB><U+0001D607><U+0001D5F2><U+0001D5FB> und beeindruckenden <U+0001D5DE><U+0001D5EE><U+0001D5FA><U+0001D5FD><U+0001D5F3><U+0001D5F8><U+00FC><U+0001D5FB><U+0001D600><U+0001D601><U+0001D5F2><U+0001D5FB> auf eine kulturelle Reise durch Indonesien entf<U+00FC>hren.

<U+0001F1E6><U+0001F1F9> Neben den <U+0001D5F5><U+0001D5F2><U+0001D5F6><U+0001D5FA><U+0001D5F6><U+0001D600><U+0001D5F0><U+0001D5F5><U+0001D5F2><U+0001D5FB> <U+0001D5E7><U+0001D5EE><U+0001D5FB><U+0001D607><U+0001D5F4><U+0001D5FF><U+0001D602><U+0001D5FD><U+0001D5FD><U+0001D5F2><U+0001D5FB> @gpn_wina und @shivanata_tanzgruppe sowie den <U+0001D5DE><U+0001D5EE><U+0001D5FA><U+0001D5FD><U+0001D5F3><U+0001D5F8><U+0001D602><U+0001D5FB><U+0001D600><U+0001D601><U+0001D5F3><U+0001D5FC><U+0001D5FF><U+0001D5FA><U+0001D5EE><U+0001D601><U+0001D5F6><U+0001D5FC><U+0001D5FB><U+0001D5F2><U+0001D5FB> @bongsusilat , Pecak Silat und Anak Harimau durften wir auch die weit angereiste <U+0001D5E7><U+0001D5EE><U+0001D5FB><U+0001D607><U+0001D5F4><U+0001D5FF><U+0001D602><U+0001D5FD><U+0001D5FD><U+0001D5F2> <U+0001D5F1><U+0001D5F2><U+0001D5FF> <U+0001D5F6><U+0001D5FB><U+0001D5F1><U+0001D5FC><U+0001D5FB><U+0001D5F2><U+0001D600><U+0001D5F6><U+0001D600><U+0001D5F0><U+0001D5F5><U+0001D5F2><U+0001D5FB> <U+0001D5E6><U+0001D5F0><U+0001D5F5><U+0001D602><U+0001D5F9><U+0001D5F2> @sekolahcikal begr<U+00FC><U+00DF>en. Vielen Dank f<U+00FC>r euren gro<U+00DF>artigen Einsatz! Ihr wart absolute Spitzenklasse! <U+0001F1EE><U+0001F1E9>

Ein herzliches Dankesch<U+00F6>n geht auch an das Team des @weltmuseumwien sowie an die Indonesische Botschaft @inainvienna f<U+00FC>r die hervorragende Organisation und den reibungslosen Ablauf. Wir freuen uns jetzt schon auf das n<U+00E4>chste Mal! <U+0001FAF6><U+0001F3FD>

<U+0001F3A5> Du konntest diesmal nicht dabei sein oder m<U+00F6>chtest das Event noch einmal erleben? Alle Auff<U+00FC>hrungen findest du auf dem YouTube-Kanal von @inainvienna oder direkt unter folgendem Link:
<U+0001F517> youtube.com/@embassyofindonesiavienna618

Bleib auf dem Laufenden und verpasse keine weiteren Events : folge uns auf Instagram, Facebook oder abonniere unseren Newsletter.

<U+0001F449><U+0001F3FD> Mehr Infos unter: weltmuseumwien.at/unterstuetzen/friends <U+2013> Link in der Bio <U+0001F517>

Wir freuen uns auf dich! <U+2728>
<U+2E3B>

<U+0001F4F7>: @edo_danilyan , Bayu Santoso

<U+0001F3F7><U+FE0F>
#WeltmuseumWienFriends #WeltmuseumWien #WMW #Wien #Vienna"
"3668446141633105899","DLo8FRdsY_r","https://www.instagram.com/p/DLo8FRdsY_r/","2025-07-03 08:54:40",2025,"inainvienna",TRUE,FALSE,"Image","feed","id",58,"D","D2","","R3-residual",0,0,0,"","","","olahraga; lomba; WNI; kemerdekaan","D","D","D",5,2,"#172526",FALSE,"<U+0001F1EE><U+0001F1E9> Dalam rangka menyambut Hari Ulang Tahun Kemerdekaan Republik Indonesia ke-80 <U+0001F389>
KBRI Wina mengundang WNI di Austria dan Slovenia untuk ikut meriahkan semarak kemerdekaan dengan berbagai lomba dan pertandingan olahraga! <U+0001F3D3><U+0001F3F8><U+0001F3B3><U+0001F0CF>

<U+2728> Ayo tunjukkan semangat sportifmu di cabang olahraga:
	<U+2022>	Tenis Meja <U+0001F3D3>
	<U+2022>	Gaple <U+0001F0CF>
	<U+2022>	Badminton <U+0001F3F8>
	<U+2022>	Bowling <U+0001F3B3>
	<U+2022>	dan Karaoke!

<U+0001F4CC> Pendaftaran sudah dibuka!
Langsung isi formulirnya di sini:
<U+0001F449> https://forms.gle/QqBzsGsYf2DX8CYN8

Terima kasih atas perhatian dan partisipasinya.
<U+0001F4AA><U+0001F1EE><U+0001F1E9> MERDEKA!"
"3669122110153682092","DLrVx6NPeys","https://www.instagram.com/p/DLrVx6NPeys/","2025-07-04 07:17:41",2025,"trustorchestra",FALSE,FALSE,"Sidecar","carousel_container","en",66,"A","A2","","max",2,0,0,"music; performance","","","","A","A","D",7,3,"#DEE0E0",FALSE,"TRUST Orchestra proudly represents Indonesia at <U+0001D42D><U+0001D421><U+0001D41E> <U+0001D416><U+0001D428><U+0001D42B><U+0001D425><U+0001D41D> <U+0001D40E><U+0001D42B><U+0001D41C><U+0001D421><U+0001D41E><U+0001D42C><U+0001D42D><U+0001D42B><U+0001D41A> <U+0001D405><U+0001D41E><U+0001D42C><U+0001D42D><U+0001D422><U+0001D42F><U+0001D41A><U+0001D425> <U+0001D7D0><U+0001D7CE><U+0001D7D0><U+0001D7D3> <U+0001D422><U+0001D427> <U+0001D415><U+0001D422><U+0001D41E><U+0001D427><U+0001D427><U+0001D41A>! <U+0001F1EE><U+0001F1E9><U+0001F3BB>
@world_orchestra_festival_ 

Join us as we bring the vibrant spirit of the archipelago to the world stage. Admission is <U+0001D41F><U+0001D42B><U+0001D41E><U+0001D41E> <U+0001D41F><U+0001D428><U+0001D42B> <U+0001D41A><U+0001D425><U+0001D425> <U+0001D429><U+0001D41E><U+0001D42B><U+0001D41F><U+0001D428><U+0001D42B><U+0001D426><U+0001D41A><U+0001D427><U+0001D41C><U+0001D41E><U+0001D42C>!

Performance schedule:
<U+0001F3B6> <U+0001D412><U+0001D429><U+0001D41E><U+0001D41C><U+0001D422><U+0001D41A><U+0001D425> <U+0001D402><U+0001D428><U+0001D427><U+0001D41C><U+0001D41E><U+0001D42B><U+0001D42D> <U+0001D7D4> | <U+0001D7CF><U+0001D7CF> <U+0001D409><U+0001D42E><U+0001D425><U+0001D432> | <U+0001D7CF><U+0001D7D7>:<U+0001D7CE><U+0001D7CE> | <U+0001D415><U+0001D407><U+0001D412> <U+0001D40A><U+0001D42E><U+0001D425><U+0001D42D><U+0001D42E><U+0001D42B><U+0001D420><U+0001D41A><U+0001D42B><U+0001D41A><U+0001D420><U+0001D41E>

<U+0001F3B6> <U+0001D412><U+0001D429><U+0001D41E><U+0001D41C><U+0001D422><U+0001D41A><U+0001D425> <U+0001D402><U+0001D428><U+0001D427><U+0001D41C><U+0001D41E><U+0001D42B><U+0001D42D> <U+0001D7D5> | <U+0001D7CF><U+0001D7D0> <U+0001D409><U+0001D42E><U+0001D425><U+0001D432> | <U+0001D7CF><U+0001D7D7>:<U+0001D7CE><U+0001D7CE> | <U+0001D40F><U+0001D41A><U+0001D425><U+0001D41A><U+0001D422><U+0001D42C> <U+0001D412><U+0001D42D><U+0001D42B><U+0001D41A><U+0001D42E><U+00DF>

<U+0001F3B6> <U+0001D406><U+0001D41A><U+0001D425><U+0001D41A> <U+0001D402><U+0001D428><U+0001D427><U+0001D41C><U+0001D41E><U+0001D42B><U+0001D42D> (<U+0001D402><U+0001D425><U+0001D428><U+0001D42C><U+0001D422><U+0001D427><U+0001D420>) | <U+0001D7CF><U+0001D7D1> <U+0001D409><U+0001D42E><U+0001D425><U+0001D432> | <U+0001D7CF><U+0001D7D7>:<U+0001D7D1><U+0001D7CE> | <U+0001D40C><U+0001D42E><U+0001D42C><U+0001D422><U+0001D424><U+0001D42F><U+0001D41E><U+0001D42B><U+0001D41E><U+0001D422><U+0001D427>

<U+0001F39F><U+FE0F> DM us for more info and ticket RSVP. Let<U+2019>s fill the halls with music and love <U+0001F1EE><U+0001F1E9><U+0001F49B>

#TRUSTOrchestra
#EchoesFromTheArchipelago 
#WorldOrchestraFestival2025"
"3674927834821174739","DL_92UptiXT","https://www.instagram.com/p/DL_92UptiXT/","2025-07-12 07:32:38",2025,"trustorchestra",FALSE,FALSE,"Image","feed","en",49,"A","A2","","max",2,0,0,"music","","","","A","A","D",7,3,"#F2F2EB",FALSE,"INDONESIA SUMMER MUSIC CONCERT <U+0001F1EE><U+0001F1E9><U+2728>
We<U+2019>re bringing the sound of Indonesia to Vienna! <U+0001F3B6>

Experience Indonesian folksongs, pop hits, and symphonic arrangements live in the heart of Vienna this summer! <U+0001F33A>

<U+0001F5D3> 16 Juli 2025
<U+0001F561> 18.30 
<U+0001F4CD> ""Mittlerer Saal"" <U+2013> Urania, Uraniastrasse 1, 1010 Wien

<U+0001F39F> FREE ENTRY!
Registration required at:
https://kem.lu/KBRIWina_TRUST

Let<U+2019>s celebrate the spirit of music and Indonesia together <U+0001F1EE><U+0001F1E9><U+0001F49B>

#TRUSTOrchestra 
#WorldOrchestraFestival 
#ViennaConcert"
"3676641639675771858","DMGDhdzSLvS","https://www.instagram.com/p/DMGDhdzSLvS/","2025-07-14 16:20:54",2025,"antaranewscom",FALSE,FALSE,"Video","clips","id",113,"A","A2","","max",2,0,0,"musik; festival","","","","A","A","D",5,3,"#07050B",FALSE,"TRINITY YOUTH SYMPHONY ORCHESTRA atau yang lebih dikenal dengan TRUST, berhasil mengharumkan nama Indonesia di kancah internasional<U+0001F3B6><U+0001F1EE><U+0001F1E9>

TRUST menyabet 3 penghargaan sekaligus, yaitu : Golden Award, Outstanding Conductor Award untuk Conductor TRUST : Dr. Nathania Karina, dan Johann Strauss Award. 

Ke-3 penghargaan ini diserahkan panitia dalam konser gala, Minggu 13 Juli 2025 di gedung konser paling bergengsi bernama Musikverein, di tengah kota Wina. 

Di gedung bersejarah itulah, TRUST didapuk sebagai grup pembuka konser membawakan lagu <U+201C>Laskar Pelangi<U+201D> dan Lagu daerah asal Aceh, <U+201C>Bungong Jeumpa<U+201D>, yang diaransemen oleh Dr. Peter Jonathan, arranger asal Indonesia.

The World Orchestra Festival 2025 diikuti oleh 21 grup partisipan dengan total peserta lebih dari 700 orang dari 9 negara, diantaranya Tiongkok,
Polandia, Irlandia, Spanyol, Perancis dan negara lainnya.

#trust #trinityyouthsymphonyorchestra #musikverein #indonesiabangga #anakbangsa #musik #internasional #antaranewscom"
"3679991347473958011","DMR9KISskR7","https://www.instagram.com/p/DMR9KISskR7/","2025-07-19 07:15:17",2025,"inainvienna",TRUE,FALSE,"Video","clips","mixed",57,"A","A2","","max",2,0,0,"performance","","","","A","A","D",7,3,"#815F48",FALSE,"<U+0001F1E6><U+0001F1F9>Volles Haus, voller Erfolg!
Ein herzliches Dankesch<U+00F6>n an das TRUST Orchestra @trustorchestra f<U+00FC>r die mitrei<U+00DF>ende Performance <U+2013> und an alle, die am 16. Juli dabei waren und diesen Abend so besonders gemacht haben. <U+0001F60D><U+0001F970><U+0001F973>

<U+0001F1EC><U+0001F1E7> Full house, full success!
Heartfelt thanks to TRUST Orchestra for the outstanding performance <U+2013> and to everyone who joined us on July 16 and made the evening truly unforgettable. <U+0001F60D><U+0001F970><U+0001F973>"
"3680774946591895369","DMUvU_1xG9J","https://www.instagram.com/p/DMUvU_1xG9J/","2025-07-20 09:11:28",2025,"maranatha_choir",FALSE,FALSE,"Video","clips","id",93,"D","D6","","R3-residual",1,0,0,"budaya","","","","D","A","D",5,2,"#271C22",FALSE,"Maranatha Christian University Choir (MCUC) dengan penuh rasa syukur mempersembahkan pencapaian dari panggung internasional:
<U+0001F1E6><U+0001F1F9> 59th Internationaler Chorwettbewerb Spittal an der Drau <U+2013> Austria

Melalui kompetisi ini, kami meraih:
<U+0001F947> Juara 1 <U+2013> Kategori A (Lagu Wajib)
<U+0001F948> Juara 2 <U+2013> Kategori B (Folksong)

Capaian ini adalah hasil dari proses panjang kami berlatih, melewati tantangan demi tantangan, belajar untuk saling percaya, dan bertumbuh sebagai satu suara.
Kami bukan hanya membawakan lagu, tapi juga membawa cerita, budaya, dan semangat Indonesia ke panggung dunia.

Terima kasih untuk setiap doa dan dukungan yang menguatkan langkah kami.
Dengan penuh kerendahan hati, kami persembahkan kemenangan ini untuk Indonesia.

#EnchantingIndonesia #MCUCGoesToSpittal #IndonesiaBerkarya #MaranathaChristianUniversityChoir 
#KebanggaanIndonesia"
"3683208522103892371","DMdYqLpsamT","https://www.instagram.com/p/DMdYqLpsamT/","2025-07-23 17:45:40",2025,"inainvienna",TRUE,FALSE,"Video","clips","id",79,"D","D5","","R3-residual",0,0,0,"","","","masyarakat indonesia; HUT RI; kemerdekaan; peringatan","D","D","D",5,2,"#FFF1F4",FALSE,"Halo Masyarakat Indonesia di Austria dan Slovenia!

Menjelang bulan Agustus, semangat kemerdekaan kembali menyapa kita semua! Saatnya kita bersiap merayakan Hari Ulang Tahun ke-80 Kemerdekaan Republik Indonesia dengan penuh sukacita dan kebanggaan. <U+0001F1EE><U+0001F1E9><U+2728>

Tahun ini, peringatan kemerdekaan mengusung tema <U+201C>Bersatu Berdaulat, Rakyat Sejahtera, Indonesia Maju.<U+201D>

Nah, kalian sudah lihat logo HUT RI ke-80 tahun ini belum?
Angka 80 bukan sekadar angka biasa <U+2014> ada makna mendalam di balik desainnya.

Yuk, simak penjelasan makna logo HUT ke-80 RI dalam video singkat berikut ini!"
"3683821455334739637","DMfkBiNMI61","https://www.instagram.com/p/DMfkBiNMI61/","2025-07-24 14:02:40",2025,"inainvienna",TRUE,FALSE,"Sidecar","carousel_container","mixed",198,"D","D4","","R3-residual",1,0,0,"performance","","","meeting; delegation; UNIDO; General Conference","D","A","D",2,2,"#EDECE9",FALSE,"<U+0001F1E6><U+0001F1F9>Indonesien reicht Kandidatur f<U+00FC>r die IDB-Mitgliedschaft der UNIDO 2025<U+2013>2029 ein
<U+0001F4CD> Indonesien nahm an der 53. Sitzung des Industrial Development Board (IDB) der UNIDO in Wien <U+0001F3DB><U+FE0F> vom 30. Juni bis 3. Juli 2025 teil.
<U+0001F464> Die Delegation wurde vom St<U+00E4>ndigen Vertreter Indonesiens bei den Vereinten Nationen und internationalen Organisationen in Wien geleitet.
<U+0001F5C2><U+FE0F> In der Sitzung wurden folgende Themen besprochen:

<U+0001F50D> Die Leistungsbewertung der UNIDO f<U+00FC>r das Jahr 2024

<U+0001F4CA> Das Programm und Budget f<U+00FC>r 2026<U+2013>2027

<U+0001F4C5> Der mittelfristige Programmrahmen f<U+00FC>r 2026<U+2013>2029

<U+0001F30D> Die Vorbereitung der UNIDO-General Conference in Riad, 23.<U+2013>27. November 2025

<U+2728> Wichtigster Punkt:
<U+0001F4E3> Indonesien hat offiziell seine Kandidatur f<U+00FC>r die IDB-Mitgliedschaft im Zeitraum 2025<U+2013>2029 eingereicht.
<U+0001F91D> Ein wichtiger Schritt zur F<U+00F6>rderung einer inklusiven und nachhaltigen industriellen Entwicklung weltweit.

<U+0001F1EE><U+0001F1E9> Indonesia put forward its nomination for UNIDO IDB Membership 2025<U+2013>2029 
<U+0001F4CD> Indonesia participated in the 53rd Session of the Industrial Development Board (IDB) of UNIDO in Vienna <U+0001F3DB><U+FE0F> from 30 June to 3 July 2025.
<U+0001F464> The delegation was led by the Permanent Representative of Indonesia to the UN and international organizations in Vienna.
<U+0001F5C2><U+FE0F> The meeting discussed:

<U+0001F50D> UNIDO<U+2019>s performance in 2024

<U+0001F4CA> Programme & budget for 2026<U+2013>2027

<U+0001F4C5> Medium-term programme framework for 2026<U+2013>2029

<U+0001F30D> Preparations for the UNIDO General Conference in Riyadh, 23<U+2013>27 November 2025

<U+2728> Key highlight:
<U+0001F4E3> Indonesia officially put forward its nomination for IDB membership for the 2025<U+2013>2029 term.
<U+0001F91D> A step forward in promoting inclusive and sustainable industrial development worldwide."
"3690041191873699135","DM1qOnQMN0_","https://www.instagram.com/p/DM1qOnQMN0_/","2025-08-02 04:00:00",2025,"inainvienna",TRUE,FALSE,"Image","feed","mixed",109,"A","A2","","max",5,0,0,"travel; reise; tari; musik","","","","A","A","A",2,2,"#FDFEFD",FALSE,"PESTA RAKYAT <U+2013> Indonesisches Volksfest in Wien!
<U+0001F4C5> Samstag, 23. August 2025 | <U+0001F559> 10.00<U+2013>16.30
<U+0001F4CD> Indonesische Botschaft, Gustav Tschermakgasse 5<U+2013>7, 1180 Wien

<U+0001F38A> Freuen Sie sich auf indonesisches Essen, traditionelle Musik & T<U+00E4>nze, Basar, Reisemesse, Tombola mit tollen Preisen und einen besonderen Auftritt eines Dangdut-Stars aus Indonesien!

<U+0001F39F><U+FE0F> Eintritt frei <U+2013> alle sind willkommen!

<U+0001F4E3> Bleibt dran <U+2013> mehr Infos folgen in K<U+00FC>rze!
<U+0001F5D3><U+FE0F> Speichere das Datum in deinem Kalender <U+2013> nicht verpassen!

<U+2014><U+2014><U+2014>

PESTA RAKYAT <U+2013> di Wina!
<U+0001F4C5> Sabtu, 23 Agustus 2025 | <U+0001F559> 10.00<U+2013>16.30
<U+0001F4CD> Kedutaan Besar Republik Indonesia, Wina (Gustav Tschermakgasse 5<U+2013>7, 1180 Wien)

<U+0001F38A> Nikmati makanan khas Indonesia, musik & tari tradisional, bazar, travel fair, undian berhadiah, dan penampilan spesial artis dangdut langsung dari Indonesia!

<U+0001F39F><U+FE0F> GRATIS <U+2013> Terbuka untuk umum!

<U+0001F4E3> Pantau terus <U+2013> info lengkap akan segera diumumkan!
<U+0001F5D3><U+FE0F> Simpan tanggalnya di kalendermu <U+2013> jangan sampai ketinggalan!"
"3696005055518045971","DNK2QQGM3cT","https://www.instagram.com/p/DNK2QQGM3cT/","2025-08-10 09:29:18",2025,"inainvienna",TRUE,FALSE,"Sidecar","carousel_container","id",126,"A","A2","","max",4,0,0,"kuliner","","","komunitas","A","A","A",5,5,"#D1CFC5",FALSE,"<U+0001F1EE><U+0001F1E9><U+2728> Pesta Rakyat KBRI Wina 2025 <U+2013> Booth Kuliner Karya Komunitas Indonesia<U+2728><U+0001F1EE><U+0001F1E9>

<U+0001F4C5> Sabtu, 23 Agustus 2025
<U+0001F559> 10.00 <U+2013> 16.30
<U+0001F4CD> KBRI Wina, Gustav Tschermakgasse 5-7, 1180 Wien

<U+0001F372> Yuk, ramaikan Pesta Rakyat dalam rangka HUT ke-80 RI!
Bagi yang ingin ikut berpartisipasi membuka booth kuliner, simak aturan dan ketentuannya di slide 2, lalu hubungi koordinator komunitas di slide 3.

<U+0001F4CC> Sekilas Ketentuan Booth Kuliner:
	<U+2022>	Pendaftaran via koordinator komunitas
	<U+2022>	Menu dikurasi panitia
	<U+2022>	Tidak menjual alkohol
	<U+2022>	Makanan non-halal wajib diberi label. Booth makanan non-halal tidak boleh dicampur dgn makanan halal
	<U+2022>	Cantumkan info alergen
	<U+2022>	Iuran <U+20AC>30/booth (biaya tenda)
	<U+2022>	Fasilitas: tenda 3x3m, 2 meja, 2 kursi, tempat sampah, stop kontak, papan nama booth
	<U+2022>	Listrik maksimal 2000 Watt/booth
	<U+2022>	Yang grilling/menggoreng di tempat wajib lapor panitia

<U+0001F4DE> Hubungi koordinator komunitas (slide 3) untuk info & pendaftaran.

<U+0001F389> Mari kita sukseskan Pesta Rakyat 2025 dengan penuh rasa kebersamaan, kuliner lezat, dan suasana meriah!

#PestaRakyatKBRIWina #HUTRI80 #KulinerIndonesia #IndonesiaInAustria #KBRIWina"
"3698502151013789019","DNTuBxgMe1b","https://www.instagram.com/p/DNTuBxgMe1b/","2025-08-13 20:10:35",2025,"inainvienna",TRUE,FALSE,"Image","feed","mixed",71,"A","A2","","max",8,0,0,"wisata; reise; tarian; kuliner; musik; festival; tanz","","","","A","A","A",2,2,"#F5F4F3",FALSE,"Pesta Rakyat <U+2013> Indonesisches Volksfest
Feiern Sie mit uns! <U+0001F389>
<U+0001F4C5> Samstag, 23. August 2025 | <U+0001F559> 10.00<U+2013>16.30
<U+0001F4CD> Indonesische Botschaft, Wien (Gutsav Tschermakgasse 5-7, 1180 Wien)
<U+0001F3B6> Musik, Tanz, kulinarische Spezialit<U+00E4>ten, Tombola-Preise und Reisepromo nach Indonesien
<U+0001F381> Registrieren Sie sich und erhalten Sie ein Souvenir aus Indonesien!
<U+0001F449> https://forms.gle/eA4QmCRzhuhXWKbn8

Pesta Rakyat <U+2013> Festival Indonesia di Wina
Ayo datang dan rayakan bersama! <U+0001F38A>
<U+0001F4C5> Sabtu, 23 Agustus 2025 | <U+0001F559> 10.00<U+2013>16.30
<U+0001F4CD> KBRI Wina (Gutsav Tschermakgasse 5-7, 1180 Wien)
<U+0001F3B6> Musik, tarian, kuliner khas, hadiah tombola dan promo wisata ke Indonesia
<U+0001F381> Registrasi dan dapatkan souvenir khas Indonesia!
<U+0001F449> https://forms.gle/eA4QmCRzhuhXWKbn8"
"3700943212940259863","DNcZD5lMnIX","https://www.instagram.com/p/DNcZD5lMnIX/","2025-08-17 05:00:00",2025,"inainvienna",TRUE,FALSE,"Video","clips","unknown",3,"D","D6","","R3-residual",0,0,0,"","","","","D","D","D",5,2,"#6A5E58",FALSE,"Dirgahayu Republik Indonesia! <U+0001F1EE><U+0001F1E9>#inidiplomasi #kbriwina #hutri80 #17agustus2025<U+0001F1F2><U+0001F1E8><U+2764><U+FE0F>"
"3701400301378586907","DNeA_aXMckb","https://www.instagram.com/p/DNeA_aXMckb/","2025-08-17 20:08:41",2025,"inainvienna",TRUE,FALSE,"Sidecar","carousel_container","id",21,"D","D5","","R3-residual",0,0,0,"","","","peringatan","D","D","D",2,2,"#C5A887",FALSE,"<U+0001F1E6><U+0001F1F9><U+2728> 80 Jahre Indonesiens Unabh<U+00E4>ngigkeit in Wien
Feierlich trotz Ruhetag in <U+00D6>sterreich <U+0001F389>

<U+0001F1EE><U+0001F1E9><U+2728> Peringatan HUT ke-80 RI di Wina
Khidmat di Tengah Ruhetag Austria <U+0001F389>"
"3701843331826869755","DNfluWnsGX7","https://www.instagram.com/p/DNfluWnsGX7/","2025-08-18 10:56:33",2025,"inainvienna",TRUE,FALSE,"Video","clips","unknown",9,"D","D5","","R3-residual",0,0,0,"","","","upacara","D","D","D",5,2,"#DAD1CB",FALSE,"Liputan Upacara HUT ke-80 RI KBRI Wina. Terima kasih @fokus.indosiar <U+0001F973><U+0001F1EE><U+0001F1E9> #hutri #inidiplomasi"
"3702523085370552525","DNiASEcMfDN","https://www.instagram.com/p/DNiASEcMfDN/","2025-08-19 09:19:28",2025,"inainvienna",TRUE,FALSE,"Image","feed","id",111,"D","D3","","R6",0,0,0,"","","persyaratan","diaspora; WNI; konsuler","D","D","D",6,2,"#BC2621",FALSE,"PENDAFTARAN WARUNG KONSULER @ PESTA RAKYAT 2025 <U+0001F1EE><U+0001F1E9>

Melengkapi kemeriahan HUT ke-80 RI, KBRI/PTRI Wina akan kembali menyelenggarakan Warung Konsuler (Warkon) bagi WNI dan Diaspora Indonesia yang berdomisili di Austria, Slovenia, dan sekitarnya, bertepatan dengan kegiatan Pesta Rakyat 2025. Kegiatan Warkon akan dilaksanakan pada:

Hari/Tanggal: Sabtu, 23 Agustus 2025
Pukul: 10.00 <U+2013> 12.30 CEST
Tempat: KBRI Wina, Gustav Tschermak Gasse 5-7, A-1180, Wina

DIPRIORITASKAN bagi WNI yang:
1. Berdomisili di luar Kota Wina
2. Telah mengisi formulir pendaftaran dan
3. Telah mengirimkan dokumen persyaratan dalam format PDF untuk pemeriksaan awal

Untuk pendaftar, WAJIB mengisi formulir pendaftaran berikut dan mengikuti ketentuan yang telah ditetapkan:
https://bit.ly/Warkon-PR25

<U+26A0><U+FE0F> Mohon mengisi data dengan lengkap ya!

Atas perhatian dan kerja samanya, kami sampaikan terima kasih.
Sampai jumpa di Pesta Rakyat!"
"3704761642533755666","DNp9RXQt5sS","https://www.instagram.com/p/DNp9RXQt5sS/","2025-08-22 11:27:05",2025,"inainvienna",TRUE,FALSE,"Sidecar","carousel_container","id",86,"A","A2","","max",4,0,0,"budaya; kuliner","","","komunitas","A","A","A",3,5,"#FBF9F5",FALSE,"YUK MAKAN YUK! <U+0001F374>

Rindu cita rasa Indonesia? Jangan sampai ketinggalan Pesta Rakyat 2025! Temui beragam makanan dan minuman khas Indonesia yang siap manjain lidahmu di Karya Kuliner Komunitas Indonesia, persembahan budaya kuliner Indonesia oleh Bangsa Indonesia.

<U+0001F4C5> Sabtu, 23 Agustus 2025
<U+0001F4CD> KBRI Wina, Gustav-Tschermakgasse 5-7, 1180 Wina
<U+0001F4B5> Jangan lupa bawa uang tunai, ya! Semua transaksi hanya bisa pakai cash.

Di Austria lagi summer 
Adem sejuk mataharinya
Es di Pesta Rakyat ada yang seger
Bazar Kuliner Komunitas Indonesia jawabannya!

Kalau kamu, kira-kira mau makan apa nih? Tulis di kolom komentar ya!<U+0001F1EE><U+0001F1E9>

#HUTRI80 #IniDiplomasi"
"3705608042017994509","DNs9uGNUDcN","https://www.instagram.com/p/DNs9uGNUDcN/","2025-08-23 15:29:19",2025,"inainvienna",TRUE,FALSE,"Video","clips","unknown",7,"D","D6","","R3-residual",0,0,0,"","","","","D","D","D",5,2,"#92867B",FALSE,"Pesta Rakyat 2025 KBRI Wina special thanks to @lida_rara06 @hariputra.97"
"3706020430190479531","DNubfIn2Air","https://www.instagram.com/p/DNubfIn2Air/","2025-08-24 05:08:04",2025,"lida_rara06",FALSE,FALSE,"Sidecar","carousel_container","id",33,"D","D1","","R3-residual",0,0,0,"","","","bertemu; kemerdekaan","D","D","D",5,2,"#909195",FALSE,"BANGGA

Terimakasih untuk @inainvienna yang sudah memberikan kesempatan untuk tampil diacara Kemerdekaan Republik Indonesia di Wina, Austria. Semoga memberikan kesan yang baik serta mengobati rasa rindu pada Indonesia.

Semoga bisa bertemu kembali dilain kesempatan<U+0001F44F><U+0001F3FB><U+0001F525>"
"3706032991618773804","DNueV7XULMs","https://www.instagram.com/p/DNueV7XULMs/","2025-08-24 05:35:25",2025,"inainvienna",TRUE,FALSE,"Video","clips","mixed",67,"A","A2","","max",4,0,0,"tarian; musik; tanz","","","gemeinschaft","A","A","A",2,2,"#6A5F57",FALSE,"<U+0001F1E6><U+0001F1F9><U+2728> Das Indonesische Volksfest war ein voller Erfolg! Vielen Dank an alle, die mitgefeiert und die Stimmung so besonders gemacht haben <U+0001F483><U+0001F3B6><U+0001F374>
Ein unvergesslicher Tag voller Musik, Tanz und Gemeinschaft <U+2013> wir freuen uns aufs n<U+00E4>chste Mal!

<U+0001F1EE><U+0001F1E9><U+2728> Pesta Rakyat KBRI Wina sukses digelar! Terima kasih atas kehadiran dan semangat teman-teman semua <U+0001F483><U+0001F3B6><U+0001F374>
Hari Sabtu yang penuh tawa, musik, tarian, dan kebersamaan ini akan selalu terkenang. Sampai jumpa di acara berikutnya!"
"3706741532910474041","DNw_cj3UNM5","https://www.instagram.com/p/DNw_cj3UNM5/","2025-08-25 05:00:00",2025,"inainvienna",TRUE,FALSE,"Video","clips","id",14,"D","D6","","R3-residual",0,0,0,"","","","","D","D","D",2,2,"#534C3B",FALSE,"Bersatu dalam goyang, dari Indonesia sampai Austria <U+2728><U+0001F1EE><U+0001F1E9><U+0001F91D><U+0001F1E6><U+0001F1F9>

Gemeinsam im Rhythmus <U+2013> von Indonesien bis <U+00D6>sterreich <U+2728><U+0001F1EE><U+0001F1E9><U+0001F91D><U+0001F1E6><U+0001F1F9> #HUTRI80 #pestarakyat #tiktok #velocity"
"3722323211842320460","DOoWT1NDXhM","https://www.instagram.com/p/DOoWT1NDXhM/","2025-09-15 16:58:47",2025,"inainvienna",TRUE,FALSE,"Image","feed","en",74,"A","A2","","max",6,0,0,"bahasa indonesia; culture; kultur","","","","A","A","A",7,2,"#F8F7F8",FALSE,"<U+0001F4DA><U+0001F1EE><U+0001F1E9> Bahasa Indonesia <U+2013> Wintersemester 2025/2026

<U+2714><U+FE0F> Unterricht durch indonesische Lehrkr<U+00E4>fte
<U+2714><U+FE0F> Alle Niveaus: A1<U+2013>C1, inkl. Kinder-, Konversations- & Kulturklassen
<U+2714><U+FE0F> Unterschiedliche Kurszeiten: morgens, nachmittags oder abends
<U+2714><U+FE0F> Ort: Universit<U+00E4>t Wien (Kulturklasse au<U+00DF>erhalb der Uni)

<U+0001F517> Anmeldung & Infos:
<U+0001F449> QR-Code scannen oder hier klicken: https://forms.gle/1koyQqpndm6HStS66

<U+0001F4DA><U+0001F1EE><U+0001F1E9> Bahasa Indonesia <U+2013> Winter Semester 2025/2026

<U+2714><U+FE0F> Taught by Indonesian teachers
<U+2714><U+FE0F> All levels: A1<U+2013>C1, incl. kids<U+2019>, conversation & culture classes
<U+2714><U+FE0F> Various course times: morning, afternoon, or evening
<U+2714><U+FE0F> Location: University of Vienna (culture class outside the university)

<U+0001F517> Registration & info:
<U+0001F449> Scan the QR code or click here: https://forms.gle/1koyQqpndm6HStS66"
"3724540219627497740","DOwOZimjWkM","https://www.instagram.com/p/DOwOZimjWkM/","2025-09-18 18:23:35",2025,"inainvienna",TRUE,FALSE,"Image","feed","id",109,"D","D3","","R6",0,0,0,"","","persyaratan","diaspora; WNI; konsuler","D","D","D",6,2,"#E3E3E3",FALSE,"PENDAFTARAN WARUNG KONSULER @ LJUBLJANA SLOVENIA <U+0001F1EE><U+0001F1E9><U+0001F1F8><U+0001F1EE>

KBRI/PTRI Wina akan kembali menyelenggarakan Warung Konsuler (Warkon) bagi WNI dan Diaspora Indonesia yang berdomisili di Slovenia dan sekitarnya. Kegiatan Warkon akan dilaksanakan pada:

Hari/Tanggal: Minggu, 28 September 2025
Pukul: 09.00 <U+2013> 17.00 CEST
Tempat: City Hotel Ljubljana, Dalmatinova 15, 1000 Ljubljana, Slovenia

DIPRIORITASKAN bagi WNI yang:
1. Telah mengisi formulir pendaftaran dan
2. Telah mengirimkan dokumen persyaratan dalam format PDF untuk pemeriksaan awal

Untuk pendaftar, WAJIB mengisi formulir pendaftaran berikut dan mengikuti ketentuan yang telah ditetapkan, pada tautan berikut:
https://bit.ly/Warkon-SL25

<U+26A0><U+FE0F> Batas pengisian dan pengiriman dokumen adalah 24 September 2025. Mohon mengisi data dengan lengkap ya!

Atas perhatian dan kerja samanya, kami sampaikan terima kasih.

Sampai jumpa di Slovenia!

Salam hangat,
KBRI/PTRI Wina"
"3724830802468229406","DOxQeE9jVEe","https://www.instagram.com/p/DOxQeE9jVEe/","2025-09-19 04:00:00",2025,"inainvienna",TRUE,FALSE,"Sidecar","carousel_container","id",119,"D","D4","","R3-residual",0,0,0,"","","safety; security","IAEA; statement","C","D","D",5,2,"#202D38",FALSE,"Duta Besar/ Watap RI @damos.agusman telah sampaikan national statement <U+0001F1EE><U+0001F1E9> di 69th General Committee IAEA <U+0001F1FA><U+0001F1F3> Austria, 16/9/2025

Dubes/ Watap RI tekankan komitmen Pemri:
<U+0001F91D>menjadikan IAEA sebagai mitra strategis mendukung prioritas Asta Cita bidang ketahanan pangan, energi, kesehatan, lingkungan & IPTEK
<U+0001F3D7> bangun PLTN nuklir pertama di Indonesia
<U+26A1><U+FE0F>optimalisasi EBT guna capai Net Zero emission 2060
<U+0001F4DD>pastikan nuclear & radiation safety mengacu ke konvensi & pengaturan internasional terkait 

<U+0001F1EE><U+0001F1E9> serukan agar:
<U+270D><U+FE0F>negara patuhi prinsip non-proliferasi & perlucutan senjata
<U+0001F51A>redakan eskalasi & tensi geopolitik, terutama yg berdampak pada situs & fasilitas nuklir dan berpotensi tingkatkan bencana nuklir melalui:
<U+2705><U+FE0F>junjung tinggi nuclear safeguard & security
<U+2705><U+FE0F>pengembangan nuklir utk tujuan damai
<U+2705><U+FE0F>engagement sesuai mekanisme & ketentuan IAEA
<U+2705><U+FE0F>mendukung fungsi & mandat IAEA 

<U+0001F1EE><U+0001F1E9> juga sampaikan:
<U+2757><U+FE0F>keprihatinan atas bencana kemanusiaan di Gaza 
<U+0001F4AF>dukung penuh <U+0001F1F5><U+0001F1F8> terkait permintaan bantuan teknis IAEA"
"3734480319693727387","DPTihCMCCab","https://www.instagram.com/p/DPTihCMCCab/","2025-10-02 11:34:48",2025,"inainvienna",TRUE,FALSE,"Video","clips","unknown",4,"D","D5","","R3-residual",1,0,0,"batik","","","selamat","D","A","D",5,3,"#B0A599",FALSE,"<U+0001F338><U+2728> Selamat Hari Batik Nasional! <U+2728><U+0001F338>"
"3735144501833744857","DPV5iKAjcHZ","https://www.instagram.com/p/DPV5iKAjcHZ/","2025-10-03 09:32:24",2025,"inainvienna",TRUE,FALSE,"Sidecar","carousel_container","mixed",152,"D","D3","","R3-residual",0,0,0,"","","","rekrutmen","D","D","D",2,2,"#D7E6E4",FALSE,"<U+0001F1E6><U+0001F1F9><U+0001F91D><U+0001F1EE><U+0001F1E9>

Vom 24.<U+2013>26. September 2025 unterst<U+00FC>tzte die Indonesische Botschaft in Wien zwei wichtige Veranstaltungen im Rahmen der Initiative zur Rekrutierung qualifizierter und professioneller Arbeitskr<U+00E4>fte aus Indonesien f<U+00FC>r <U+00D6>sterreich:
<U+2728> B2B-Event: IFO Connect & Recruit <U+2013> Indonesia and Austria in Wien (24.<U+2013>25. September)
<U+2728> Skilled Workers from Indonesia in Graz (26. September)

Die Veranstaltungen brachten <U+00FC>ber 30 indonesische Delegierte mit <U+00F6>sterreichischen Partnern zusammen <U+2013> darunter politische Entscheidungstr<U+00E4>ger, Rekrutierungsagenturen, Arbeitgeber aus verschiedenen Sektoren sowie Integrationsinstitutionen.
Ein wichtiger Schritt zur St<U+00E4>rkung der Zusammenarbeit zwischen Indonesien und <U+00D6>sterreich im Bereich qualifizierter Arbeitsmigration <U+0001F477><U+200D><U+2642><U+FE0F><U+0001F30D><U+0001F469><U+200D><U+2695><U+FE0F>

<U+0001F1EE><U+0001F1E9><U+0001F91D><U+0001F1E6><U+0001F1F9>

Pada24<U+2013>26 September 2025, KBRI Wina mendukung dua kegiatan penting dalam rangka inisiatif rekrutmen tenaga kerja terampil dan profesional Indonesia ke Austria:
<U+2728> B2B-Event: IFO Connect & Recruit <U+2013> Indonesia and Austria di Wina (24<U+2013>25 September)
<U+2728> Skilled Workers from Indonesia di Graz (26 September)

Kegiatan ini mempertemukan lebih dari 30 delegasi Indonesia dengan mitra Austria<U+2014>mulai dari pembuat kebijakan, agen rekrutmen, perusahaan lintas sektor, hingga lembaga pendukung integrasi tenaga kerja asing.
Langkah nyata mempererat kerja sama Indonesia<U+2013>Austria dalam mobilitas tenaga kerja terampil <U+0001F477><U+200D><U+2640><U+FE0F><U+0001F30D><U+0001F468><U+200D><U+2695><U+FE0F>

#Indonesia #Austria #Vienna #Graz #WK<U+00D6> #ICS #SkilledWorkers #WorkInAustria #IEBF2025 #Recruitment #LaborMobility"
"3738013391953661118","DPgF2AJDQy-","https://www.instagram.com/p/DPgF2AJDQy-/","2025-10-07 08:32:22",2025,"inainvienna",TRUE,FALSE,"Sidecar","carousel_container","mixed",170,"D","D1","","R3-residual",0,0,0,"","","aman; sicher","pertemuan; delegation; treffen; rekrutmen; delegasi RI","D","D","D",5,2,"#1B1B21",FALSE,"<U+0001F1E6><U+0001F1F9><U+0001F1EE><U+0001F1E9><U+0001F91D> Am 25. September 2025 fand in Wien das erste Treffen des Gemeinsamen Ausschusses zur Umsetzung des MoU <U+00FC>ber die Rekrutierung von qualifizierten und professionellen Arbeitskr<U+00E4>ften statt.

Die indonesische Delegation wurde von der stellvertretenden Missionsleiterin geleitet, w<U+00E4>hrend die <U+00F6>sterreichische Delegation von BMWET und BMASGPK vertreten war. <U+0001F465><U+0001F3DB><U+FE0F>

Beide Seiten tauschten Informationen <U+00FC>ber Rechtsrahmen <U+2696><U+FE0F>, Institutionen <U+0001F3E2> und bew<U+00E4>hrte Verfahren <U+0001F30D> aus, um die sichere und hochwertige Vermittlung indonesischer Fachkr<U+00E4>fte in <U+00D6>sterreich zu gew<U+00E4>hrleisten.

Das Gemeinsame Komitee wird regelm<U+00E4><U+00DF>ig zusammentreten, um die Zusammenarbeit weiter zu vertiefen und konkrete Umsetzungspl<U+00E4>ne zu entwickeln. <U+0001F4C8><U+2728>

<U+0001F1EE><U+0001F1E9><U+0001F1E6><U+0001F1F9><U+0001F91D> Pada 25 September 2025, Indonesia dan Austria mengadakan pertemuan pertama Komite Bersama di Wina untuk membahas implementasi MoU rekrutmen tenaga kerja terampil dan profesional.

Delegasi RI dipimpin oleh Wakil Kepala Perwakilan RI Wina, sementara Delegasi Austria dipimpin oleh perwakilan BMWET dan BMASGPK, serta dihadiri lintas Kementerian dan Lembaga terkait. <U+0001F465><U+0001F3DB><U+FE0F>

Pertemuan membahas kerangka hukum <U+2696><U+FE0F>, kebijakan, penguatan institusi <U+0001F3E2>, serta praktik baik <U+0001F30D> dalam mendukung penempatan tenaga kerja terampil Indonesia di Austria secara aman dan berkualitas.

Komite Bersama ini akan berlangsung secara berkala untuk memperkuat kerja sama dan menyusun rencana implementasi ke depan. <U+0001F4C8><U+2728>"
"3738790332772250084","DPi2f-qjfHk","https://www.instagram.com/p/DPi2f-qjfHk/","2025-10-08 10:16:01",2025,"inainvienna",TRUE,FALSE,"Sidecar","carousel_container","mixed",139,"D","D1","","R3-residual",0,1,0,"","wirtschaft","","pertemuan; treffen","D","B","D",2,2,"#5F9CC5",FALSE,"<U+0001F91D><U+2728> Am 30. September 2025 fand in Ljubljana das 4<U+FE0F><U+20E3>. Bilaterale Konsultationsforum (BKF) zwischen <U+0001F1EE><U+0001F1E9> Indonesien und <U+0001F1F8><U+0001F1EE> Slowenien statt.

Bei dem Treffen zwischen der Direktorin f<U+00FC>r Europa I des indonesischen Au<U+00DF>enministeriums, Widya Sadnovic, und der Leiterin der Abteilung f<U+00FC>r Asien und Ozeanien des slowenischen Au<U+00DF>enministeriums, Jasna Lhotka, wurden Themen der politischen <U+0001F3DB><U+FE0F> und wirtschaftlichen Zusammenarbeit <U+0001F4C8>, der Menschen-zu-Menschen-Beziehungen <U+0001F30D><U+0001F465> sowie aktuelle regionale und globale Entwicklungen er<U+00F6>rtert.

Beide Seiten vereinbarten, den regelm<U+00E4><U+00DF>igen Dialog fortzusetzen, um die f<U+00FC>r beide Seiten vorteilhafte Zusammenarbeit weiter zu st<U+00E4>rken <U+0001F4A1><U+0001F31F>

<U+0001F91D><U+2728> Pada 30 September 2025, Forum Konsultasi Bilateral (FKB) ke-4<U+FE0F><U+20E3> antara <U+0001F1EE><U+0001F1E9> Indonesia dan <U+0001F1F8><U+0001F1EE> Slovenia telah berlangsung di Ljubljana.
Pertemuan antara Direktur Eropa I Kemlu RI, Widya Sadnovic, dan Kepala Departemen Asia & Oseania Kemlu Slovenia, Jasna Lhotka, membahas kerja sama politik <U+0001F3DB><U+FE0F>, ekonomi <U+0001F4C8>, hubungan people-to-people <U+0001F30D><U+0001F465> serta perkembangan isu-isu kawasan dan global terkini.

Kedua pihak sepakat melanjutkan dialog rutin untuk memperkuat kerja sama yang saling menguntungkan <U+0001F4A1><U+0001F31F>"
"3742375882142081555","DPvlwlvEWIT","https://www.instagram.com/p/DPvlwlvEWIT/","2025-10-13 08:59:52",2025,"ruanita.indonesia",FALSE,FALSE,"Image","feed","id",110,"A","A2","","max",3,0,0,"budaya","","","pertemuan; peringatan","A","A","A",5,2,"#FBD07D",FALSE,"<U+0001F9E0><U+0001F30D> DISKUSI INTERAKTIF: DUKUNGAN PSIKOLOGIS LINTAS BUDAYA

Dalam rangka Peringatan Hari Kesehatan Mental Sedunia 2025, #ruanitaindonesia berkolaborasi dengan @inainvienna yuk bergabung dalam diskusi interaktif yang akan mengangkat dukungan psikologis dan praktik baik responsif gender lintas budaya Indonesia - Austria!

Diselenggarakan pada:

<U+0001F4C5> Sabtu, 25 Oktober 2025
 <U+0001F551> Pukul 14.00 - selesai
 <U+0001F4CD> Ruang Pertemuan KBRI Wina
 Gustav Tschermakgasse 5<U+2013>7, Wina

<U+2728> Bersama narasumber inspiratif:
 <U+0001F399> Dr.iur. Damos Dumoli Agusman <U+2013> Dubes RI untuk Austria @inainvienna 
 <U+0001F399> Anna Kn<U+00F6>bl <U+2013> Founder Ruanita Indonesia @anna_knobl 
 <U+0001F399> Liebgard Fuchs <U+2013> Neuro-Mental Trainer @liebgardfuchs 
 <U+0001F399> Moderator: Azizah Seiger @wondering.zee  #relawanruanitaindonesia di Austria

<U+0001F517> Daftar sekarang: bit.ly/daftar-kbriwina atau scan QR di poster!
<U+0001F4AC> Diskusi menggunakan Bahasa Inggris
<U+2705> GRATIS & OFFLINE
<U+0001F36A> Snack tersedia!
<U+0001F4CC> Cocok untuk kamu yang tertarik dengan isu kesehatan mental dan gender dalam konteks budaya Indonesia - Austria.
<U+0001F4F2> Follow kami untuk info lainnya!
@ruanita.indonesia | www.ruanita.com

#ruanitaindonesia #ruanitarumahamankita #ruanitaperempuanindonesia #tinggaldiaustria #tinggaldiluarnegeri #studidiluarnegeri #kesehatanmental #psikoedukasi #tinggaldieropa"
"3747568043032335012","DQCCUeYjFKk","https://www.instagram.com/p/DQCCUeYjFKk/","2025-10-20 12:55:45",2025,"inainvienna",TRUE,FALSE,"Sidecar","carousel_container","de",240,"A","A1","","max",2,0,0,"bali","","","delegation","A","A","D",2,3,"#948073",FALSE,"Die <U+0001F1EE><U+0001F1E9> indonesische Delegation nahm an der 15. Arbeitsgruppe zur Bek<U+00E4>mpfung des Menschenhandels (Working Group on Trafficking in Persons) sowie an der 12. Arbeitsgruppe zur Bek<U+00E4>mpfung des Migrantenschmuggels (Working Group on Smuggling of Migrants) teil, die vom 6.<U+2013>7. bzw. 9.<U+2013>10. Oktober 2025 stattfanden.

<U+0001F1EE><U+0001F1E9> Indonesien brachte dabei folgende Interventionen ein:

<U+0001F4CD>WG TIPs (Menschenhandel)
<U+2705> Priorit<U+00E4>t der indonesischen Regierung bei der Bek<U+00E4>mpfung von Menschenhandel
<U+0001F91D> Betonung der St<U+00E4>rkung internationaler Zusammenarbeit zur Bek<U+00E4>mpfung von Menschenhandel
<U+270D><U+FE0F> Bekr<U+00E4>ftigung des Engagements Indonesiens zur Umsetzung des UNTOC-<U+00DC>bereinkommens und seiner Protokolle

<U+0001F4CD>WG SoM (Migrantenschmuggel)
<U+2705> Betonung des Prinzips der Lastenteilung (burden sharing) und gemeinsamen Verantwortung (shared responsibility) im Kampf gegen Migrantenschmuggel
<U+0001F91D> Aufruf zur St<U+00E4>rkung der internationalen Zusammenarbeit <U+2013> insbesondere zwischen Herkunfts-, Transit- und Ziell<U+00E4>ndern
<U+270D><U+FE0F> Bekr<U+00E4>ftigung der Verpflichtung zur Umsetzung des UNTOC-<U+00DC>bereinkommens und seiner Protokolle

<U+0001F1EE><U+0001F1E9> Indonesien berichtete au<U+00DF>erdem <U+00FC>ber:
<U+0001F4DD> den Abschluss der ersten Phase des UNTOC Review Mechanism
<U+0001F4AF> Best Practices im Kampf gegen Menschenhandel im Rahmen des Bali Process
<U+0001F4BC> laufende Ma<U+00DF>nahmen zur Bek<U+00E4>mpfung von Menschenhandel und Migrantenschmuggel

<U+2014>-

Delegasi <U+0001F1EE><U+0001F1E9> telah berpartisipasi pada 15th Working Group on Trafficking in Person & 12th Working Group on Smuggling of Migrants, 6-7 & 9-10 Oktober 2025.

<U+0001F1EE><U+0001F1E9> sampaikan intervensi sbb:

<U+0001F4CD>WG TIPs
<U+2705> Proritas Pemri tangani isu TPPO
<U+0001F91D> tekankan penguatan kerjasama internasional dlm tangani TPPO
<U+270D><U+FE0F>komitmen Pemri berantas TPPO & laksanakan ketentuan UNTOC dan protokolnya

<U+0001F4CD>WG SoM
<U+2705> prinsip burden sharing & shared responsibilty utk melawan penyelundupan migran
<U+0001F91D>tekankan penguatan kerjasama internasional termasuk negara asal, transit & tujuan
<U+270D><U+FE0F>tegaskan laksanakan ketentuan UNTOC & protokolnya

<U+0001F1EE><U+0001F1E9> juga update:
<U+0001F4DD>penyelesaian tahap pertama UNTOC Review Mechanism
<U+0001F4AF> best practices addressing TPPO via Bali Process
<U+0001F4BC> upaya penanganan TPPO & penyelundupan migran

#inidiplomasi
#indonesiauntukdunia
#inainvienna"
"3749887023810096641","DQKRmFiDC4B","https://www.instagram.com/p/DQKRmFiDC4B/","2025-10-23 17:43:09",2025,"anjahawa",FALSE,FALSE,"Sidecar","carousel_container","de",171,"A","A1","","max",4,0,0,"lombok; insel; kultur; vielfalt","","","delegation","A","A","A",2,2,"#1D1E23",FALSE,"Was f<U+00FC>r ein sch<U+00F6>ner Abend am Weingut Kerschbaum <U+0001F347><U+0001F91D>

Gemeinsam mit LK-Pr<U+00E4>sident Nikolaus Berlakovich ging<U+2019>s zum burgenl<U+00E4>ndisch-indonesischen Vernetzungstreffen ins Blaufr<U+00E4>nkischland nach Horitschon.

Botschafter S.E. Dr. Damos Dumoli Agusman kam samt Delegation angereist, um sich genau wie wir inspirieren zu lassen von einer wirklich wunderbaren Geschichte:

Winzer David Kerschbaum wird derzeit von zwei indonesischen Erntehelfern unterst<U+00FC>tzt. Ari und Hendra, die beide von der Insel Lombok stammen, arbeiten am Weingut Kerschbaum nicht nur mit, sondern wollen auch viel <U+00FC>ber den biologischen Weinbau lernen.<U+0001F331>

Da sind sie im Burgenland goldrichtig!

Der Botschafter zeigte sich angetan von der Herzlichkeit, Offenheit und Innovationskraft unserer Region <U+2013> und lobte die interkulturelle Zusammenarbeit am Weingut Kerschbaum ausdr<U+00FC>cklich.

Begegnungen wie diese zeigen, wie gut Bildung, Nachhaltigkeit und kultureller Austausch miteinander harmonieren <U+2013> und dass das Burgenland auch international als Vorbild f<U+00FC>r biologische Landwirtschaft und gelebte Vielfalt wahrgenommen wird. <U+0001F49A>

Kr<U+00F6>nender Abschluss war ein gemeinsames interkulturelles Abendessen mit Spanferkel und Krautfleckerl. <U+00C4>hnlich wie bei den gro<U+00DF>artigen Weinen, die wir bei dieser Gelegenheit verkosten durften, ist mir die Entscheidung nicht gerade leicht gefallen ...

#nachhaltigkeit #weinbau #biowein #horitschon

(LHS)"
"3752542606895730308","DQTtZ6Aic6E","https://www.instagram.com/p/DQTtZ6Aic6E/","2025-10-27 09:39:19",2025,"ruanita.indonesia",FALSE,FALSE,"Sidecar","carousel_container","id",113,"D","D1","","R3-residual",0,0,0,"","","","bertemu; pertemuan; PPI","D","D","D",5,2,"#FBD080",FALSE,"#sahabatruanita 

<U+0001F31F>Pada hari Sabtu (25/10) telah dilaksanakan diskusi luring di aula pertemuan KBRI Wina, Austria yang dibuka resmi oleh Dubes RI untuk Austria, Slovenia, dan Organisasi Internasional di Wina, Dr.iur. Damos Dumoli Agusman.

<U+0001F5E3><U+FE0F>Hadir sebagai pembicara adalah Anna Kn<U+00F6>bl dan Liebgard Fuchs @liebgardfuchs. Acara yang berlangsung Interaktif dan positif ini dimoderasi oleh Azizah Seiger @wondering.zee #relawanruanitaindonesia di Austria. 

<U+2705>Slide foto pertama: foto bersama setelah pembukaan acara.
<U+2705>Slide foto kedua: (Atas) Bapak Dubes berkenan memberikan pengantar diskusi. (Kiri Bawah) Sesi icebreaking games bersama Libi & Anna. (Kanan Bawah) Azizah sedang memandu jalannya diskusi.

<U+0001FAF6><U+0001F3FD>Terima kasih kepada
<U+2705>KBRI Wina, Austria @inainvienna 
<U+2705>PPI Austria @ppiaustria 
<U+2705> Bapak Shabda Thian @shabdathian 
<U+2705> Ibu Vita beserta seluruh jajaran KBRI Wina Austria
<U+2705>#sahabatruanita di Austria 

Sampai bertemu pada kesempatan berikutnya.

#ruanitaindonesia #ruanitaperempuanindonesia #ruanitarumahamankita #tinggaldiaustria #studidiluarnegeri #psikoedukasi #offlineruanita"
"3770711207289441547","DRUQd1tEk0L","https://www.instagram.com/p/DRUQd1tEk0L/","2025-11-21 11:17:28",2025,"inainvienna",TRUE,FALSE,"Video","clips","en",16,"D","D6","","R3-residual",0,0,0,"","","","","D","D","D",7,3,"#ECD6B8",FALSE,"@yuji_beleza trying Jamu, indonesian traditional beverage. Thank you @irene.umar for the time and showing us Jakarta <U+0001F64F><U+0001F3FC> What a trip <U+2728><U+2728>"
"3772870265454825100","DRb7YRUEY6M","https://www.instagram.com/p/DRb7YRUEY6M/","2025-11-24 10:46:45",2025,"inainvienna",TRUE,FALSE,"Image","feed","id",75,"D","D3","","R3-residual",0,0,0,"","","","diaspora; WNI; konsuler","D","D","D",6,2,"#F4F0E9",FALSE,"PENDAFTARAN WARUNG KONSULER @ GRAZ AUSTRIA

KBRI/PTRI Wina akan kembali menyelenggarakan Warung Konsuler (Warkon) bagi WNI dan Diaspora Indonesia yang berdomisili di Graz dan sekitarnya. Kegiatan Warkon akan dilaksanakan pada:

Hari/Tanggal: Kamis, 4 Desember 2025
Pukul: 10.00 <U+2013> 16.00
Tempat: Room Da Vinci, Austria Trend Hotel Europa Graz, Bahnhofg<U+00FC>rtel 89, 8020 Graz

Untuk pendaftar, WAJIB mengisi formulir pendaftaran berikut dan mengikuti ketentuan yang telah ditetapkan, pada tautan berikut:
https://bit.ly/Warkon-GZ25

<U+26A0><U+FE0F> Batas pengisian dan pengiriman dokumen adalah 30 November 2025. Mohon mengisi data dengan lengkap ya!"
"3774400999088268082","DRhXbYGiSMy","https://www.instagram.com/p/DRhXbYGiSMy/","2025-11-26 13:29:24",2025,"ekraf.ri",FALSE,FALSE,"Video","clips","id",60,"D","D6","","R3-residual",0,0,0,"","","","","D","D","D",3,2,"#9E5124",FALSE,"Kali ini giliran Mas @yuji_beleza yang ditanyain! <U+0001FAE3>

Mas Yuji main ke kantor Ekraf dan diajak challenge buat nebak beragam bahasa daerah di Indonesia! Dikerjain nih Mas Yuji, sampe kebingungan gitu ekspresinya<U+0001F62E><U+200D><U+0001F4A8>

Kalian tahu enggak kalau bahasa daerah di Indonesia mencapai 700 lebih bahasa? Indonesia emang keren! <U+0001F1EE><U+0001F1E9>

Ada yang bisa nebak arti dari bahasa-bahasa daerah di video ini? Komen di bawah, yuk! <U+2B07><U+FE0F> 

#ekraf #Ekraf #EkonomiKreatifBangkit #TeukuRiefky #IreneUmar"
"3779115496869355887","DRyHYWUEmFv","https://www.instagram.com/p/DRyHYWUEmFv/","2025-12-03 01:34:55",2025,"bpvpbanyuwangi",FALSE,FALSE,"Sidecar","carousel_container","id",125,"B","B3","","max",0,3,0,"","produk; kualitas; produkt","","","B","B","B",5,2,"#EDEEEF",FALSE,"Hari ini menjadi momen penting bagi BPVP Banyuwangi dengan dilaksanakannya Project Final Handover hasil kerja sama pengembangan balai antara BPVP Banyuwangi dan Pemerintah Austria melalui eee Austria.

Kerja sama ini merupakan bagian dari komitmen bersama untuk memperkuat kualitas pelatihan vokasi, meningkatkan standarisasi peralatan, dan menghadirkan lingkungan pembelajaran yang semakin modern, adaptif, dan berdaya saing internasional.

Melalui dukungan teknologi, fasilitas, dan transfer pengetahuan yang diberikan, BPVP Banyuwangi diharapkan mampu menyediakan pelatihan yang lebih relevan dengan kebutuhan industri global, serta menghasilkan SDM yang kompeten, produktif, dan siap bersaing di pasar kerja internasional.

Terima kasih kepada Pemerintah Austria dan eee Austria atas kolaborasi strategis ini. BPVP Banyuwangi akan terus menjaga keberlanjutan program, memaksimalkan pemanfaatan fasilitas, dan menghadirkan layanan vokasi terbaik untuk masyarakat.

Stronger collaboration, stronger skills, stronger future!

#BPVPBanyuwangi #Kemnaker #eeeAustria #AustriaIndonesia #VokasiBerkolaborasi #PelatihanVokasi #SDMUnggul #InternationalCooperation #BanyuwangiProduktif"
"3785882956897006660","DSKKH2nDTRE","https://www.instagram.com/p/DSKKH2nDTRE/","2025-12-12 09:40:39",2025,"inainvienna",TRUE,FALSE,"Image","feed","de",52,"A","A2","","max",6,0,0,"budaya; BIPA; festival; kultur; vielfalt","","","studierende","A","A","A",2,2,"#7F1114",FALSE,"<U+0001F389> PENTAS BUDAYA <U+2013> Indonesischer Kulturabend

Erleben Sie einen Abend mit traditionellen Darbietungen, einer Handwerksausstellung
und einem indonesischen Kulinarik-Festival,
pr<U+00E4>sentiert von den BIPA-Studierenden (Indonesisch f<U+00FC>r Ausl<U+00E4>nder), Jahrgang 2025/2026.

<U+0001F4C5> Donnerstag, 18. Dezember 2025
<U+23F0> 18:30 <U+2013> 20:30 Uhr
<U+0001F4CD> Botschaft der Republik Indonesien in Wien
Gustav Tschermakgasse 5<U+2013>7, 1180 Wien

<U+0001F39F> Eintritt frei <U+2013> Anmeldung erforderlich:
<U+0001F517> https://docs.google.com/forms/d/e/1FAIpQLSf4ho-OpGGg7mbe1YBifpjX1m8zU3wMwWovVziDbSmb2JH2tg/viewform

Feiern Sie mit uns die Vielfalt der indonesischen Kultur! <U+0001F1EE><U+0001F1E9><U+2728>"
"3788936271109111540","DSVAXbEDT70","https://www.instagram.com/p/DSVAXbEDT70/","2025-12-16 14:47:02",2025,"inainvienna",TRUE,FALSE,"Sidecar","carousel_container","mixed",167,"D","D5","","R3-residual",0,0,0,"","","","selamat","D","D","D",2,2,"#A3A1A9",FALSE,"<U+0001F1E6><U+0001F1F9>Am heutigen Dienstag, dem 16. Dezember 2025, hat der Botschafter der Republik Indonesien f<U+00FC>r <U+00D6>sterreich, S.E. Dr. iur. Damos Dumoli Agusman @damos.agusman , Mag. (FH) Stefan D<U+00FC>ss offiziell als Honorarkonsul der Republik Indonesien in Graz mit Zust<U+00E4>ndigkeit f<U+00FC>r die Bundesl<U+00E4>nder Steiermark und K<U+00E4>rnten vereidigt.

Die Indonesische Botschaft in Wien hei<U+00DF>t Stefan D<U+00FC>ss herzlich in der gro<U+00DF>en indonesischen Familie in <U+00D6>sterreich willkommen. <U+0001F1EE><U+0001F1E9><U+0001F91D><U+0001F1E6><U+0001F1F9>

Wir sind zuversichtlich, dass die Pr<U+00E4>senz des Honorarkonsuls zur Erweiterung der diplomatischen Reichweite sowie zur weiteren St<U+00E4>rkung der bilateralen Beziehungen zwischen Indonesien und <U+00D6>sterreich beitragen wird.

<U+0001F4CD> Honorarkonsulat der Republik Indonesien in Graz
K<U+00E4>rntner Stra<U+00DF>e 337, 8054 Graz
<U+0001F4DE> +43 316 9222 88 <U+2013> 702
<U+2709><U+FE0F> stefan.duess@eee-austria.com

<U+0001F1EE><U+0001F1E9>Pada hari ini, Selasa, 16 Desember 2025, Duta Besar RI untuk Austria, H.E. Dr. iur. Damos Dumoli Agusman, melantik Mag. (FH) Stefan D<U+00FC>ss sebagai Konsul Kehormatan Republik Indonesia di Graz dengan wilayah kerja Styria dan Carinthia. 

KBRI Wina mengucapkan selamat bergabung dalam keluarga besar Indonesia di Austria kepada Stefan! <U+0001F1EE><U+0001F1E9><U+0001F91D><U+0001F1E6><U+0001F1F9>

Semoga kehadiran Konsul Kehormatan RI dapat memperluas jangkauan diplomasi dan memperkuat hubungan bilateral Indonesia<U+2013>Austria.

<U+0001F4CD> Honorarkonsulat RI di Graz
K<U+00E4>rntner Stra<U+00DF>e 337, 8054 Graz
<U+0001F4DE> +43 316 9222 88 <U+2013> 702
<U+2709><U+FE0F> stefan.duess@eee-austria.com"
"3814775763799431091","DTwzlh7CNez","https://www.instagram.com/p/DTwzlh7CNez/","2026-01-21 06:25:30",2026,"inainvienna",TRUE,FALSE,"Sidecar","carousel_container","mixed",90,"B","B3","","max",0,4,0,"","produk; produkt","","pertemuan; treffen; multilateral","B","B","B",13,3,"#6E859D",FALSE,"Ein produktives Treffen zwischen den in Slowenien akkreditierten ASEAN-Botschaftern (<U+0001F1EE><U+0001F1E9> @damos.agusman <U+0001F1FB><U+0001F1F3> <U+0001F1F5><U+0001F1ED> <U+0001F1F9><U+0001F1ED>) und S.E. Frau Melita Gabric, Staatssekret<U+00E4>rin f<U+00FC>r multilaterale Angelegenheiten, politische Angelegenheiten und Entwicklungszusammenarbeit. Im Mittelpunkt standen die St<U+00E4>rkung der Beziehungen zwischen <U+0001F1F8><U+0001F1EE> und der #ASEAN sowie der Beitrittsprozess Sloweniens zum Treaty of Amity and Cooperation (TAC).

Pertemuan yang produktif bersama para Kepala Perwakilan negara-negara ASEAN (<U+0001F1EE><U+0001F1E9> <U+0001F1FB><U+0001F1F3> <U+0001F1F5><U+0001F1ED> <U+0001F1F9><U+0001F1ED>) yang terakreditasi di Slowenia dan Y.M. Ibu Melita Gabric, State Secretary for Multilateral Affairs, Political Affairs and Development Cooperation, membahas penguatan hubungan antara <U+0001F1F8><U+0001F1EE> dan #ASEAN, termasuk proses aksesi Slowenia terhadap Treaty of Amity and Cooperation in Southeast Asia (TAC)."
"3822018407030103126","DUKiX3ECJxW","https://www.instagram.com/p/DUKiX3ECJxW/","2026-01-31 06:15:20",2026,"inainvienna",TRUE,FALSE,"Sidecar","carousel_container","mixed",98,"A","A2","B","max",3,2,0,"reise; budaya; kultur","produk; produkt","","komunitas; olahraga; gemeinschaft","A","A","A",2,2,"#FDFDFD",FALSE,"2025 <U+2013> Danke f<U+00FC>r die gemeinsame Reise <U+0001F1EE><U+0001F1E9><U+0001F1E6><U+0001F1F9>

J<U+00E4>nner bis Dezember: ein Jahr voller Begegnungen, Dialoge und Zusammenarbeit. Diplomatie, Kultur, Sport, Gemeinschaft und viele unvergessliche Momente <U+2013> getragen von Teamwork und Vertrauen.

Danke an alle Partner:innen, Kolleg:innen und Communities f<U+00FC>r das gemeinsame Engagement.
2025 war dynamisch, produktiv und vor allem: gemeinsam. <U+2728>

2025 <U+2013> Terima kasih atas perjalanan bersama <U+0001F1EE><U+0001F1E9><U+0001F1E6><U+0001F1F9>

Dari Januari hingga Desember, 2025 dipenuhi kerja sama, dialog, dan kebersamaan.
Diplomasi, budaya, olahraga, dan kegiatan komunitas berjalan seiring berkat kolaborasi dan kepercayaan banyak pihak.

Terima kasih kepada seluruh mitra, rekan kerja, dan komunitas atas dukungan dan kebersamaan sepanjang tahun. 2025 adalah tahun kolaborasi dan pencapaian bersama."
"3829559756587881075","DUlVE8JjVJz","https://www.instagram.com/p/DUlVE8JjVJz/","2026-02-10 16:00:17",2026,"inainvienna",TRUE,FALSE,"Image","feed","de",64,"A","A2","","max",5,0,0,"bahasa indonesia; kultur; vielfalt","","","","A","A","A",2,2,"#F4F3F0",FALSE,"Online-Sprachkurs Bahasa Indonesia <U+2013> Jetzt anmelden! <U+0001F1EE><U+0001F1E9><U+2728>

Entdecke Indonesien durch Sprache und Kultur!
Unser kostenloser Online-Sprachkurs Bahasa Indonesia startet am 2. M<U+00E4>rz 2026 und l<U+00E4>uft bis Juni 2026.

<U+0001F539> F<U+00FC>r alle Altersgruppen & Sprachniveaus
<U+0001F539> Keine Vorkenntnisse erforderlich
<U+0001F539> Qualifizierte Lehrkr<U+00E4>fte
<U+0001F539> In Kooperation mit der Universit<U+00E4>t Wien

<U+0001F4CC> Kurszeiten f<U+00FC>r verschiedene Niveaus verf<U+00FC>gbar (A1<U+2013>C1 & Kindergruppe).
<U+0001F4E9> Anmeldung erforderlich: Link im Poster / in der Bio.

Lerne Bahasa Indonesia und tauche ein in die Vielfalt Indonesiens! <U+0001F30F>"
"3840348152851338636","DVLqExIiBWM","https://www.instagram.com/p/DVLqExIiBWM/","2026-02-25 13:13:16",2026,"inainvienna",TRUE,FALSE,"Sidecar","carousel_container","de",126,"B","B2","A","max",3,4,0,"tourism; visit; tourismus","business; wirtschaft; wirtschaftskammer","","besuch","B","B","B",2,2,"#636360",FALSE,"Am Dienstag (24.2.) nahm der Botschafter/St<U+00E4>ndige Vertreter der Republik Indonesien in Wien, Dr. (iur.) Damos Dumoli Agusman @damos.agusman , gemeinsam mit den Leiterinnen und Leitern der ASEAN-Vertretungen in Wien an einer R&D Site Visit teil, organisiert von der Wirtschaftskammer <U+00D6>sterreich (WK<U+00D6>) @wkowien in Zusammenarbeit mit dem Bundesministerium f<U+00FC>r Wirtschaft, Energie und Tourismus (BMWET).

Besucht wurden mehrere f<U+00FC>hrende Innovations- und Technologiezentren in Wien:
<U+2022> Vienna Business Agency
<U+2022> Austrian Institute of Technology
<U+2022> Aspern Seestadt
<U+2022> Climate Lab

Im Mittelpunkt standen internationale Kooperationsm<U+00F6>glichkeiten <U+2013> von Expert*innenaustausch und Forschungskooperationen bis hin zu Startup-F<U+00F6>rderprogrammen.

Wien positioniert sich weiterhin als einer der f<U+00FC>hrenden Innovationsstandorte Europas <U+2013> mit einem starken Zusammenspiel aus Bildung, Forschung, <U+00F6>ffentlicher F<U+00F6>rderung und einem dynamischen Startup-<U+00D6>kosystem in Bereichen wie K<U+00FC>nstliche Intelligenz, Quantencomputing, Life Sciences und Green Technology.

<U+0001F30D> Partnerschaften st<U+00E4>rken. Innovation f<U+00F6>rdern. Zukunft gestalten.

#ASEAN #IndonesienInWien #Innovation #Forschung #Technologie"
"3840451018274033329","DVMBdqBgs6x","https://www.instagram.com/p/DVMBdqBgs6x/","2026-02-25 16:37:39",2026,"ppiaustria",FALSE,FALSE,"Sidecar","carousel_container","id",34,"D","D1","","R3-residual",0,0,0,"","","","courtesy call; PPI","D","D","D",5,2,"#F9B929",FALSE,"Salam dari Wina! Rombongan PPI Austria disambut baik oleh KBRI Wina pada 19 Februari 2026 dalam rangka courtesy call dan koordinasi program kerja. Terimakasih atas sambutan hangat dan arahan yang membangun. Kami siap bersinergi untuk Indonesia <U+0001FAE1><U+0001F1EE><U+0001F1E9>

#KBRIWina #PPIAustria #BergerakBersamaPeduliSesama"
"3844073280370464137","DVY5EgfDVWJ","https://www.instagram.com/p/DVY5EgfDVWJ/","2026-03-02 16:40:25",2026,"inainvienna",TRUE,FALSE,"Image","feed","en",110,"D","D4","","R3-residual",0,0,0,"","","","permanent mission","D","D","D",7,3,"#F9F9F9",FALSE,"With deep sorrow, the Government of the Republic of Indonesia announces the passing of H.E. Mr. Try Sutrisno, the 6th Vice President of the Republic of Indonesia, who passed away on 2 March 2026 in Jakarta.

In honoring the life and service of a distinguished statesman who dedicated himself to the nation with integrity and commitment, an online Book of Condolence has been opened to allow members of the public to express their sympathy and remembrance.

The Embassy and Permanent Mission of the Republic of Indonesia in Vienna kindly invites you to share messages of condolence, prayers, or personal reflections using the said link: https://bit.ly/CondolencesBookWina-HETS

The Condolence E-Book will be available for entries until 4 March 2026."
"3848141748094944993","DVnWIgUjMbh","https://www.instagram.com/p/DVnWIgUjMbh/","2026-03-08 07:25:28",2026,"inainvienna",TRUE,FALSE,"Video","clips","mixed",47,"D","D2","","R3-residual",0,0,0,"","","","gemeinschaft","D","D","D",7,3,"#504E4A",FALSE,"Today and every day, we honor the women who shape our communities, inspire change, and build a more inclusive world. Happy International Women<U+2019>s Day <U+0001F30F><U+0001F6BA>

Heute und an jedem Tag feiern wir Frauen, die unsere Gemeinschaften pr<U+00E4>gen, Ver<U+00E4>nderungen inspirieren und eine inklusivere Welt gestalten. Alles Gute zum Internationalen Frauentag <U+0001F30F><U+0001F6BA>"
"3853269154250217426","DV5j-FbDdfS","https://www.instagram.com/p/DV5j-FbDdfS/","2026-03-15 09:05:00",2026,"info_wapena",FALSE,FALSE,"Sidecar","carousel_container","id",168,"D","D5","","R3-residual",0,0,0,"","","","warga; pengajian; idulfitri","D","D","D",15,2,"#147D8F",FALSE,"Kepada Yth. Bapak2/Ibu2/ Sdr2/i Warga Pengajian Austria (WAPENA), yang insya Allah dimuliakan Allah.

Assalaamu<U+2019>alaikum Wr. Wb.

<U+0627><U+0644><U+0644><U+0647><U+064F> <U+0623><U+0643><U+0652><U+0628><U+064E><U+0631><U+064F> <U+0627><U+0644><U+0644><U+0647><U+064F> <U+0623><U+0643><U+0652><U+0628><U+064E><U+0631><U+064F> <U+0627><U+0644><U+0644><U+0647><U+064F> <U+0623><U+0643><U+0652><U+0628><U+064E><U+0631><U+064F><U+060C> <U+0644><U+0627> <U+0625><U+0650><U+0644><U+0647><U+064E> <U+0625><U+0650><U+0644><U+0627><U+064E><U+0651> <U+0627><U+0644><U+0644><U+0647><U+064F> <U+0648><U+0627><U+0644><U+0644><U+0647><U+064F> <U+0623><U+0643><U+0652><U+0628><U+064E><U+0631><U+064F> <U+0627><U+0644><U+0644><U+0647><U+064F> <U+0623><U+0643><U+0652><U+0628><U+064E><U+0631><U+064F> <U+0648><U+0650><U+0644><U+0644><U+0647><U+0650> <U+0627><U+0644><U+062D><U+064E><U+0645><U+0652><U+062F><U+064F>

Allaahu akbar Allaahu akbar Allaahu akbar
Laa ilaaha illallaahu wallaahu akbar
Allaahu akbar walillaahil hamd

Bersama ini, Panitia Ramadhan 1447 H izin menyampaikan bahwa Wapena, bekerja sama dan dengan dukungan serta fasilitas dari KBRI, akan menyelenggarakan Salat Idulfitri, yang insya Allah berlangsung pada:

<U+0001F5D2><U+FE0F> Hari/Tanggal: Jumat, 20 Maret 2026

<U+23F0> Waktu Salat: pukul 08.30 CET (registrasi dibuka mulai 07.30 CET)

<U+0001F4CD> Tempat: KBRI/PTRI Wina
(Gustav-Tschermak-Gasse 5-7, 1180, Wina)

*Registrasi* : https://bit.ly/IdulFitriKBRIWina26

Adapun, pelaksanaan salat dapat mengikuti ketentuan berikut ini:
<U+25AB><U+FE0F>Membawa sajadah sendiri, serta kantong plastik untuk wadah alas kaki masing-masing
<U+25AB><U+FE0F>Sudah berwudu dari rumah
<U+25AB><U+FE0F>Setelah Salat Idulfitri berlangsung akan diadakan halal bihalal bersama Duta Besar RI

Semoga Allah meridai dan membimbing kita semua, serta memberikan kita kesehatan dan keluangan waktu untuk bersama-sama menunaikan Salat Idulfitri sesuai dengan informasi dan ketentuan ini.

Terima kasih banyak atas perhatian dan pengertiannya.

Wassalamualaikum Wr. Wb."
"3869089887316085957","DWxxMDRiAzF","https://www.instagram.com/p/DWxxMDRiAzF/","2026-04-06 04:57:58",2026,"inainvienna",TRUE,FALSE,"Sidecar","carousel_container","en",251,"A","A1","","max",5,0,0,"visit","","","pertemuan; meeting; CTBTO; peringatan; commemoration","A","A","A",5,2,"#282831",FALSE,"<U+0001F30D> In commemoration of the 30th anniversary of the Comprehensive Nuclear-Test-Ban Treaty (CTBT), the Executive Secretary of the @ctbto_un CTBTO, Dr. Robert Floyd, paid an official visit to Indonesia from 30 March to 2 April 2026.

<U+0001F4CD> During the visit, Dr. Floyd, accompanied by the Ambassador of the Republic of Indonesia in Vienna @damos.agusman, visited the BMKG seismic station in Lembang, one of six CTBTO-donated stations in Indonesia. <U+0001F91D> He also held meetings with the Head of BMKG, the Vice Minister of Foreign Affairs of Indonesia, the Secretary-General of @asean ASEAN, the ASEAN Institute for Peace and Reconciliation (AIPR), and the Vice Minister of National Development Planning. <U+0001F393> In addition, he delivered a public lecture at the Faculty of Social and Political Sciences of Universitas Padjadjaran.

<U+262E><U+FE0F> The visit reaffirms Indonesia<U+2019>s strong commitment to continuously support the CTBTO as a key instrument in promoting global peace and advancing a world free of nuclear weapons.

More infos about the visit <U+0001F449><U+0001F3FC> https://www.kompas.id/artikel/en-merayakan-tonggak-bersejarah-pengendalian-nuklir

<U+0001F1EE><U+0001F1E9><U+0001F30D> Dalam rangka peringatan 30 tahun Traktat Pelarangan Menyeluruh Uji Coba Nuklir (CTBT), Executive Secretary CTBTO @ctbto_un Dr. Robert Floyd, melakukan kunjungan ke Indonesia pada 30 Maret <U+2013> 2 April 2026.

<U+0001F4CD> Selama kunjungan, Dr. Floyd didampingi oleh Duta Besar RI di Wina @damos.agusman mengunjungi stasiun seismik BMKG di Lembang, salah satu dari enam stasiun seismik donasi CTBTO, serta melakukan pertemuan dengan Kepala BMKG @infobmkg , Wakil Menteri Luar Negeri RI @kemlu_ri , Sekretaris Jenderal ASEAN @asean AIPR, dan Wakil Menteri Bappenas 

<U+0001F393> Dr.Robert Floyd juga memberikan kuliah umum di FISIP Universitas Padjadjaran @unpad 

<U+0001F91D> Kunjungan ini menegaskan komitmen Indonesia untuk terus mendukung penuh CTBTO sebagai instrumen penting dalam mendorong perdamaian global dan mewujudkan dunia bebas senjata nuklir. <U+262E><U+FE0F>"
"3870477912139896038","DW2syeIGBTm","https://www.instagram.com/p/DW2syeIGBTm/","2026-04-08 02:55:43",2026,"arrmanathanasir",FALSE,FALSE,"Sidecar","carousel_container","id",141,"D","D4","","R3-residual",0,0,0,"","","","menerima kunjungan; masyarakat indonesia; CTBTO","D","D","D",5,2,"#DFD5D1",FALSE,"Menerima kunjungan resmi Executive Secretary Comprehensive Nuclear-Test-Ban Treaty Organization @ctbto_un, Dr. Robert Floyd (Jakarta, 2/4)

Melalui rangkaian perjalanan di Asia Pasifik dalam memperingati 30 tahun CTBT, Sekretaris Eksekutif CTBTO mengajak negara-negara pihak CTBT untuk memperkuat komitmen terhadap perlucutan senjata dan non-proliferasi.

Kami bertukar pandangan mengenai situasi geopolitik dan perlucutan senjata global yang semakin kompleks.

Saya tekankan komitmen kuat Indonesia terhadap perdamaian global dan dunia yang bebas senjata nuklir, serta peran dan upaya CTBTO dalam memajukan, mempertahankan, dan mempromosikan perlarangan uji coba senjata nuklir.
 
Keikutsertaan Indonesia dalam CTBTO memberikan manfaat nyata dalam penguatan kapasitas nasional, baik teknis maupun sumber daya manusia, termasuk sistem verifikasi internasional melalui pengoperasian enam stasiun seismik BMKG yang terintegrasi dengan jaringan pemantauan global CTBTO. Hal ini tidak hanya melindungi masyarakat Indonesia dari ancaman gempa bumi dan tsunami, tetapi juga dalam membantu dunia mendeteksi aktivitas nuklir secara global.

#IniDiplomasi #IndonesiaUntukDunia"
"3870584127511265595","DW3E8G5kwE7","https://www.instagram.com/p/DW3E8G5kwE7/","2026-04-08 06:32:26",2026,"gratiachoir",FALSE,FALSE,"Image","feed","en",105,"A","A2","","max",3,0,0,"music","","","","A","A","A",7,3,"#631A1F",FALSE,"Gratia Choir with the Embassy of the Republic of Indonesia in Vienna @inainvienna proudly present

Echoes of Joy: A Symphony That Resonates <U+2728>

This special concert marks a meaningful musical journey as Gratia Choir brings the richness of Indonesian choral artistry to the heart of Vienna. This concert is also part of Gratia Choir<U+2019>s musical journey following their participation in the European Grand Prix for Choral Singing Final in Maribor, Slovenia.

Each voice carries dedication, passion, and the spirit of singing together in unity. <U+0001F3BC>

<U+0001F4CD> Peterskirche, Vienna, Austria
<U+0001F4C5> April 19, 2026
<U+23F0> 3:00 <U+2013> 3:45 PM

We warmly invite you to join us and experience an afternoon of choral music that resonates with joy and meaning. <U+2728>

@unika.soegijapranata @inainvienna 

#choirindonesia #paduansuaraindonesia #gratiachoir"
"3872699984747539923","DW-mB4gia3T","https://www.instagram.com/p/DW-mB4gia3T/","2026-04-11 04:31:42",2026,"bali_arbitration",FALSE,FALSE,"Image","feed","en",53,"D","D6","","R3-residual",1,0,0,"visit","","","","D","A","D",5,2,"#8087D7",FALSE,"A meaningful visit in Vienna with an old friend, H.E. Damos Dumoli Agusman @damos.agusman , Ambassador of Indonesia to Austria @inainvienna 

It was a true honor to present Ambassador Agusman with a Certificate of Recognition for his role on BIAMC<U+2019>s Academic Advisory Board, in recognition of his valuable professional insight and experience, and to continue building meaningful connections across borders.

#IndonesiaAustria #InternationalLaw  #AcademicExcellence #CrossBorderCollaboration #BIAMC"
"3880018875450885132","DXYmJwpD4QM","https://www.instagram.com/p/DXYmJwpD4QM/","2026-04-21 06:52:44",2026,"unika.soegijapranata",FALSE,FALSE,"Image","feed","id",40,"D","D6","","R3-residual",0,0,0,"","","","","D","D","D",5,2,"#3C2C70",FALSE,"Terima kasih, Gratia Choir.
Atas dedikasi, perjuangan, dan semangat yang telah membawa nama Indonesia ke panggung dunia.

Menjadi satu-satunya wakil Indonesia di Grand Final European Grand Prix for Choral Singing (EGP) 2026 adalah pencapaian yang membanggakan.

Terus berkarya, kami bangga.

#GratiaChoirUntukIndonesia #SCUProud #EGP2026 #UnikaSoegijapranata #SCUSemarang"
"3880253591999288949","DXZbhVdjRZ1","https://www.instagram.com/p/DXZbhVdjRZ1/","2026-04-21 14:42:53",2026,"inainvienna",TRUE,FALSE,"Video","clips","en",109,"D","D5","","R3-residual",0,0,0,"","","","selamat; hari kartini; frohe","D","D","D",7,3,"#D3CFC0",FALSE,"Selamat Hari Kartini! <U+0001F338> Yang terpenting bukan busananya, tapi semangatnya. KBRI Wina mengajak kamu berbagi: apa harapanmu untuk perempuan Indonesia dan langkah nyata apa yang sudah kamu lakukan? Tinggalkan komentarmu <U+0001F447>

<U+2014><U+2014>

Happy Kartini Day! <U+0001F338> It<U+2019>s not about the outfit, but the spirit. The Embassy of Indonesia in Vienna invites you to share: what are your hopes for Indonesian women, and what real actions have you taken? Drop your thoughts in the comments <U+0001F447>

<U+2014><U+2014>

Frohen Kartini-Tag! <U+0001F338> Es geht nicht um die Kleidung, sondern um den Geist dahinter. Wir laden euch ein: Was sind eure Hoffnungen f<U+00FC>r indonesische Frauen und welche konkreten Schritte habt ihr bereits unternommen? Hinterlasst eure Gedanken in den Kommentaren <U+0001F447>"
"3884656425167613405","DXpEm_Yje3d","https://www.instagram.com/p/DXpEm_Yje3d/","2026-04-27 16:27:14",2026,"inainvienna",TRUE,FALSE,"Video","clips","en",72,"B","B3","A","max",2,4,0,"culture; heritage","trade; coffee","","","B","B","B",7,3,"#C3CBAE",FALSE,"<U+2615> Vienna, get ready! We are brewing something extraordinary!

Mark your calendars for 20 June 2026 and dive into a bold celebration of Indonesian specialty coffee, culture, and connection. From bean to cup, discover the stories, flavours, and craftsmanship behind one of the world<U+2019>s richest coffee origins. 

In collaboration with MANANA Caf<U+00E9> @coffee.manana , Acidity Project @acidity_project , and Caf<U+00E9> Exchange @cafe_exchange this special event brings Indonesia<U+2019>s finest coffee heritage to the heart of Vienna<U+0001F1EE><U+0001F1E9><U+2728>

Trade. Trace. Connect. Save the date."
"3885128499208349724","DXqv8kmD2gc","https://www.instagram.com/p/DXqv8kmD2gc/","2026-04-28 08:03:49",2026,"safetravel.kemlu",FALSE,FALSE,"Sidecar","carousel_container","id",45,"D","D6","","R3-residual",1,0,1,"travel","","safe","","D","C","D",3,5,"#DFDFDC",FALSE,"Vienna punya sisi yang jarang banget dibahas <U+0001F1E6><U+0001F1F9>

Swipe untuk tau lebih banyak, terus save post ini sebelum berangkat! <U+0001F516>

Kalau masih penasaran sama Vienna atau negara Austria, kamu bisa cek lebih lengkap di fitur Fun Facts atau tanya chatbot SARI di aplikasi Safe Travel. Download now!"
"3886417751446590385","DXvVFqTvxOx","https://www.instagram.com/p/DXvVFqTvxOx/","2026-04-30 02:46:45",2026,"safetravel.kemlu",FALSE,FALSE,"Video","clips","id",34,"A","A1","","max",2,0,0,"destinasi; musik","","","","A","A","D",3,5,"#EFF0EE",FALSE,"Musik klasik dan palace? OVERRATED!

Tonton video ini sampai habis buat cari tahu spot yang masih jarang diketahui sama turis <U+0001F92B>

Btw, ada yang tau apa nama destinasi no. 4? Coba jawab di kolom komentar dong <U+0001F4AC>"
"3889339541778060067","DX5tbTmj9Mj","https://www.instagram.com/p/DX5tbTmj9Mj/","2026-05-04 03:30:00",2026,"safetravel.kemlu",FALSE,FALSE,"Sidecar","carousel_container","id",35,"D","D6","","R3-residual",1,0,0,"culture","","","","D","A","D",3,5,"#E5EAEB",FALSE,"nobody told me sebelum ke Austria <U+2026>dan kamu juga perlu tau!

Swipe untuk dapet insider tips yang bakalan bikin trip kamu jauh lebih smooth <U+0001F44D>

Yuk, share culture tips lain yang kamu tahu di kolom komen!"
"3890408032512040774","DX9gX5JNN9G","https://www.instagram.com/p/DX9gX5JNN9G/","2026-05-05 14:56:54",2026,"inainvienna",TRUE,FALSE,"Video","clips","mixed",121,"A","A2","","max",2,0,0,"cuisine; k<U+00FC>che","","","dharma wanita; community; gemeinschaft; permanent mission; multilateral","A","A","D",2,2,"#D7CDBC",FALSE,"<U+0001F1E6><U+0001F1F9>Die Botschaft/St<U+00E4>ndige Mission Indonesiens in Wien nahm zusammen mit Dharma Wanita Persatuan am UNWG International Fundrising-Mittagessen im Vienna International Centre am 29. April 2026 teil. Indonesien pr<U+00E4>sentierte duftenden kurkumahaltigen Reis und indonesische Leckerbissen, um die indonesische K<U+00FC>che zu zeigen, die UNWG-Wohlt<U+00E4>tigkeitsprojekte f<U+00FC>r bed<U+00FC>rftige Kinder weltweit zu unterst<U+00FC>tzen und Indonesiens Engagement mit der multilateralen Gemeinschaft in Wien zu st<U+00E4>rken.

<U+0001F1FA><U+0001F1F3>The Embassy/Permanent Mission of Indonesia in Vienna, together with Dharma Wanita Persatuan, participated in the UNWG International Luncheon at the Vienna International Centre on 29 April 2026. Indonesia presented fragrant turmeric-infused rice and Indonesian light bites to promote Indonesian cuisine, support the UNWG Charity Projects for children in need around the world, and strengthen Indonesia<U+2019>s engagement with the multilateral community in Vienna.

#inidiplomasi #UN #indonesiainvienna"
"3892321861673526183","DYEThxciaOn","https://www.instagram.com/p/DYEThxciaOn/","2026-05-08 06:15:02",2026,"austriainid",FALSE,FALSE,"Sidecar","carousel_container","en",151,"A","A3","B","max",6,2,2,"interfaith; diversity; harmony; coexistence","impor; partnership","civil society; policy","meeting","A","A","A",7,3,"#928677",FALSE,"Continuing in Vienna on 29 April 2026, the <U+201C>International Conference on Governance of Religious Diversity: Comparing Models, Sharing Best Practices, and Deepening Bilateral and International Cooperation for Peaceful Coexistence,<U+201D> jointly organized by the University of Vienna and the Austrian Ministry of Foreign Affairs, provided a platform for dialogue and exchange between participants from Austria, Indonesia, the Holy See, and KAICIID, as well as representatives from ASEAN countries present in Vienna. <U+0001F91D> 

The conference brought together religious leaders, academics, policymakers, and civil society representatives to discuss approaches to strengthening social harmony and peaceful coexistence in increasingly diverse societies. Discussions also highlighted the importance of interfaith and intercultural dialogue, cross-sector collaboration, and the role of educational institutions in promoting inclusive and contextual best-practice approaches to religious moderation.

These meetings reaffirmed the shared commitment and strong partnership between Austria and Indonesia in fostering mutual understanding, cooperation, and interfaith engagement at both the bilateral and international levels. <U+0001F1E6><U+0001F1F9><U+0001F1EE><U+0001F1E9>"
"3892678241668685335","DYFkjyLjd4X","https://www.instagram.com/p/DYFkjyLjd4X/","2026-05-08 18:03:49",2026,"innsbrucknaturefilmfestival",FALSE,FALSE,"Sidecar","carousel_container","en",191,"A","A2","","max",8,1,0,"bali; film; festival","opportunity","","","A","A","A",7,3,"#0D0B10",FALSE,"<U+0001F3AC><U+0001F49A> What an evening <U+2013> A cinematic journey into the heart of Java & Bali <U+0001F33F>
Yesterday, together with ORF Universum, we celebrated the world premiere of Universum: Java & Bali <U+2013> Paradies im Bann der Elemente by Tyrolean filmmaker Patrick Centurioni at Metropol Kino Innsbruck.
From volcanoes and tropical coastlines we met the Javan gibbon, the rare Java leopard and the elusive rhinoceros hornbill and we got to wonder whether the legendary Javan tiger might still be out there. <U+0001F405>
The evening was a wonderful opportunity to come together in the spirit of the innsbruck nature film festival and, above all, to say THANK YOU to all partners, supporters and companions of the festival. Without your trust and support, none of this would be possible. <U+0001F49A>
A heartfelt thank-you to everyone who joined us and especially to ORF Universum and Metropol Kino Innsbruck for the great collaboration.
<U+0001F4FA> Catch the film on Tuesday, May 19, 2026 at 20:15 on ORF 2 & ORF ON.
<U+0001F64C><U+0001F3FB> Now we<U+2019>re already looking forward to celebrating the 25th edition of the innsbruck nature film festival together with you from October 7<U+2013>11, 2026! <U+0001F39E><U+FE0F>

Fotos: <U+00A9>ORF/Thomas Steinlechner 

ORFUniversum @metropolkino  @patrick_centurioni  Oka Dwi Prihatmoko Johannes Kostenzer @hekiesling @gernotlercher  @rendragondezz @inainvienna @arte.tv Sichuan Radio and Television  ORF Enterprise @cope_sound Karin W<U+00F6>gerer @stindlgu @elisabeth.faber.7 Gabriele Wistawel
@innsbrucktourism 
@swarovskioptik_birding 
@lebensraum.tirol 

#inff2026 #innsbrucknaturefilmfestival #ORFUniversum #PatrickCenturioni #NatureFilm #FilmFestival #Innsbruck #Tyrol #DocumentaryFilm #GreenFilm #Storytelling #Cinema"
"3894747314883731702","DYM7AwxjSD2","https://www.instagram.com/p/DYM7AwxjSD2/","2026-05-11 14:34:42",2026,"inainvienna",TRUE,FALSE,"Sidecar","carousel_container","mixed",164,"D","D1","","R3-residual",0,0,0,"","","","bertemu; besuch","D","D","D",2,2,"#BE9E79",FALSE,"<U+0001F1E6><U+0001F1F9> Der indonesische Botschafter in <U+00D6>sterreich, S.E. Dr. iur. Damos Dumoli Agusman @damos.agusman , besuchte am 7. Mai 2026 Klagenfurt und traf den Landeshauptmann von K<U+00E4>rnten, Ing. Daniel Fellner @daniel_fellner_ , sowie die CEO von Infineon Technologies Austria @infineon_technologies , Sabine Herlitschka. <U+0001F91D>
Indonesien st<U+00E4>rkt die Zusammenarbeit mit K<U+00E4>rnten in den Bereichen Innovation, Energiewende, Bildung sowie Forschung & Entwicklung. <U+26A1><U+0001F52C>
Begleitet wurde der Botschafter vom Honorarkonsul Indonesiens f<U+00FC>r Steiermark und K<U+00E4>rnten, Stefan D<U+00FC>ss. <U+0001F30F>
K<U+00E4>rnten z<U+00E4>hlt zu den wichtigsten Innovations- und Technologiestandorten <U+00D6>sterreichs. Villach ist zudem ein bedeutendes Zentrum f<U+00FC>r Halbleiter und F&E von Infineon Technologies Austria. <U+0001F4A1><U+0001F3D4><U+FE0F>
#Indonesien #<U+00D6>sterreich #KBRIWina #K<U+00E4>rnten #InnovationForschungEnergiewende

<U+0001F1EE><U+0001F1E9> Duta Besar RI untuk Austria, H.E. Dr. iur. Damos Dumoli Agusman, mengunjungi Klagenfurt pada 7 Mei 2026 dan bertemu dengan Gubernur Carinthia, Ing. Daniel Fellner, serta CEO Infineon Technologies Austria, Sabine Herlitschka. <U+0001F91D>
Indonesia terus mendorong kerja sama dengan Carinthia di bidang inovasi, transisi energi, pendidikan, serta penelitian dan pengembangan (R&D). <U+26A1><U+0001F52C>
Dalam kunjungan tersebut, Dubes RI didampingi oleh Konsul Kehormatan RI untuk Styria dan Carinthia, Stefan D<U+00FC>ss. <U+0001F30F>
Carinthia merupakan salah satu pusat inovasi dan teknologi di Austria, sementara Villach menjadi lokasi pusat semikonduktor dan R&D Infineon Technologies Austria. <U+0001F4A1><U+0001F3D4><U+FE0F>"
"3896132433148646574","DYR184rtBSu","https://www.instagram.com/p/DYR184rtBSu/","2026-05-13 12:31:42",2026,"inainvienna",TRUE,FALSE,"Video","clips","mixed",186,"A","A2","B","max",4,2,0,"cultural; dance; performance; kultur","business; wirtschaft","","reception; empfang","A","A","A",2,3,"#DDD9D2",FALSE,"Two wonderful evenings in Southern Austria<U+0001F33A>

On 6 and 7 May, the Embassy of the Republic of Indonesia in Vienna, together with the Honorary Consul of the Republic of Indonesia for Styria & Carinthia, hosted the Indonesian Cultural and Networking Reception in Klagenfurt and Graz. Welcoming government officials, business leaders, and friends of Indonesia from across the region.

The evenings featured traditional dance performances of Legong Keraton, Pa<U+2019>Gellu Tua, and Bajidor Kahot, Indonesian culinary delights, and more. A heartfelt thank you to Honorary Consul Mr. Stefan D<U+00FC>ss and all our guests for making these evenings truly special. <U+0001F1EE><U+0001F1E9><U+0001F91D><U+0001F1E6><U+0001F1F9>

<U+2014>

Am 6. und 7. Mai lud die Botschaft der Republik Indonesien in Wien gemeinsam mit dem Honorarkonsul der Republik Indonesien f<U+00FC>r die Steiermark und K<U+00E4>rnten zum Indonesischen Kultur- und Networking-Empfang in Klagenfurt und Graz ein. Herzlich willkommen gehei<U+00DF>en wurden Vertreterinnen und Vertreter aus Politik, Wirtschaft sowie Freundinnen und Freunde Indonesiens aus der gesamten Region.

Die Abende waren gepr<U+00E4>gt von traditionellen Tanzdarbietungen, Legong Keraton, Pa<U+2019>Gellu Tua und Bajidor Kahot, indonesischen K<U+00F6>stlichkeiten und vielem mehr. Herzlichen Dank an unseren neuen Honorarkonsul Mr. Stefan D<U+00FC>ss und alle G<U+00E4>ste, die diese Abende so unvergesslich gemacht haben. <U+0001F1EE><U+0001F1E9><U+0001F91D><U+0001F1E6><U+0001F1F9>"
"3900608362924849795","DYhvqPIDbqD","https://www.instagram.com/p/DYhvqPIDbqD/","2026-05-19 16:39:33",2026,"inainvienna",TRUE,FALSE,"Sidecar","carousel_container","mixed",199,"B","B2","","max",1,2,0,"destinasi","investasi; investition","","pertemuan; delegation; treffen","B","B","D",2,2,"#BFB2A5",FALSE,"<U+0001F1E6><U+0001F1F9>Am 18. Mai 2026 traf eine indonesische Delegation <U+2013> bestehend aus dem Nationalen Rat f<U+00FC>r Sonderwirtschaftszonen (KEK), Industropolis Batang/KEK @industropolisbatangsez Batang sowie dem Pr<U+00E4>sidialstab Indonesiens <U+2013> mit der Austrian Federal Economic Chamber (WK<U+00D6>) @aussenwirtschaft_austria.at , EEE Austria und ANDRITZ Hydro in Vienna zusammen.

<U+2728> Im Rahmen des von der Indonesischen Botschaft in Wien und der WK<U+00D6> unterst<U+00FC>tzten Treffens stellte die Delegation das Potenzial von Industropolis Batang als integriertes Industriegebiet mit einem smarten, gr<U+00FC>nen und integrierten Industrie<U+00F6>kosystem vor <U+0001F331><U+0001F3ED><U+26A1>

Zudem bekr<U+00E4>ftigte Indonesien seine strategische Rolle als wichtiger Investitionsstandort in S<U+00FC>dostasien <U+0001F30F><U+0001F4C8>

Beide L<U+00E4>nder m<U+00F6>chten die Zusammenarbeit insbesondere in folgenden Bereichen weiter ausbauen:
<U+0001F539> moderne Fertigung
<U+0001F539> erneuerbare Energien
<U+0001F539> gr<U+00FC>ne Industrie
<U+0001F539> Automobilindustrie
<U+0001F539> industrielle Zukunftsl<U+00F6>sungen

<U+0001F1EE><U+0001F1E9>Pada 18 Mei 2026, delegasi Indonesia yang terdiri dari Dewan Nasional Kawasan Ekonomi Khusus (KEK), Industropolis Batang/KEK Batang, serta Kantor Staf Presiden RI melakukan pertemuan dengan Austrian Federal Economic Chamber (WK<U+00D6>), EEE Austria, dan ANDRITZ Hydro di Vienna.

<U+2728> Pertemuan yang difasilitasi oleh KBRI Wina dan WK<U+00D6> ini membahas potensi Industropolis Batang sebagai kawasan industri terpadu dengan konsep smart, green, and integrated industrial ecosystem <U+0001F331><U+0001F3ED><U+26A1>

Indonesia juga menegaskan posisinya sebagai salah satu destinasi investasi strategis di Asia Tenggara <U+0001F30F><U+0001F4C8>

Ke depan, Indonesia dan Austria berkomitmen untuk terus mendorong kolaborasi di bidang:
<U+0001F539> manufaktur maju
<U+0001F539> energi terbarukan
<U+0001F539> industri hijau
<U+0001F539> otomotif
<U+0001F539> solusi industri masa depan

#IndonesiaAustria #InvestInIndonesia #KEKIndonesia #IndustropolisBatang #WK<U+00D6>"
"3902096853197945273","DYnCGnuCHm5","https://www.instagram.com/p/DYnCGnuCHm5/","2026-05-21 17:56:55",2026,"spielkultur.at",FALSE,FALSE,"Sidecar","carousel_container","de",50,"D","D6","","R3-residual",1,0,0,"kultur","","","","D","A","D",2,2,"#2C2B25",FALSE,"Heute fand im Diepold-Park unser dritter Tag der 5 Tage - 5 Parks - 5 Kulturen statt. INDONESIEN kam in den Park und alle konnten mittanzen, traditionelles Gewand probieren, wundersch<U+00F6>ne Karten basteln, Krupuk ohne H<U+00E4>nde essen und k<U+00F6>stliches indonesisches Fingerfood probieren <U+0001F483><U+0001F60A> 
Mit besonderen Dank an die indonesische Botschaft in Wien f<U+00FC>r die tatkr<U+00E4>ftige Unterst<U+00FC>tzung <U+0001F64F>"
"3915064437417783501","DZVGlzpDTDN","https://www.instagram.com/p/DZVGlzpDTDN/","2026-06-08 15:21:11",2026,"inainvienna",TRUE,FALSE,"Sidecar","carousel_container","en",176,"B","B3","A","max",5,10,0,"culture; cultural; performance; kultur","market; markt; coffee; kaffee","","","B","B","B",7,3,"#869E87",FALSE,"You are warmly invited! <U+2615><U+FE0F>

The Embassy of the Republic of Indonesia in Vienna supported by @coffee.manana , @cafe_exchange , @acidity_project presents INDONESIA COFFEE AND CULTURE, an afternoon dedicated to the story of Indonesian coffee, from the farmers who grow it to the cup in your hands.

Swipe to see what<U+2019>s waiting for you on 20 June 2026 at Cafe Exchange, Vienna.

What<U+2019>s in store:
<U+2615> Guided Coffee Cupping
<U+0001F399><U+FE0F> Open Discussions: From Origin to Market: Indonesian Coffee in Europe
<U+0001F91D> Network & Connect
<U+0001F3AD> Cultural Performances & Delicacies

Will you be there? Drop a <U+2615> in the comments if you<U+2019>re coming, we<U+2019>d love to know <U+0001F60D>

<U+2014>-

Ihr seid herzlich eingeladen!<U+2615>

Die Botschaft der Republik Indonesien in Wien zusammen mit @coffee.manana, @cafe_exchange and @acidity_project pr<U+00E4>sentieren INDONESIA COFFEE AND CULTURE, einen Nachmittag ganz im Zeichen des indonesischen Kaffees, von den B<U+00E4>uerinnen und Bauern, die ihn anbauen, bis zur Tasse in Ihren H<U+00E4>nden.

Swipe und entdecke, was Euch am 20. Juni 2026 im Cafe Exchange, Wien erwartet:

<U+2615> Gef<U+00FC>hrtes Kaffee-Cupping
<U+0001F399><U+FE0F> Offene Diskussion: Vom Ursprung zum Markt: Indonesischer Kaffee in Europa
<U+0001F91D> Netzwerken & Verbinden
<U+0001F3AD> Kulturelle Darbietungen & K<U+00F6>stlichkeiten

Seid Ihr dabei? Drop ein <U+2615> in den Kommentaren, wir freuen uns, Euch zu sehen! <U+0001F60D>"
"3917184123450266835","DZcojTGDZTT","https://www.instagram.com/p/DZcojTGDZTT/","2026-06-11 13:32:38",2026,"coffee.manana",FALSE,FALSE,"Sidecar","carousel_container","en",153,"B","B3","A","max",4,5,0,"culture; music","coffee","","reception; community","B","B","B",7,3,"#232323",FALSE,"A look back at a special day celebrating Indonesian hospitality, coffee, culture and community. <U+0001F1EE><U+0001F1E9>
Together with friends, partners and guests, we welcomed Indonesia to MANANA through a reception, a bar takeover, music, conversations and many shared moments.
A heartfelt thank you to the Embassy of Indonesia for bringing the vision to life and transforming our space, to Stijn for an unforgettable bar takeover, to Boris for setting the tone throughout the event, and to Shevtsov Coffee Roastery from Kyiv for being part of the journey.
What makes us especially happy: together, we were able to raise and donate almost 300<U+20AC> through the bar takeover for Shevtsov Coffee. <U+2764><U+FE0F>
Thank you to everyone who joined us and helped create such a warm atmosphere. This was only the beginning, and we are excited for the next chapter of our collaboration and the upcoming Indonesian coffee and culture event on June 20, and hopefully many more to come.
Indonesia <U+00D7> MANANA
Coffee <U+00B7> Culture <U+00B7> Hospitality

Photo credit: @elias_shwarz 

#IndonesiaxMANANA #SpecialtyCoffee #CoffeeCultur #ViennaEvents<U+2028>#CommunityThroughCoffee"
"3917855808738391129","DZfBRmxDXRZ","https://www.instagram.com/p/DZfBRmxDXRZ/","2026-06-12 11:47:09",2026,"inainvienna",TRUE,FALSE,"Sidecar","carousel_container","en",144,"B","B3","A","max",3,11,0,"culture","trade; kopi; coffee","","community","B","B","B",7,3,"#A4B9AD",FALSE,"Indonesia Coffee & Culture <U+2014> Trade <U+2022> Trace <U+2022> Connect <U+2615><U+0001F30F>

<U+0001F4CD> Caf<U+00E9> Exchange, Vienna
<U+0001F4C5> 20 June 2026
<U+0001F565> From 10:30 onwards

Coffee is never just about coffee.

Behind every cup are farmers, roasters, caf<U+00E9> owners, trainers, storytellers, and communities connected across continents. This event brings together some of the people shaping the journey of Indonesian coffee from origin to cup, creating space for dialogue, exchange, and new connections.

Open Discussions by:
 
<U+0001F331> Laela Nur Rokhmah // Shine Coffee 
<U+0001F331> Kissia // Meramanis Coffee Roaster 
<U+0001F331> Milo Korompis // Coffee Lab Z<U+00FC>rich / Cimbali Group 

Special shout out to our supporters and partners:
<U+2615> MANANA 
<U+2615> Acidity Project @acidity_project 
<U+2615> Caf<U+00E9> Exchange @cafe_exchange 
<U+2728> Shine @sc.shinecoffee 
<U+2728> Meramanis 
<U+2728> Warung Kopi 
<U+2728> Kendang @kendang.restaurant 

Together, we are creating a space where coffee becomes a bridge between cultures, ideas, and people. Every cup tells a story! Share yours in the comments, and join us on 20 June 2026 for a day of coffee, culture, and community. <U+0001F381> One lucky commenter will receive a special prize from the Embassy at the event!"
"3923520326049687870","DZzJPLnN2k-","https://www.instagram.com/p/DZzJPLnN2k-/","2026-06-20 07:24:08",2026,"inainvienna",TRUE,FALSE,"Video","clips","en",56,"B","B3","","max",0,2,0,"","coffee","","","B","B","D",7,3,"#859D87",FALSE,"It<U+2019>s today. The tables are set, the coffee is brewing, and Caf<U+00E9> Exchange is coming alive for an afternoon we<U+2019>ve been looking forward to for weeks.

If you<U+2019>re nearby, come say hello. There<U+2019>s a seat, a story, and a cup of Indonesian coffee waiting for you.

<U+0001F4CD> Caf<U+00E9> Exchange, Georg-Coch-Platz 2, 1010 Wien
<U+0001F565> From 10:30 onwards

See you soon. <U+0001F44B>"
"3925035953031024223","DZ4h2dPDQ5f","https://www.instagram.com/p/DZ4h2dPDQ5f/","2026-06-22 09:32:49",2026,"inainvienna",TRUE,FALSE,"Sidecar","carousel_container","id",89,"D","D3","","R3-residual",0,0,0,"","","","warga; WNI; paspor","D","D","D",6,2,"#687885",FALSE,"<U+0001F4E2> PENGUMUMAN: Layanan Pembuatan E-Paspor 

KBRI Wina berkolaborasi dengan Atase Imigrasi KBRI Den Haag menghadirkan Pop-up layanan pembuatan Paspor Elektronik (E-Paspor) di:

<U+0001F4C5> KBRI Wina, 18 Juli 2026, 09.00 - 18.00 CEST

<U+0001F4DD> Layanan ini terbuka untuk seluruh Warga Negara Indonesia (WNI) yang:
a. Memiliki izin tinggal sah di Austria dan Slovenia
b. Ingin melakukan pembaruan/penggantian paspor ke E-Paspor
c. Mengajukan penggantian karena paspor hilang atau rusak.
d. Mengajukan pembuatan paspor baru untuk anak.

<U+0001F517>Silakan melakukan pendaftaran melalui tautan berikut: https://bit.ly/EPasporKBRIWina26

Syarat dan ketentuan dapat dilihat di slide-slide berikutnya ya!

Batas waktu pendaftaran hingga 12 Juli 2026 pukul 23.59 CEST

Sampai jumpa!"
"3927073012977602155","DZ_xBlJjY5r","https://www.instagram.com/p/DZ_xBlJjY5r/","2026-06-25 05:00:01",2026,"coffee.manana",FALSE,FALSE,"Sidecar","carousel_container","en",51,"B","B2","","max",0,4,0,"","impor; market; coffee","","community","B","B","B",7,3,"#9C266F",FALSE,"From origin to market and everything in between.
On June 20th, we brought Indonesian coffee to Vienna. Producers, roasters, importers, coffee professionals, and a whole community came together to taste, talk, and connect.
This is what it<U+2019>s about. <U+2615><U+0001F1EE><U+0001F1E9>
Thank you to everyone who was part of it.
<U+0001F91D> @inainvienna @meramaniscoffee @shinecoffeelab @warungkopi @acidityproject @cafeexchange 

Photo credits: @aaronjonasjose & KBRI Wina/Silaen

#IndonesiaCoffeeCulture #IndonesianCoffee #SpecialtyCoffee #Vienna #TradeTraceConnect"
"3943230062772746030","Da5KtmXNfcu","https://www.instagram.com/p/Da5KtmXNfcu/","2026-07-17 12:03:04",2026,"inainvienna",TRUE,FALSE,"Image","feed","de",156,"D","D3","","R3-residual",0,0,0,"","","","gemeinschaft; citizens","D","D","D",2,2,"#253250",FALSE,"<U+0001F4E2> Informationsveranstaltung zu Global Citizenship of Indonesia (GCI) & Einwanderungsbestimmungen

Die Indonesische Botschaft in Wien l<U+00E4>dt in Zusammenarbeit mit dem Immigrations Attach<U+00E9> der Indonesischen Botschaft in Den Haag die indonesische Gemeinschaft in <U+00D6>sterreich und Slowenien zu einer Informationsveranstaltung <U+00FC>ber Global Citizenship of Indonesia (GCI) und aktuelle Einwanderungsbestimmungen ein.

<U+0001F464> Sprecher:
Herr Oeray Gufran Maryudha
Immigrations Attach<U+00E9> der Indonesischen Botschaft in Den Haag

Wer kann Global Citizenship of Indonesia (GCI) beantragen?
<U+2714><U+FE0F> Ausl<U+00E4>ndische Staatsangeh<U+00F6>rige, die fr<U+00FC>her die indonesische Staatsb<U+00FC>rgerschaft besa<U+00DF>en
<U+2714><U+FE0F> Nachkommen ehemaliger indonesischer Staatsangeh<U+00F6>riger bis zum zweiten Grad
<U+2714><U+FE0F> Ehepartner von indonesischen oder ehemaligen indonesischen Staatsangeh<U+00F6>rigen
<U+2714><U+FE0F> Kinder aus einer rechtm<U+00E4><U+00DF>igen Ehe zwischen indonesischen und ausl<U+00E4>ndischen Staatsangeh<U+00F6>rigen

<U+0001F4C5> Samstag, 18. Juli 2026
<U+0001F55A> 11:00 Uhr CEST bis Ende
<U+0001F4CD> Ruang Nusantara, Indonesische Botschaft in Wien
Gustav-Tschermak-Gasse 5<U+2013>7, 1180 Wien

<U+0001F4CC> Anmeldung: bit.ly/DaftarSosialisasiGCIWina26

<U+0001F4BB> Online-Teilnahme via Zoom:
<U+0001F517> bit.ly/SosialisasiGCIWina26

Nutzen Sie diese Gelegenheit, um sich aus erster Hand <U+00FC>ber das Programm Global Citizenship of Indonesia (GCI) sowie <U+00FC>ber die aktuellen Einwanderungsbestimmungen zu informieren.

Wir freuen uns auf Sie in der Indonesischen Botschaft in Wien!"
"3948406080802261722","DbLjmkzNgra","https://www.instagram.com/p/DbLjmkzNgra/","2026-07-24 15:25:42",2026,"inainvienna",TRUE,FALSE,"Image","feed","id",89,"D","D5","","R3-residual",0,0,0,"","","","diaspora; olahraga; lomba; WNI; HUT RI; kemerdekaan","D","D","D",5,2,"#0796AF",FALSE,"REMINDER <U+203C><U+FE0F><U+0001F6A8>

<U+0001F1EE><U+0001F1E9> Yuk Semarakkan HUT ke-81 Kemerdekaan Republik Indonesia!<U+0001F1EE><U+0001F1E9>

Dalam rangka menyambut Hari Ulang Tahun ke-81 Kemerdekaan Republik Indonesia, KBRI Wina mengundang WNI dan diaspora Indonesia di Austria untuk berpartisipasi dalam rangkaian lomba olahraga dan hiburan yang akan diselenggarakan sepanjang Juli hingga Agustus 2026.

Mulai dari Bulu Tangkis, Tenis Meja, Catur, Gaple, Bowling, hingga KBRI Got Talent, mari bersama-sama memeriahkan perayaan kemerdekaan melalui semangat sportivitas, kebersamaan, dan persaudaraan.

<U+0001F4C5> Silakan lihat jadwal lengkap pada poster.

<U+0001F4DD> Pendaftaran dapat dilakukan melalui:
<U+0001F517> https://bit.ly/LombaHutRI81KBRIWina

Jangan lewatkan kesempatan untuk menjadi bagian dari kemeriahan HUT RI ke-81. <U+0001F973>
<U+0001F1EE><U+0001F1E9> Merdeka!"
"3952082352866695191","DbYnfX9tZgX","https://www.instagram.com/p/DbYnfX9tZgX/","2026-07-29 17:13:26",2026,"inainvienna",TRUE,FALSE,"Video","clips","mixed",136,"A","A2","","max",10,0,0,"travel; reise; tari; kuliner; musik; dance; music; performance","","","","A","A","A",2,2,"#F7EBDD",FALSE,"<U+0001F389> PESTA RAKYAT 2026 <U+2013> Indonesisches Volksfest in Wien!
<U+0001F4C5> Samstag, 22. August 2026 | <U+0001F559> 10:00 Uhr
<U+0001F4CD> Indonesische Botschaft Wien, Gustav-Tschermakgasse 5<U+2013>7, 1180 Wien
<U+0001F38A> Indonesisches Essen, traditionelle Musik & T<U+00E4>nze, Basar, Reisemesse, Tombola <U+2013> und ein Live-Auftritt eines Stars aus Indonesien!
<U+0001F39F><U+FE0F> Kostenlose Anmeldung <U+2013> Link und weitere Details folgen in K<U+00FC>rze! Jetzt vormerken <U+2013> nicht verpassen!

<U+2014>

<U+0001F389> PESTA RAKYAT 2026 <U+2013> Meriahnya Indonesia hadir di Wina!
<U+0001F4C5> Sabtu, 22 Agustus 2026 | <U+0001F559> Mulai pukul 10.00
<U+0001F4CD> KBRI Wina, Gustav-Tschermakgasse 5<U+2013>7, 1180 Wien
<U+0001F38A> Kuliner Nusantara, musik & tari tradisional, bazar, travel fair, tombola berhadiah, dan penampilan spesial artis dari Tanah Air!
<U+0001F39F><U+FE0F> Pendaftaran gratis <U+2013> link dan detail lain menyusul! Catat tanggalnya dari sekarang!

<U+2014>

<U+0001F389> PESTA RAKYAT 2026 <U+2013> Indonesian Day in Vienna!
<U+0001F4C5> Saturday, 22 August 2026 | <U+0001F559> From 10:00 AM
<U+0001F4CD> Embassy of Indonesia, Gustav-Tschermakgasse 5<U+2013>7, 1180 Vienna
<U+0001F38A> Indonesian food, traditional music & dance, bazaar, travel fair, raffle prizes, and a special live performance by a star from Indonesia!
<U+0001F39F><U+FE0F> Free registration <U+2013> link and more details coming soon! Save the date <U+2013> don<U+2019>t miss it!

#pestarakyat #indonesian #indonesien"
"3957805412996939981","Dbs8w3DzQDN","https://www.instagram.com/p/Dbs8w3DzQDN/","2026-08-06 14:42:58",2026,"imigrasikbridenhaag",FALSE,FALSE,"Video","clips","id",86,"D","D2","","R3-residual",0,0,0,"","","","diaspora; masyarakat indonesia; WNI; paspor","D","D","D",5,2,"#CBD0D9",FALSE,"Halo, Sahabat Mido! <U+0001F44B>

Yuk, simak video pelayanan kami berikut ini.

Dalam rangka  melaksanakan kegiatan pelayanan Keimigrasian di wilayah koordinasi, Atase Imigrasi KBRI Den Haag berkolaborasi dengan KBRI Wina.

Kolaborasi ini merupakan bagian dari komitmen kami untuk mendekatkan layanan keimigrasian kepada masyarakat Indonesia di luar negeri, sehingga akses terhadap layanan E-Paspor dan informasi keimigrasian menjadi lebih mudah dan nyaman.

Terima kasih atas antusiasme seluruh WNI dan diaspora Indonesia di Wina. Semoga layanan ini memberikan manfaat dan kemudahan.

Sampai jumpa pada kegiatan pelayanan keimigrasian KBRI Den Haag berikutnya! <U+0001F44B><U+0001F1EE><U+0001F1E9>"
"3957820254741514672","DbtAI1gtsmw","https://www.instagram.com/p/DbtAI1gtsmw/","2026-08-06 15:12:25",2026,"inainvienna",TRUE,FALSE,"Image","feed","de",94,"A","A2","","max",5,0,1,"reise; musik; kultur; tanz; vielfalt","","sicher","","A","A","A",2,2,"#F8F1E8",FALSE,"<U+0001F1EE><U+0001F1E9><U+2728> Pesta Rakyat 2026 <U+2013> Indonesisches Volksfest in Wien! <U+2728><U+0001F1E6><U+0001F1F9>

Erleben Sie einen Tag voller indonesischer Kultur, Kulinarik und Gastfreundschaft mitten in Wien!

Freuen Sie sich auf:
<U+0001F35B> Authentische indonesische Spezialit<U+00E4>ten
<U+0001F3AD> Traditionelle Tanz- und Musikauff<U+00FC>hrungen
<U+0001F3DD><U+FE0F> Inspirationen f<U+00FC>r Ihre n<U+00E4>chste Reise nach Indonesien
<U+0001F381> Spannende Tombola mit attraktiven Preisen
<U+0001F3A4> Sonderauftritt von Lucky Octavian (Indonesian Idol 2004)

<U+0001F4C5> *Samstag, 22. August 2026*
<U+0001F4CD> Botschaft der Republik Indonesien
Gustav-Tschermak-Gasse 5<U+2013>7, 1180 Wien
<U+0001F564> Einlass ab 9:30 Uhr

<U+0001F39F><U+FE0F> Der Eintritt ist frei! Jetzt anmelden und Ihr Tombola-Los sichern!
<U+0001F517> https://PestaRakyatKBRIWina2026.eventbrite.at

<U+0001F973><U+0001F929> Wir freuen uns darauf, Sie gemeinsam mit Ihrer Familie und Ihren Freunden zu einem unvergesslichen Tag voller indonesischer Vielfalt begr<U+00FC><U+00DF>en zu d<U+00FC>rfen!"
"3960543616437599682","Db2rW9vND3C","https://www.instagram.com/p/Db2rW9vND3C/","2026-08-10 09:23:00",2026,"inainvienna",TRUE,FALSE,"Image","feed","id",91,"D","D3","","R3-residual",0,0,0,"","","","diaspora; WNI; konsuler","D","D","D",6,2,"#BA2723",FALSE,"PENDAFTARAN WARUNG KONSULER @ PESTA RAKYAT 2026 <U+0001F1EE><U+0001F1E9>

Melengkapi kemeriahan HUT ke-81 RI, KBRI/PTRI Wina akan kembali menyelenggarakan Warung Konsuler (Warkon) bagi WNI dan Diaspora Indonesia yang berdomisili di Austria, Slovenia, dan sekitarnya, bertepatan dengan kegiatan Pesta Rakyat 2026. Kegiatan Warkon akan dilaksanakan pada:

Hari/Tanggal: Sabtu, 22 Agustus 2026
Pukul: 09.30 <U+2013> 12.00 CEST
Tempat: KBRI Wina, Gustav Tschermak Gasse 5-7, A-1180, Wina

DIPRIORITASKAN bagi WNI yang:
1. Berdomisili di luar Kota Wina
2. Telah mengisi formulir pendaftaran

Untuk pendaftar, WAJIB mengisi formulir pendaftaran berikut dan mengikuti ketentuan yang telah ditetapkan:
https://bit.ly/Warkon-PR26

<U+26A0><U+FE0F> Mohon mengisi data dengan lengkap ya!

Sampai jumpa di Pesta Rakyat!<U+0001F973>"
"3961314425670296812","Db5antxtWTs","https://www.instagram.com/p/Db5antxtWTs/","2026-08-11 10:52:15",2026,"inainvienna",TRUE,FALSE,"Image","feed","id",56,"D","D5","","R3-residual",0,0,0,"","","","WNI; upacara; kemerdekaan; peringatan","D","D","D",5,2,"#FCFBFB",FALSE,"<U+0001F1EE><U+0001F1E9> UPACARA HUT KE-81 KEMERDEKAAN RI <U+0001F1EE><U+0001F1E9>

KBRI/PTRI Wina mengundang WNI di Austria dan Slovenia untuk bersama-sama mengikuti Upacara Peringatan HUT ke-81 Kemerdekaan Republik Indonesia.

<U+0001F4C5> Senin, 17 Agustus 2026
<U+23F0> 09.00 CEST 
<U+0001F4CD> KBRI/PTRI Wina

<U+0001F517> Registrasi: KBRIWina-HUT81.eventbrite.at
<U+23F3> Batas registrasi: 14 Agustus 2026

Mari bersama memperingati hari kemerdekaan dengan semangat persatuan dan kebanggaan sebagai bangsa Indonesia. <U+2764><U+FE0F><U+0001F90D>

Dirgahayu Republik Indonesia ke-81! <U+0001F1EE><U+0001F1E9>"
"3965553879901540842","DcIej5NNBHq","https://www.instagram.com/p/DcIej5NNBHq/","2026-08-17 07:17:54",2026,"inainvienna",TRUE,FALSE,"Video","clips","mixed",114,"D","D5","","R3-residual",0,0,0,"","","","kemerdekaan; selamat; frohe","D","D","D",2,2,"#F01E27",FALSE,"<U+0001F1EE><U+0001F1E9> ALLES GUTE ZUM 81. UNABH<U+00C4>NGIGKEITSTAG DER REPUBLIK INDONESIEN! <U+0001F1EE><U+0001F1E9>

Die Botschaft der Republik Indonesien in Wien w<U+00FC>nscht allen Indonesierinnen und Indonesiern sowie allen Freundinnen und Freunden Indonesiens einen frohen 81. Unabh<U+00E4>ngigkeitstag der Republik Indonesien am 17. August 2026. 

Unter dem Motto <U+201E>Vereint und souver<U+00E4>n, Wohlstand f<U+00FC>r das Volk, ein fortschrittliches Indonesien<U+201C> (Bersatu Berdaulat, Rakyat Sejahtera, Indonesia Maju) wollen wir weiterhin gemeinsam einen Beitrag f<U+00FC>r Indonesien leisten <U+2013> wo immer wir uns befinden.

<U+0001F1EE><U+0001F1E9> DIRGAHAYU REPUBLIK INDONESIA KE-81 <U+0001F1EE><U+0001F1E9>

Kedutaan Besar Republik Indonesia/PTRI Wina mengucapkan Selamat Hari Ulang Tahun ke-81 Kemerdekaan Republik Indonesia, 17 Agustus 2026.

Dengan semangat <U+201C>Bersatu Berdaulat, Rakyat Sejahtera, Indonesia Maju<U+201D>, mari terus berkarya dan berkontribusi bagi bangsa dan negara, di mana pun kita berada.

Dirgahayu Republik Indonesia! <U+0001F1EE><U+0001F1E9>
Merdeka! Merdeka! Merdeka!"
"3967353623273350361","DcO3xm1kSTZ","https://www.instagram.com/p/DcO3xm1kSTZ/","2026-08-19 18:50:28",2026,"inainvienna",TRUE,FALSE,"Sidecar","carousel_container","de",59,"D","D6","","R3-residual",0,0,1,"","","sicher","","D","C","D",2,2,"#E6DACF",FALSE,"<U+0001F1EE><U+0001F1E9> Nur noch 3 Tage bis zum Pesta Rakyat!<U+2728>

Indonesien kommt nach Wien und es gibt einiges zu entdecken! <U+0001F440>

<U+0001F449> Swiped durch den Beitrag und entdeckt, was euch beim Pesta Rakyat erwartet.

<U+0001F4C5> Samstag, 22. August 2026
<U+0001F565> Einlass ab 9:30 Uhr
<U+0001F4CD> Indonesische Botschaft Wien
Gustav-Tschermak-Gasse 5<U+2013>7, 1180 Wien

<U+0001F39F><U+FE0F> Der Eintritt ist frei! Jetzt anmelden und Ihr Tombola-Los sichern!

<U+0001F517> https://PestaRakyatKBRIWina2026.eventbrite.at

Noch 3 Tage <U+2013> wir freuen uns auf euch! <U+0001F1EE><U+0001F1E9><U+2764><U+FE0F><U+0001F1E6><U+0001F1F9>

#PestaRakyat2026 #KBRIWina #IndonesischesVolksfest"
"3968093179530562511","DcRf7kRkcvP","https://www.instagram.com/p/DcRf7kRkcvP/","2026-08-20 19:19:50",2026,"inainvienna",TRUE,FALSE,"Sidecar","carousel_container","de",52,"D","D6","","R3-residual",0,0,1,"","","sicher","","D","C","D",2,2,"#FAF3EB",FALSE,"<U+0001F1EE><U+0001F1E9> UDAH SIAP BELUM? <U+0001F440>

Nur noch 2 Tage bis zum Pesta Rakyat!

<U+0001F449> Swipe durch f<U+00FC>r alle wichtigen Infos zum Samstag! <U+0001F440><U+0001F1EE><U+0001F1E9>

<U+0001F68C> Anreise mit <U+00F6>ffentlichen Verkehrsmitteln
<U+0001F697> Parkhinweise
<U+0001F324><U+FE0F> Wetter & Vorbereitung
<U+0001F45C> Was ihr mitbringen solltet
<U+0001F39F><U+FE0F> Tombola & Registrierung

<U+0001F4C5> Samstag, 22. August 2026 
Einlass ab 09:30 Uhr
<U+0001F4CD> Indonesische Botschaft in Wien

<U+0001F39F><U+FE0F> Eintritt frei vorher registrieren & Tombola-Los sichern:
https://PestaRakyatKBRIWina2026.eventbrite.at

Yuk jalan-jalan hari Sabtu! <U+2764><U+FE0F><U+0001F1EE><U+0001F1E9>

#PestaRakyat2026 #PestaRakyatWien #KBRIWina #IndonesischesVolksfest"
"3968678872988079097","DcTlGh0DVP5","https://www.instagram.com/p/DcTlGh0DVP5/","2026-08-21 14:43:30",2026,"inainvienna",TRUE,FALSE,"Sidecar","carousel_container","en",71,"D","D2","","R3-residual",0,0,0,"","","","community","D","D","D",7,2,"#F8EEE6",FALSE,"<U+0001F35C> Come hungry! Our Indonesian Community Culinary Bazaar is ready for you! <U+0001F1EE><U+0001F1E9><U+2728>

Discover a delicious variety of Indonesian dishes, snacks, sweets, and drinks lovingly prepared by the Indonesian community in Austria and Slovenia<U+2764><U+FE0F>

Swipe through for a sneak peek or explore the full menu in our Culinary Bazaar Pocketbook and start planning what to try first! <U+0001F440><U+0001F374>

<U+0001F4D6> Get this menu in your pocket:
https://bit.ly/MENUBAZARPESTARAKYAT2026

<U+0001F4C5> Saturday, 22 August 2026
<U+0001F4CD> Indonesian Embassy in Vienna

See you tomorrow at Pesta Rakyat 2026!<U+0001F1EE><U+0001F1E9><U+0001F389>"
"3981014201626197111","Dc_Z1L1tvx3","https://www.instagram.com/p/Dc_Z1L1tvx3/","2026-09-07 15:13:59",2026,"inainvienna",TRUE,FALSE,"Image","feed","mixed",174,"A","A2","","max",7,0,0,"budaya; BIPA; bahasa indonesia; kultur","","","mahasiswa","A","A","A",2,2,"#F4F3EB",FALSE,"<U+0001F1EE><U+0001F1E9> Bahasa Indonesia Sprachkurs an der Universit<U+00E4>t Wien <U+2728>

Im Wintersemester 2026/27 werden wieder Bahasa-Indonesia-Sprachkurse an der Universit<U+00E4>t Wien angeboten.

Das Kursangebot umfasst verschiedene Sprachniveaus von A1 bis C1 sowie einen Online-Kinderkurs. Die Kurse bieten die M<U+00F6>glichkeit, Indonesisch zu lernen bzw. vorhandene Sprachkenntnisse zu vertiefen und dabei auch Indonesien und seine Kultur n<U+00E4>her kennenzulernen.

Die Kurse stehen allen Interessierten offen <U+2013> eine Einschreibung an der Universit<U+00E4>t Wien ist nicht erforderlich.

<U+0001F4C5> Oktober 2026 <U+2013> Januar 2027
<U+0001F4DA> Sprachniveaus A1<U+2013>C1
<U+0001F4BB> Kinderkurs online
<U+2713> Kostenlose Teilnahme

Weitere Informationen zu den Kurszeiten finden Sie auf dem Poster.

Anmeldung:
https://bit.ly/4A5yfLU

Sampai jumpa di kelas! <U+0001F1EE><U+0001F1E9>

<U+2014><U+2014><U+2014><U+2014><U+2014>

<U+0001F1EE><U+0001F1E9> Kursus Bahasa Indonesia di Universit<U+00E4>t Wien

Program Bahasa Indonesia bagi Penutur Asing (BIPA) kembali diselenggarakan di Universit<U+00E4>t Wien pada Wintersemester 2026/27.

Kursus tersedia untuk berbagai tingkat kemampuan, mulai dari A1 hingga C1, serta kelas anak yang diselenggarakan secara daring. Program ini memberikan kesempatan untuk mempelajari dan meningkatkan kemampuan Bahasa Indonesia sekaligus mengenal Indonesia dan budayanya lebih dekat.

Kursus terbuka untuk umum dan tidak terbatas bagi mahasiswa Universit<U+00E4>t Wien.

<U+0001F4C5> Oktober 2026 <U+2013> Januari 2027
<U+0001F4DA> Tingkat A1<U+2013>C1
<U+0001F4BB> Kelas anak secara daring
<U+2713> Tidak dipungut biaya

Informasi lengkap mengenai jadwal kelas dapat dilihat pada poster.

Pendaftaran:
https://bit.ly/4A5yfLU"
"3986181900103785779","DdRw1GFxx0z","https://www.instagram.com/p/DdRw1GFxx0z/","2026-09-14 18:36:05",2026,"inainvienna",TRUE,FALSE,"Video","clips","en",153,"D","D4","","R3-residual",0,1,0,"","impor","safety; security","delegation; IAEA; General Conference","C","B","D",7,2,"#1D2A4F",FALSE,"<U+0001F1EE><U+0001F1E9> <U+269B><U+FE0F> Indonesia at the 70th IAEA General Conference in Vienna

Indonesia reaffirmed its strong commitment to harnessing nuclear science and technology for peace, health, prosperity, and sustainable development. The Indonesian delegation was led by the Head of the National Research and Innovation Agency (BRIN) @brin_indonesia 

As Indonesia advances its peaceful nuclear programme, including preparations for its first Nuclear Power Plant, we remain committed to the highest standards of nuclear safety, security, and safeguards.

Indonesia also underscored the importance of preserving the credibility of the global nuclear regime through stronger non-proliferation, meaningful progress on nuclear disarmament, and respect for the right of all States to peaceful uses of nuclear energy.

At a time of heightened geopolitical tensions, our message is clear: peaceful nuclear facilities must never be targets of attack, and nuclear safety, security, and safeguards must be upheld at all times.

Nuclear technology must remain a force for peace and development <U+2014> for Indonesia and for all. <U+0001F1EE><U+0001F1E9><U+269B><U+FE0F><U+0001F30F>

#Indonesia #IAEA #IAEAGC70 #NuclearEnergy #PeacefulUses"
"3994754029888318840","DdwN6AEja14","https://www.instagram.com/p/DdwN6AEja14/","2026-09-26 14:10:11",2026,"inainvienna",TRUE,FALSE,"Sidecar","carousel_container","de",173,"D","D4","","R3-residual",0,0,0,"","","","United Nations; PBB","D","D","D",2,2,"#241A1C",FALSE,"<U+0001F4CD> New York, 24. September

UN-Konvention gegen Cyberkriminalit<U+00E4>t unterzeichnet: Indonesiens globales Engagement im Kampf gegen Cyberkriminalit<U+00E4>t

Der Au<U+00DF>enminister hat im Namen der Regierung der Republik Indonesien die United Nations Convention against Cybercrime unterzeichnet.

<U+0001F310> Die erste UN-Konvention zur globalen Pr<U+00E4>vention und Bek<U+00E4>mpfung von Cyberkriminalit<U+00E4>t.

<U+0001F1EE><U+0001F1E9> Indonesien spielte eine aktive Rolle bei den Verhandlungen und fungierte <U+00FC>ber die indonesische Vertretung in Wien als Rapporteur.

<U+0001F6E1><U+FE0F> Die Konvention st<U+00E4>rkt die internationale Zusammenarbeit bei der Bek<U+00E4>mpfung und strafrechtlichen Verfolgung von Cyberkriminalit<U+00E4>t, darunter:
<U+0001F6AB> Online-Betrug
<U+0001F6AB> Online-Gl<U+00FC>cksspiel
<U+0001F6AB> Kinderpornografie

<U+0001F4CC> Die indonesische Regierung bereitet derzeit den Ratifizierungsprozess sowie die Umsetzung der Konvention in nationales Recht vor.

<U+2014><U+2014><U+2014>

Konvensi Siber PBB: Langkah Global Indonesia Lawan Kejahatan Siber

New York, 24. September 

Menteri Luar Negeri mewakili Pemerintah RI telah menandatangani United Nations Convention against Cybercrime

<U+0001F310> Konvensi pertama PBB mengatur pencegahan & pemberantasan kejahatan siber global

<U+0001F1EE><U+0001F1E9>Peran aktif Indonesia dlm negosiasi dan sbg rapporteur melalui Perwakilan RI di Wina

<U+0001F6E1><U+FE0F>perluas kerja sama internasional dlm memberantas dan kriminalisasi kejahatan siber al:
<U+0001F6AB> online scam
<U+0001F6AB> Perjudian daring
<U+0001F6AB> Pornografi anak

<U+0001F4CC> Pemerintah RI tengah mempersiapkan proses ratifikasi & implementasi Konvensi dalam kerangka hukum nasional."
"3996893336849708467","Dd30VA8DXWz","https://www.instagram.com/p/Dd30VA8DXWz/","2026-09-29 13:00:36",2026,"inainvienna",TRUE,FALSE,"Sidecar","carousel_container","mixed",160,"D","D6","","R3-residual",0,0,0,"","","","","D","D","D",2,2,"#F5F2F0",FALSE,"<U+0001F1EE><U+0001F1E9><U+0001F1FA><U+0001F1F3>Indonesien hat das weltweit erste globale Abkommen gegen Cyberkriminalit<U+00E4>t mitgestaltet.

Am 24. September 2026 unterzeichnete Indonesiens Au<U+00DF>enminister Sugiono im UN-Hauptquartier in New York das <U+00DC>bereinkommen der Vereinten Nationen gegen Cyberkriminalit<U+00E4>t - die Hanoi-Konvention.

In einem Gastbeitrag in The Jakarta Post erl<U+00E4>utern der indonesische Botschafter in Wien, Dr. iur. Damos Dumoli Agusman, und Indra Rosandry, warum das Abkommen f<U+00FC>r Indonesien wichtig ist: schnellere grenz<U+00FC>berschreitende Zusammenarbeit, ein besserer Umgang mit elektronischen Beweismitteln und R<U+00FC>ckenwind f<U+00FC>r einen eigenen nationalen Rechtsrahmen.

Den Gastbeitrag lesen Sie in The Jakarta Post <U+0001F517>

<U+0001F517>  https://www.thejakartapost.com/opinion/2026/09/28/indonesia-cant-afford-to-sit-out-the-first-cybercrime-treaty

#KBRIWina #PTRIWina #HanoiConvention #Cybercrime #Cybersicherheit

<U+2014><U+2014>

Indonesia helped shape the world<U+2019>s first global treaty on cybercrime.

On 24 September 2026, Indonesia<U+2019>s Foreign Minister Sugiono signed the UN Convention against Cybercrime - the Hanoi Convention - at UN Headquarters in New York.

Writing in The Jakarta Post, Indonesia<U+2019>s Ambassador in Vienna, Dr. iur. Damos Dumoli Agusman, and Indra Rosandry explain why it matters: faster cross-border cooperation, stronger handling of electronic evidence, and momentum for Indonesia<U+2019>s own legal framework.

Read the op-ed in The Jakarta Post <U+0001F517> https://www.thejakartapost.com/opinion/2026/09/28/indonesia-cant-afford-to-sit-out-the-first-cybercrime-treaty"
"3997423892231254176","Dd5s9nJGnCg","https://www.instagram.com/p/Dd5s9nJGnCg/","2026-09-30 06:34:43",2026,"bipakemdikbud",FALSE,FALSE,"Sidecar","carousel_container","id",164,"A","A2","","max",9,0,0,"budaya; tari; BIPA; bahasa indonesia","","","","A","A","A",5,2,"#586A98",FALSE,"Halo, Sobat BIPA!

Program pembelajaran bahasa Indonesia di Universitas Wina (University of Vienna), Austria resmi dimasukkan ke dalam kurikulum universitas sejak tahun 2018 melalui kerja sama antara Badan Bahasa Kementerian Pendidikan Dasar dan Menengah RI, KBRI Wina, dan Departemen Antropologi, Sosial, dan Budaya. Badan Bahasa memfasilitasi penyediaan pengajar dalam program tersebut.

Pada tahun 2026, Badan Bahasa kembali memberikan fasilitasi penyediaan Pengajar BIPA untuk Universitas Wina dan KBRI Wina. Pengajar yang akan bertugas di dua lembaga tersebut ialah Ning Idja Jasman dan Sarlita Dewi Matra.

Pada 30 September 2026, Kepala Badan Bahasa, Hafidz Muksin memberikan arahan prakeberangkatan kepada para pengajar yang akan bertugas tersebut. Dalam arahannya, Kepala Badan Bahasa berharap rencana program yang sudah dibuat dapat dilaksanakan dengan baik. Kepala Badan Bahasa juga menekankan bahwa selain melaksanakan pembelajaran BIPA, para pengajar juga dapat mempromosikan budaya Indonesia seperti tari tradisional atau membatik. 

Dalam acara tersebut hadir juga Kepala Pusat Pemberdayaan Bahasa dan Sastra dan tim kerja BIPA. Penugasan pengajar BIPA untuk Austria akan berlangsung sampai dengan bulan Desember pada tahun 2026."
"3998443529881642143","Dd9UzStDeSf","https://www.instagram.com/p/Dd9UzStDeSf/","2026-10-01 16:20:34",2026,"inainvienna",TRUE,FALSE,"Sidecar","carousel_container","de",24,"D","D6","","R3-residual",0,0,0,"","","","","D","D","D",2,2,"#F9F9FA",FALSE,"Die Botschaft der Republik Indonesien in Wien w<U+00FC>nscht S.E. Arrmanatha C. Nasir @arrmanathanasir die herzlichsten Gl<U+00FC>ckw<U+00FC>nsche zur <U+00DC>bernahme seines neuen Amtes als Au<U+00DF>enminister der Republik Indonesien aus.

#IniDiplomasi"
